tree
version=v4
num_class=1
num_tree_per_iteration=1
label_index=0
max_feature_idx=70
objective=binary sigmoid:1
feature_names=amount_(INR) hour_of_day is_weekend is_night_transaction is_high_amount transaction_type_Bill_Payment transaction_type_P2M transaction_type_P2P transaction_type_Recharge merchant_category_Education merchant_category_Entertainment merchant_category_Food merchant_category_Fuel merchant_category_Grocery merchant_category_Healthcare merchant_category_Other merchant_category_Shopping merchant_category_Transport merchant_category_Utilities transaction_status_FAILED transaction_status_SUCCESS sender_age_group_18-25 sender_age_group_26-35 sender_age_group_36-45 sender_age_group_46-55 sender_age_group_56+ receiver_age_group_18-25 receiver_age_group_26-35 receiver_age_group_36-45 receiver_age_group_46-55 receiver_age_group_56+ sender_state_Andhra_Pradesh sender_state_Delhi sender_state_Gujarat sender_state_Karnataka sender_state_Maharashtra sender_state_Rajasthan sender_state_Tamil_Nadu sender_state_Telangana sender_state_Uttar_Pradesh sender_state_West_Bengal sender_bank_Axis sender_bank_HDFC sender_bank_ICICI sender_bank_IndusInd sender_bank_Kotak sender_bank_PNB sender_bank_SBI sender_bank_Yes_Bank receiver_bank_Axis receiver_bank_HDFC receiver_bank_ICICI receiver_bank_IndusInd receiver_bank_Kotak receiver_bank_PNB receiver_bank_SBI receiver_bank_Yes_Bank device_type_Android device_type_Web device_type_iOS network_type_3G network_type_4G network_type_5G network_type_WiFi day_of_week_Friday day_of_week_Monday day_of_week_Saturday day_of_week_Sunday day_of_week_Thursday day_of_week_Tuesday day_of_week_Wednesday
feature_infos=[10:42099] [0:23] [0:1] [0:1] [0:1] [0:1] [0:1] [0:1] [0:1] [0:1] [0:1] [0:1] [0:1] [0:1] [0:1] [0:1] [0:1] [0:1] [0:1] [0:1] [0:1] [0:1] [0:1] [0:1] [0:1] [0:1] [0:1] [0:1] [0:1] [0:1] [0:1] [0:1] [0:1] [0:1] [0:1] [0:1] [0:1] [0:1] [0:1] [0:1] [0:1] [0:1] [0:1] [0:1] [0:1] [0:1] [0:1] [0:1] [0:1] [0:1] [0:1] [0:1] [0:1] [0:1] [0:1] [0:1] [0:1] [0:1] [0:1] [0:1] [0:1] [0:1] [0:1] [0:1] [0:1] [0:1] [0:1] [0:1] [0:1] [0:1] [0:1]
tree_sizes=1739 1748 1763 1765 1744 1771 1754 1769 1779 1781 1776 1782 1776 1787 1775 1781 1785 1792 1765 1779 1769 1772 1779 1786 1791 1770 1781 1800 1774 1774 1771 1785 1800 1774 1782 1774 1784 1786 1791 1791 1778 1801 1792 1793 1803 1820 1810 1789 1786 1830 1792 1793 1780 1779 1795 1789 1788 1792 1821 1802 1805 1795 1793 1784 1793 1788 1813 1795 1782 1794 1830 1793 1806 1792 1816 1818 1784 1809 1798 1810 1798 1787 1798 1805 1789 1801 1793 1804 1794 1775 1812 1816 1790 1826 1806 1800 1820 1803 1820 1833 1796 1799 1814 1827 1808 1782 1784 1798 1845 1787 1804 1814 1809 1792 1793 1804 1796 1822 1809 1801 1817 1803 1836 1799 1808 1801 1808 1810 1819 1795 1840 1823 1788 1804 1796 1806 1817 1808 1795 1813 1818 1810 1811 1807 1797 1799 1817 1803 1804 1816 1797 1813 1831 1826 1827 1828 1794 1797 1807 1816 1823 1824 1786 1812 1799 1801 1790 1805 1828 1805 1819 1827 1792 1811 1816 1797 1821 1820 1823 1840 1821 1807 1818 1800 1805 1835 1787 1791 1804 1836 1819 1797 1815 1812 1819 1799 1813 1817 1857 1792 1804 1807 1820 1798 1792 1773

Tree=0
num_leaves=15
num_cat=0
split_feature=4 3 58 0 63 0 0 3 0 1 1 11 0 0
split_gain=117210 45838.2 6262.52 2871.88 2529.27 2506.2 2511.31 2622.46 1552.62 1354.64 1010.53 914.924 830.49 698.666
threshold=1.0000000180025095e-35 1.0000000180025095e-35 1.0000000180025095e-35 2514.5000000000005 1.0000000180025095e-35 9574.5000000000018 4679.5000000000009 1.0000000180025095e-35 2514.5000000000005 22.500000000000004 21.500000000000004 1.0000000180025095e-35 2465.5000000000005 2514.5000000000005
decision_type=2 2 2 2 2 2 2 2 2 2 2 2 2 2
left_child=1 2 4 9 8 6 -2 11 -1 10 -3 -8 -4 -6
right_child=5 3 12 -5 13 -7 7 -9 -10 -11 -12 -13 -14 -15
leaf_value=-1.1165774640605677 -0.89827385638446633 -0.95781699074801097 -1.0226960624046537 -1.163400793417201 -1.0675243812577828 -0.90297642752636587 -1.0025031741456327 -0.91125874581465327 -1.162271257750531 -1.0064880947474286 -0.8975549107637818 -0.89881354489557908 -1.1538822819156016 -1.1606865328234997
leaf_weight=21593.950547933578 2080.793940782547 4641.6848112344742 2227.7726449370384 176.57227939367294 3061.9594042897224 9852.0965144634247 2567.2097116112709 1468.9929367303848 2033.4724919199944 1251.5758836865425 825.68102288246155 232.1358237862587 126.83994698524475 214.47277361154556
leaf_count=101501 3726 11998 7684 941 12391 18269 8164 2884 10797 4046 1469 415 660 1135
internal_value=-1.03054 -1.08063 -1.10796 -0.964666 -1.1148 -0.918792 -0.94336 -0.96538 -1.12051 -0.959434 -0.948681 -0.993837 -1.02978 -1.07364
internal_weight=52355.2 36154 29258.5 6895.51 26903.9 16201.2 6349.13 4268.34 23627.4 6718.94 5467.37 2799.35 2354.61 3276.43
internal_count=186080 152622 134168 18454 125824 33458 15189 11463 112298 17513 13467 8579 8344 13526
is_linear=0
shrinkage=1


Tree=1
num_leaves=15
num_cat=0
split_feature=3 1 58 63 1 57 1 1 1 63 57 1 1 1
split_gain=58053.9 3567.72 3420.39 1421.84 1020.5 988.281 492.366 251.808 44.6392 28.6663 15.5329 6.92599 2.60103 0.834974
threshold=1.0000000180025095e-35 21.500000000000004 1.0000000180025095e-35 1.0000000180025095e-35 22.500000000000004 1.0000000180025095e-35 21.500000000000004 1.5000000000000002 1.0000000180025095e-35 1.0000000180025095e-35 1.0000000180025095e-35 6.5000000000000009 4.5000000000000009 9.5000000000000018
decision_type=2 2 2 2 2 2 2 2 2 2 2 2 2 2
left_child=1 2 3 5 6 -1 7 8 -2 11 -5 -4 -9 -11
right_child=4 -3 9 10 -6 -7 -8 12 -10 13 -12 -13 -14 -15
leaf_value=0.039490878622224626 0.1299864721017179 -0.064980335167853953 0.10267527467605531 0.059714732091356984 0.11475166628149064 0.018206344093595155 0.17306122337989413 0.15313543783738498 0.14169480767265361 0.10872845986610431 0.052187383682177083 0.079750772076410639 0.1482806880497157 0.093234872064166557
leaf_weight=7082.8906121104956 2004.8140388131142 986.78138978779316 44.958058834075928 944.29596032202244 2405.3353348076344 23720.148734495044 2047.4155260324478 5010.8975045233965 1796.9003483355045 54.344247967004776 3334.0844040960073 2644.9392280131578 1673.7621495425701 305.43786893785
leaf_count=27234 4576 5264 126 3293 6164 97969 3328 9840 3809 147 11966 8289 3398 902
internal_value=0.0608644 0.0288418 0.0312714 0.0268545 0.144707 0.0231017 0.150447 0.146015 0.135556 0.0820547 0.0538623 0.0801719 0.151942 0.09587
internal_weight=54057 39117.9 38131.1 35081.4 14939.1 30803 12533.8 10486.4 3801.71 3049.68 4278.38 2689.9 6684.66 359.782
internal_count=186305 155190 149926 140462 31115 125203 24951 21623 8385 9464 15259 8415 13238 1049
is_linear=0
shrinkage=0.05


Tree=2
num_leaves=15
num_cat=0
split_feature=4 3 58 0 63 0 0 16 0 3 1 0 0 1
split_gain=88270.7 33007.1 5001.69 2228.97 2168.02 1481.88 1846.76 1584.57 1478.43 891.259 839.829 668.088 618.55 612.136
threshold=1.0000000180025095e-35 1.0000000180025095e-35 1.0000000180025095e-35 2514.5000000000005 1.0000000180025095e-35 9134.5000000000018 4679.5000000000009 1.0000000180025095e-35 2514.5000000000005 1.0000000180025095e-35 22.500000000000004 2465.5000000000005 2514.5000000000005 21.500000000000004
decision_type=2 2 2 2 2 2 2 2 2 2 2 2 2 2
left_child=1 2 4 10 8 6 -2 -8 -1 -9 13 -4 -6 -3
right_child=5 3 11 -5 12 -7 7 9 -10 -11 -12 -13 -14 -15
leaf_value=-0.019660444838463065 0.16359616042211989 0.10921151605056351 0.061243463935494437 -0.067484213022241557 0.024747398929717484 0.15764387733921004 0.12602633594043502 0.028121480047947074 -0.064780101447757962 0.12940759833668802 0.072590626551309087 -0.058033279373614126 -0.063335752922305796 0.1530228321316271
leaf_weight=21643.342495396733 2351.7312144190073 5282.4103151410818 2406.8485156446695 184.53785742819309 3189.0337748676538 11495.983212321997 3223.4224587380886 787.05220152437687 1981.1099853366613 299.41084939241409 1372.7720055878162 122.65435068309307 211.64684982597828 947.70580494403839
leaf_count=101735 3737 12041 7742 952 12403 18962 7194 2938 10778 572 4039 633 1128 1439
internal_value=0.0563225 0.0123507 -0.0117803 0.103922 -0.0180737 0.146747 0.127922 0.108423 -0.0234467 0.0561276 0.10809 0.0554391 0.0192484 0.115899
internal_weight=55499.7 37342.1 29554.6 7787.43 27025.1 18157.6 6661.62 4309.89 23624.5 1086.46 7602.89 2529.5 3400.68 6230.12
internal_count=186293 152890 134419 18471 126044 33403 14441 10704 112513 3510 17519 8375 13531 13480
is_linear=0
shrinkage=0.05


Tree=3
num_leaves=15
num_cat=0
split_feature=4 3 58 0 0 63 9 16 0 0 1 18 3 0
split_gain=73938.6 28925.3 4535.25 1930.14 1890.27 1866.29 1458.05 1332.23 960.276 952.365 749.593 637.42 637.275 619.496
threshold=1.0000000180025095e-35 1.0000000180025095e-35 1.0000000180025095e-35 2465.5000000000005 2514.5000000000005 1.0000000180025095e-35 1.0000000180025095e-35 1.0000000180025095e-35 11146.500000000002 4679.5000000000009 22.500000000000004 1.0000000180025095e-35 1.0000000180025095e-35 2514.5000000000005
decision_type=2 2 2 2 2 2 2 2 2 2 2 2 2 2
left_child=1 2 3 5 10 -1 7 11 9 -9 -3 -2 -8 -4
right_child=6 4 13 -5 -6 -7 12 8 -10 -11 -12 -13 -14 -15
leaf_value=-0.01903149442911976 0.14597665003793125 0.10589355982479293 0.057071259728726564 -0.062225389992370587 -0.066315105552953946 0.02192079179580194 0.048967859829670911 0.14480094457563597 0.13919817953593225 0.061879539007058976 0.065238795126764879 0.11673621480128493 0.12747980300913131 -0.060439299182933649
leaf_weight=21264.398186773062 12815.074900001287 6530.6039042323828 2458.9783589988947 2233.1437488645315 176.54024365544319 3199.9276309609413 730.49494144320488 461.86210905015469 1270.1786078363657 1389.3841994255781 1379.6338784694672 2212.1807337701321 400.97778540849686 116.726920992136
leaf_count=100995 19616 13540 7695 12472 941 12360 2195 693 2009 4114 3973 4340 661 626
internal_value=0.0525403 0.0115004 -0.0116241 -0.0177376 0.0951995 -0.0136743 0.13206 0.135496 0.105689 0.0826344 0.0988121 0.14168 0.0768794 0.0517245
internal_weight=56640.1 37360 29273.2 26697.5 8086.78 24464.3 19280.2 18148.7 3121.42 1851.25 7910.24 15027.3 1131.47 2575.71
internal_count=186230 152602 134148 125827 18454 113355 33628 30772 6816 4807 17513 23956 2856 8321
is_linear=0
shrinkage=0.05


Tree=4
num_leaves=15
num_cat=0
split_feature=4 1 1 58 0 9 0 0 0 0 0 1 1 0
split_gain=62444.8 15941 3834.59 4026.15 1958.55 1209.91 1098.33 860.621 1200.39 743.648 549.981 506.33 329.192 346.39
threshold=1.0000000180025095e-35 5.5000000000000009 21.500000000000004 1.0000000180025095e-35 2514.5000000000005 1.0000000180025095e-35 2514.5000000000005 7906.5000000000009 4679.5000000000009 2514.5000000000005 2514.5000000000005 5.5000000000000009 5.5000000000000009 4515.5000000000009
decision_type=2 2 2 2 2 2 2 2 2 2 2 2 2 2
left_child=1 6 3 4 -3 7 -1 8 -2 -4 -5 -10 -7 -14
right_child=5 2 9 10 -6 12 -8 -9 11 -11 -12 -13 13 -15
leaf_value=0.090791387543780355 0.13383231151556896 -0.010931745479425076 0.052135756486198365 0.055040076786159631 -0.062670684094446413 0.11744783832173232 -0.065202413122384104 0.13065290474114255 0.12205501055156467 -0.062484960112770341 -0.059177473148146913 0.076393480024079863 0.1408559754285108 0.043763060964156844
leaf_weight=5629.3983558118343 2460.9774764925241 23654.843100607395 3267.4275118559599 2500.9171279370785 1981.4848398715258 284.78409130871296 114.47505483031273 13082.004098474979 808.09316222369671 147.09705394506454 109.24147824943066 2491.2015178054571 103.71648621559143 769.42455638945103
leaf_count=11960 3541 109501 9957 7564 11494 452 628 19507 1280 865 603 6371 152 2266
internal_value=0.0491785 0.011045 -0.00285874 -0.00890916 -0.014933 0.120493 0.0876716 0.123544 0.107378 0.0471811 0.050239 0.0876109 0.0707818 0.0554442
internal_weight=57405.1 37404.9 31661 28246.5 25636.3 20000.2 5743.87 18842.3 5760.27 3414.52 2610.16 3299.29 1157.93 873.141
internal_count=186141 152572 139984 129162 120995 33569 12588 30699 11192 10822 8167 7651 2870 2418
is_linear=0
shrinkage=0.05


Tree=5
num_leaves=15
num_cat=0
split_feature=4 3 57 63 0 0 59 0 0 16 9 3 0 1
split_gain=54142.4 21981 3518.8 1773.15 1433.69 1348.69 1200.59 992.519 964.473 1089.91 1163.8 768.314 713.433 543.383
threshold=1.0000000180025095e-35 1.0000000180025095e-35 1.0000000180025095e-35 1.0000000180025095e-35 2514.5000000000005 2514.5000000000005 1.0000000180025095e-35 10575.000000000002 4679.5000000000009 1.0000000180025095e-35 1.0000000180025095e-35 1.0000000180025095e-35 2465.5000000000005 22.500000000000004
decision_type=2 2 2 2 2 2 2 2 2 2 2 2 2 2
left_child=1 2 5 12 13 6 -1 8 -2 10 -10 -11 -4 -3
right_child=7 4 3 -5 -6 -7 -8 -9 9 11 -12 -13 -14 -15
leaf_value=0.049216280428423062 0.12335747398234753 0.089853019600250203 -0.024763245029898216 0.015946497136882048 -0.064256083883399304 -0.061233870251932367 0.0080202339201608866 0.12054703730490396 0.10779452166147191 0.024623771873769879 0.028227995281263064 0.10550740682096003 -0.06124443596460754 0.056048532797421946
leaf_weight=2570.0992232859135 2663.4191471040249 6846.9479172080755 16078.622199431062 2667.1229653954506 165.73171123862267 531.44676126539707 5667.6841290295124 11867.339140489697 4110.4890154898167 991.87257286906242 518.37168738245964 416.60205309092999 1461.6975298523903 1446.525063931942
leaf_count=7696 3727 13542 79166 10589 946 3147 24775 17022 7218 3293 1595 711 8802 4006
internal_value=0.0459554 0.010148 -0.0105536 -0.0220313 0.0810532 0.0158947 0.0208774 0.111125 0.0982608 0.0871706 0.0988921 0.0486056 -0.0278067 0.0839644
internal_weight=58004 37435.9 28976.7 20207.4 8459.2 8769.23 8237.78 20568.1 8700.75 6037.34 4628.86 1408.47 17540.3 8293.47
internal_count=186235 152669 134175 98557 18494 35618 32471 33566 16544 12817 8813 4004 87968 17548
is_linear=0
shrinkage=0.05


Tree=6
num_leaves=15
num_cat=0
split_feature=4 1 1 57 63 0 9 16 0 0 0 0 18 0
split_gain=46955.2 12629.8 3116.93 3218.1 1526.14 1255.04 945.201 888.476 830.558 655.946 637.714 587.396 508.2 362.537
threshold=1.0000000180025095e-35 5.5000000000000009 21.500000000000004 1.0000000180025095e-35 1.0000000180025095e-35 2514.5000000000005 1.0000000180025095e-35 1.0000000180025095e-35 2514.5000000000005 11773.500000000002 4679.5000000000009 2514.5000000000005 1.0000000180025095e-35 11773.500000000002
decision_type=2 2 2 2 2 2 2 2 2 2 2 2 2 2
left_child=1 8 3 5 -5 -3 7 12 -1 10 -9 -4 -2 -14
right_child=6 2 11 4 -6 -7 -8 9 -10 -11 -12 -13 13 -15
leaf_value=0.078249020113511383 0.11459275482537648 0.021734003565143767 0.045523809172065 -0.025340081932146929 0.015703993073391719 -0.060300710397228202 0.059937408656778615 0.11316289760178536 -0.063252813550757417 0.11004844964780135 0.049071015974444111 -0.060783208201189542 0.073372336655211631 0.1131337766702401
leaf_weight=5988.6309343874454 13906.586749479175 8097.9406153559685 3389.7455002814531 16686.500808432698 2619.7858873903751 493.75949902832508 1182.2589040100574 517.80935150384903 104.82593107223511 1343.4011504799128 1556.0595019906759 134.28375439345837 1424.0523883551359 972.40261253714561
leaf_count=12144 19435 31387 10027 84570 10284 3021 2829 712 617 1920 4243 847 2940 1372
internal_value=0.0433932 0.00993185 -0.00284445 -0.0084418 -0.01977 0.0170131 0.103445 0.106051 0.0758048 0.0828096 0.0651205 0.0414569 0.110917 0.0895467
internal_weight=58418 37515.5 31422 27898 19306.3 8591.7 20902.6 19720.3 6093.46 3417.27 2073.87 3524.03 16303 2396.46
internal_count=186348 152897 140136 129262 94854 34408 33451 30622 12761 6875 4955 10874 23747 4312
is_linear=0
shrinkage=0.05


Tree=7
num_leaves=15
num_cat=0
split_feature=3 1 58 63 57 1 1 1 1 63 57 57 1 15
split_gain=23344 2891.75 1581.86 794.477 586.892 380.305 394.363 151.54 29.8008 24.7117 15.1162 9.9775 7.61257 4.31714
threshold=1.0000000180025095e-35 21.500000000000004 1.0000000180025095e-35 1.0000000180025095e-35 1.0000000180025095e-35 22.500000000000004 21.500000000000004 1.0000000180025095e-35 1.5000000000000002 1.0000000180025095e-35 1.0000000180025095e-35 1.0000000180025095e-35 6.5000000000000009 1.0000000180025095e-35
decision_type=2 2 2 2 2 2 2 2 2 2 2 2 2 2
left_child=1 2 3 4 -1 6 7 -2 -9 12 -5 -7 -4 -11
right_child=5 -3 9 10 -6 11 -8 8 -10 13 -12 -13 -14 -15
leaf_value=0.028347618926817204 0.076520829039642385 -0.06499940747739219 0.073809641707681992 0.043678378444952703 0.01226598293642739 0.076944325843908756 0.10979062662261968 0.085138969770780976 0.092085452854938729 0.06740700179090113 0.036663174208536924 0.069618486848545019 0.052264268609279824 0.045670153602310193
leaf_weight=7419.1997402906418 2407.5305096060038 978.1223432123661 46.708655416965485 1022.454629316926 24115.646023660898 762.36217640340328 2488.9265668988228 2179.7638736367226 8008.8944673538208 390.69534096121788 3612.7003940045834 2104.6072218567133 2994.5279471874237 33.823910012841225
leaf_count=27225 4559 5281 112 3291 98027 1608 3358 3820 13142 979 11901 4618 8182 95
internal_value=0.0408771 0.0198889 0.0219853 0.0188923 0.0160503 0.0883559 0.0915369 0.0879216 0.0906078 0.0542507 0.0382197 0.0715927 0.0526193 0.0657865
internal_weight=58566 40613.9 39635.8 36170 31534.8 17952.1 15085.1 12596.2 10188.7 3465.76 4635.16 2866.97 3041.24 424.519
internal_count=186198 155093 149812 140444 125252 31105 24879 21521 16962 9368 15192 6226 8294 1074
is_linear=0
shrinkage=0.05


Tree=8
num_leaves=15
num_cat=0
split_feature=1 1 57 61 58 1 61 1 1 9 23 49 57 1
split_gain=12792.3 3646.97 1399.44 569.577 495.492 139.583 67.3671 53.0267 25.7488 13.1524 10.9758 8.91451 6.90992 6.70242
threshold=5.5000000000000009 21.500000000000004 1.0000000180025095e-35 1.0000000180025095e-35 1.0000000180025095e-35 1.5000000000000002 1.0000000180025095e-35 22.500000000000004 1.0000000180025095e-35 1.0000000180025095e-35 1.0000000180025095e-35 1.0000000180025095e-35 1.0000000180025095e-35 4.5000000000000009
decision_type=2 2 2 2 2 2 2 2 2 2 2 2 2 2
left_child=5 2 4 10 6 8 -2 -3 -1 -5 -4 -6 -9 -7
right_child=1 7 3 9 11 13 -8 12 -10 -11 -12 -13 -14 -15
leaf_value=0.072412977081001764 0.033873639632692361 0.05771792505436682 0.023916572285004198 0.0088612410120060669 0.050061743194954447 0.088079533491304748 0.02490727021632486 0.071639970505445183 0.080189216397788157 0.00063013618398284729 0.020385067853104757 0.058640470115375432 0.065401655337295236 0.084087257485723405
leaf_weight=2445.1554794460535 3655.595107421279 3400.1903615295887 9020.719934925437 15342.924775376916 3135.9348218739033 6077.9019803404808 4960.4134459495544 760.20653404295444 2206.3857502937317 501.33557415008545 2983.7247802615166 378.01644326746464 2110.0629174262285 2038.4300907552242
leaf_count=4579 12614 8525 33699 62614 8369 9777 18097 1586 3837 1966 11301 961 4578 3402
internal_value=0.0387944 0.0265623 0.0210006 0.0148258 0.0351748 0.0830973 0.028715 0.0620126 0.076118 0.00860085 0.0230406 0.051001 0.0670783 0.0870873
internal_weight=59017 46249.1 39978.7 27848.7 12130 12767.9 8616.01 6270.46 4651.54 15844.3 12004.4 3513.95 2870.27 8116.33
internal_count=185905 164310 149621 109580 40041 21595 30711 14689 8416 64580 45000 9330 6164 13179
is_linear=0
shrinkage=0.05


Tree=9
num_leaves=15
num_cat=0
split_feature=0 3 57 0 63 0 58 16 9 18 1 1 9 1
split_gain=31647.1 14861.3 2592.3 1367.61 1325.46 955.691 855.673 468.644 478.611 572.113 421.358 668.179 420.451 397.856
threshold=5399.5000000000009 1.0000000180025095e-35 1.0000000180025095e-35 2566.5000000000005 1.0000000180025095e-35 7906.5000000000009 1.0000000180025095e-35 1.0000000180025095e-35 1.0000000180025095e-35 1.0000000180025095e-35 22.500000000000004 21.500000000000004 1.0000000180025095e-35 21.500000000000004
decision_type=2 2 2 2 2 2 2 2 2 2 2 2 2 2
left_child=1 2 6 4 -4 7 13 8 9 -2 11 -3 -7 -1
right_child=5 10 3 -5 -6 12 -8 -9 -10 -11 -12 -13 -14 -15
leaf_value=0.0094040015986557434 0.10219517113902253 0.064597441770260985 -0.024058749177627389 0.016762764238977726 0.014225662249169347 0.10000805747555488 0.038906649682806493 0.032376198716418621 0.016050797081212237 0.03626022070871792 0.043960075454278644 0.10440740361513356 0.059890475289191052 -0.06423195443562002
leaf_weight=6778.8830949515104 1462.6684797853231 7035.3531377464533 16015.203405529261 3191.3348699957132 2631.7058140337467 13930.400381326675 3123.2227358371019 744.09535023570061 269.50400032103062 426.31080016493797 1818.7453772127628 1243.0796915888786 690.82032652199268 187.5485747307539
leaf_count=27426 2171 13720 79828 12242 9785 19504 8810 2130 805 1062 4651 1665 1501 1022
internal_value=0.0364649 0.0129266 -0.00379485 -0.0134787 -0.0186551 0.0929098 0.0171644 0.0666555 0.0784521 0.0873418 0.0657958 0.0705871 0.0981168 0.00741266
internal_weight=59548.9 42025.1 31927.9 21838.2 18646.9 17523.8 10089.7 2902.58 2158.48 1888.98 10097.2 8278.43 14621.2 6966.43
internal_count=186322 159149 139113 101855 89613 27173 37258 6168 4038 3233 20036 15385 21005 28448
is_linear=0
shrinkage=0.05


Tree=10
num_leaves=15
num_cat=0
split_feature=0 3 58 0 63 0 3 16 9 9 11 0 3 16
split_gain=28504.5 13473.5 2377 1297.83 1276.56 878.595 436.037 432.739 513.124 430.292 395.8 199.439 141.141 134.126
threshold=5399.5000000000009 1.0000000180025095e-35 1.0000000180025095e-35 2514.5000000000005 1.0000000180025095e-35 7906.5000000000009 1.0000000180025095e-35 1.0000000180025095e-35 1.0000000180025095e-35 1.0000000180025095e-35 1.0000000180025095e-35 13575.500000000002 1.0000000180025095e-35 1.0000000180025095e-35
decision_type=2 2 2 2 2 2 2 2 2 2 2 2 2 2
left_child=1 2 3 4 -1 6 7 8 -2 13 -5 12 -11 -7
right_child=5 -3 -4 10 -6 9 -8 -9 -10 11 -12 -13 -14 -15
leaf_value=-0.017435540988207283 0.076362282569186674 0.062243055574545438 0.037369459154538293 0.013501950490501383 0.015598358358768114 0.097024868476482395 0.088566401802293915 0.010072768723361712 -0.013028375458177532 0.0054950664430130003 0.082849418709957282 0.079366242198548514 0.078389153144450718 0.082668337885529297
leaf_weight=20930.7285695225 1122.7199664562941 10197.893962204456 3155.4824456721544 4072.3191989213228 3398.7423208653927 12006.2977771312 1053.4135482758284 530.97832602262497 186.98463086783886 234.59003613889217 215.7699578255415 385.39660331606865 91.720541998744011 1939.7246956974268
leaf_count=101623 2134 20108 8774 15795 12438 16333 1557 1755 661 717 445 682 150 3154
internal_value=0.0346177 0.0122415 -0.00380853 -0.00835013 -0.0128204 0.0881213 0.0629011 0.0481729 0.0635999 0.0930962 0.0170099 0.0550432 0.0261613 0.0950341
internal_weight=59522.8 41970.9 31773 28617.6 24329.5 17551.8 2894.1 1840.68 1309.7 14657.7 4288.09 711.707 326.311 13946
internal_count=186326 159183 139075 130301 114061 27143 6107 4550 2795 21036 16240 1549 867 19487
is_linear=0
shrinkage=0.05


Tree=11
num_leaves=15
num_cat=0
split_feature=4 3 57 63 0 0 0 9 16 58 0 0 18 1
split_gain=34460.4 12160.7 2250.82 1169.86 1101.13 1089.86 762.303 663.563 732.571 604.184 468.952 601.444 387.103 358.07
threshold=1.0000000180025095e-35 1.0000000180025095e-35 1.0000000180025095e-35 1.0000000180025095e-35 2514.5000000000005 2514.5000000000005 2465.5000000000005 1.0000000180025095e-35 1.0000000180025095e-35 1.0000000180025095e-35 12392.500000000002 4679.5000000000009 1.0000000180025095e-35 22.500000000000004
decision_type=2 2 2 2 2 2 2 2 2 2 2 2 2 2
left_child=1 2 5 6 13 9 -4 8 12 -1 11 -10 -2 -3
right_child=7 4 3 -5 -6 -7 -8 -9 10 -11 -12 -13 -14 -15
leaf_value=0.0044582715443372131 0.093657170609190474 0.062637943503861759 -0.022284679632290069 0.0092340655711483921 -0.066655873550635514 -0.061209395939487127 -0.060314878691773169 0.048115056876482959 0.098011181485192653 0.032643787365517353 0.08949670483162947 0.036907608910100885 0.072032839881143715 0.036395616860803309
leaf_weight=5940.2722510695457 14231.393554002047 7239.4868802577257 15571.42156869173 2825.5130107998848 180.23800945281982 516.34616999328136 1439.0223075449467 1222.3081117272377 527.77287028729916 2795.6512725502253 1274.5489556193352 1700.85312718153 2444.7338230609894 1590.5525861829519
leaf_count=24899 19616 13408 79313 10646 952 3102 8849 2815 719 7774 1795 4370 4287 3991
internal_value=0.0331843 0.00466431 -0.0110579 -0.0205566 0.0554166 0.0093064 -0.0255053 0.083952 0.0861203 0.0134808 0.0652919 0.0514153 0.0904915 0.0579156
internal_weight=59500.1 38098.5 29088.2 19836 9010.28 9252.27 17010.4 21401.6 20179.3 8735.92 3503.17 2228.63 16676.1 8830.04
internal_count=186536 152934 134583 98808 18351 35775 88162 33602 30787 32673 6884 5089 23903 17399
is_linear=0
shrinkage=0.05


Tree=12
num_leaves=15
num_cat=0
split_feature=4 1 0 57 1 0 9 16 58 0 0 18 0 1
split_gain=31190.1 6713.12 2720.01 1753.81 1483.61 658.391 624.779 676.213 511.411 438.688 572.035 387.944 248.221 224.787
threshold=1.0000000180025095e-35 5.5000000000000009 2465.5000000000005 1.0000000180025095e-35 21.500000000000004 2514.5000000000005 1.0000000180025095e-35 1.0000000180025095e-35 1.0000000180025095e-35 11773.500000000002 4679.5000000000009 1.0000000180025095e-35 12392.500000000002 6.5000000000000009
decision_type=2 2 2 2 2 2 2 2 2 2 2 2 2 2
left_child=1 5 3 8 -5 -1 7 11 -3 10 -9 -2 -13 -8
right_child=6 2 -4 4 -6 -7 13 9 -10 -11 -12 12 -14 -15
leaf_value=0.053671776117334181 0.089622195332110244 0.0088203471211323482 -0.059018368338138665 -0.014643318423096522 0.026618068568575227 -0.065778371597490073 0.080598542779670351 0.093650302112810307 0.033887045616527799 0.084673188059577173 0.033466935430133682 0.0553075688703367 0.088103638751489743 0.032793931098582342
leaf_weight=6193.7338832914829 14094.043934181333 6485.4590764939785 2172.1932855844498 17390.189639598131 2489.6285540014505 116.74032594263554 336.96574875712395 521.37231621146202 2964.7635096460581 1333.4012642353773 1626.8561001718044 1505.3639788031578 945.42753283679485 914.22180850803852
leaf_count=12006 19559 25895 13476 85380 7276 629 519 712 7976 1914 4220 2996 1319 2340
internal_value=0.0316356 0.00438529 -0.00504436 -0.00104515 -0.00947491 0.0514519 0.0800599 0.0822028 0.0166871 0.0621334 0.0481101 0.0864221 0.0679899 0.0457226
internal_weight=59090.4 37812.7 31502.2 29330 19879.8 6310.47 21277.7 20026.5 9450.22 3481.63 2148.23 16544.8 2450.79 1251.19
internal_count=186217 152638 140003 126527 92656 12635 33579 30720 33871 6846 4932 23874 4315 2859
is_linear=0
shrinkage=0.05


Tree=13
num_leaves=15
num_cat=0
split_feature=4 3 57 63 62 58 1 1 1 1 1 1 18 3
split_gain=27989.6 9999.45 1793.73 1028.74 603.294 500.234 348.746 729.466 290.18 234.233 197.716 168.463 142.047 154.496
threshold=1.0000000180025095e-35 1.0000000180025095e-35 1.0000000180025095e-35 1.0000000180025095e-35 1.0000000180025095e-35 1.0000000180025095e-35 22.500000000000004 21.500000000000004 21.500000000000004 1.5000000000000002 21.500000000000004 21.500000000000004 1.0000000180025095e-35 1.0000000180025095e-35
decision_type=2 2 2 2 2 2 2 2 2 2 2 2 2 2
left_child=1 2 5 4 -4 8 7 9 -1 -3 -7 -5 -2 -14
right_child=12 6 3 11 -6 10 -8 -9 -10 -11 -12 -13 13 -15
leaf_value=0.0021208608474845062 0.078119879229224073 0.036218179113126622 -0.029537983796051437 0.011405299536440981 -0.0086732026247485963 0.02718107612037465 0.029595484655839978 0.09329725398468125 -0.062947785572461057 0.056052883048536666 -0.067621210326776218 -0.062883553099700881 0.054688437738315832 0.080600860798718282
leaf_weight=6210.3296265304089 18532.824421092868 2408.7500858306885 11632.019529640675 2742.5938104093075 4935.4436377882957 2847.4383600503206 1662.5571516603231 1063.2328206300735 175.20256745815277 3933.4565009623766 55.15478789806366 77.512764558196068 1445.9938766956329 971.31462407112122
leaf_count=26501 29049 5299 62773 10283 25028 8036 4323 1427 996 7456 252 382 2853 1406
internal_value=0.0302809 0.00455614 -0.00991635 -0.0185716 -0.0233233 0.00815019 0.0503185 0.0549663 0.000325968 0.0485266 0.025357 0.00934185 0.0766242 0.0651295
internal_weight=58693.8 37743.7 28675.7 19387.6 16567.5 9288.13 9068 7405.44 6385.53 6342.21 2902.59 2820.11 20950.1 2417.31
internal_count=186064 152756 134251 98466 87801 35785 18505 14182 27497 12755 8288 10665 33308 4259
is_linear=0
shrinkage=0.05


Tree=14
num_leaves=15
num_cat=0
split_feature=4 1 0 57 1 9 16 0 0 0 18 58 0 0
split_gain=26023.2 5327.51 2549.71 1551.01 1262.05 627.371 663.382 583.016 461.543 543.437 377.089 361.594 252.579 206.831
threshold=1.0000000180025095e-35 5.5000000000000009 2514.5000000000005 1.0000000180025095e-35 21.500000000000004 1.0000000180025095e-35 1.0000000180025095e-35 2514.5000000000005 11146.500000000002 4679.5000000000009 1.0000000180025095e-35 1.0000000180025095e-35 12392.500000000002 4679.5000000000009
decision_type=2 2 2 2 2 2 2 2 2 2 2 2 2 2
left_child=1 7 3 11 -5 6 10 -1 9 -8 -2 -3 -12 -7
right_child=5 2 -4 4 -6 13 8 -9 -10 -11 12 -13 -14 -15
leaf_value=0.048007492917142493 0.083209740526072107 0.0090671063261423615 -0.059490166833138063 -0.013733526259505094 0.024036117757965002 0.093440502258964483 0.086181199716845819 -0.065464630369721263 0.078449311653667128 0.026903917044333842 0.048848214158199905 0.029932572681283742 0.082269754929584396 0.031314714335298033
leaf_weight=6172.9929793477058 13767.802378237247 6560.6603049635887 1974.4979490712285 17100.873089283705 2539.3063730150461 152.29227867722511 509.22027315199375 114.48310750722885 1379.0179502367973 1603.6664659976959 1483.2543547302485 3037.7863931953907 920.97874666750431 1087.2351607829332
leaf_count=12074 19536 26020 12928 85624 7393 211 709 623 2032 4130 2968 8096 1312 2608
internal_value=0.0288642 0.00394541 -0.0045133 -0.000798777 -0.00884926 0.073566 0.0757418 0.0459313 0.0559433 0.0412242 0.080013 0.0156732 0.0616797 0.0390169
internal_weight=58404.1 37500.6 31213.1 29238.6 19640.2 20903.5 19663.9 6287.48 3491.9 2112.89 16172 9598.45 2404.23 1239.53
internal_count=186264 152758 140061 127133 93017 33506 30687 12697 6871 4839 23816 34116 4280 2819
is_linear=0
shrinkage=0.05


Tree=15
num_leaves=15
num_cat=0
split_feature=0 3 57 63 0 1 9 58 1 1 16 0 3 3
split_gain=18218.7 8828.6 1430.19 857.308 952.79 543.474 532.556 375.398 316.886 654.924 313.389 341.57 291.223 270.657
threshold=6349.5000000000009 1.0000000180025095e-35 1.0000000180025095e-35 1.0000000180025095e-35 2566.5000000000005 21.500000000000004 1.0000000180025095e-35 1.0000000180025095e-35 22.500000000000004 21.500000000000004 1.0000000180025095e-35 12392.500000000002 1.0000000180025095e-35 1.0000000180025095e-35
decision_type=2 2 2 2 2 2 2 2 2 2 2 2 2 2
left_child=1 2 5 4 -4 7 10 -1 9 -3 -2 12 -12 -8
right_child=6 8 3 -5 -6 -7 13 -9 -10 -11 11 -13 -14 -15
leaf_value=0.0079331047223681339 0.079126123369876733 0.048686711711913071 -0.019186938321091668 0.014374777616558039 0.010890090148648446 -0.063757654586980239 0.015846001336023884 0.028522592014965271 0.032014221096552983 0.087103553305508161 0.020911619891699457 0.077254368266108903 0.076165445166239618 0.073819377127297678
leaf_weight=6965.3374879360199 12524.426219314337 7286.9093379974365 15083.834593147039 3131.2917931079865 3189.2212630212307 225.93194320052862 578.7798980474472 3245.1053264588118 1911.7602451741695 1310.4051535129547 743.20295529067516 1216.2044465988874 350.9877587556839 308.33583755791187
leaf_count=27829 18229 14190 79879 11286 12316 1255 1538 8707 4711 1797 1965 1792 537 476
internal_value=0.0277845 0.0107202 -0.00239562 -0.00979494 -0.0139372 0.0127794 0.0737468 0.0144791 0.0504552 0.0545517 0.0759981 0.0590146 0.038689 0.0360563
internal_weight=58071.7 42349.8 31840.7 21404.3 18273.1 10436.4 15721.9 10210.4 10509.1 8597.31 14834.8 2310.4 1094.19 887.116
internal_count=186507 161970 141272 103481 92195 37791 24537 36536 20698 15987 22523 4294 2502 2014
is_linear=0
shrinkage=0.05


Tree=16
num_leaves=15
num_cat=0
split_feature=4 3 0 57 61 0 9 16 0 0 59 18 3 0
split_gain=22176.4 7597.84 1945.9 1423.7 904.11 832.463 626.794 663.923 426.601 554.536 392.753 375.501 324.341 260.829
threshold=1.0000000180025095e-35 1.0000000180025095e-35 2514.5000000000005 1.0000000180025095e-35 1.0000000180025095e-35 2514.5000000000005 1.0000000180025095e-35 1.0000000180025095e-35 11146.500000000002 4679.5000000000009 1.0000000180025095e-35 1.0000000180025095e-35 1.0000000180025095e-35 4679.5000000000009
decision_type=2 2 2 2 2 2 2 2 2 2 2 2 2 2
left_child=1 2 3 10 -5 -3 7 11 9 -9 -1 -2 -8 -13
right_child=6 5 -4 4 -6 -7 12 8 -10 -11 -12 13 -14 -15
leaf_value=0.025778148701846734 0.078260741301333342 0.045834104478551102 -0.058717844290553559 -0.0014180612193523874 -0.02424786033784913 -0.064924996352868858 0.015893263782004348 0.082985100389845523 0.072956336879396982 0.022376533800940027 0.0033408614438780828 0.089977406406300225 0.070483277735554573 0.048258798785285342
leaf_weight=2882.6222192645073 13377.297637969255 8786.4042558968067 1848.6705652922392 7902.3396326452494 9610.4353418648243 172.14837199449539 828.46342359483242 492.80233713984489 1318.5672441720963 1606.5945220589638 6027.5994762033224 468.90397156774998 404.77018900215626 1893.055182993412
leaf_count=7703 19627 17502 12533 36735 52585 961 2211 697 2016 4163 24911 645 637 3642
internal_value=0.0265318 0.00357559 -0.00913949 -0.00566867 -0.013947 0.0436987 0.0684446 0.0706695 0.0506649 0.0366362 0.0106018 0.0750103 0.0338533 0.0565755
internal_weight=57620.7 37230.2 28271.7 26423 17512.8 8958.55 20390.5 19157.2 3417.96 2099.4 8910.22 15739.3 1233.23 2361.96
internal_count=186568 152930 134467 121934 89320 18463 33638 30790 6876 4860 32614 23914 2848 4287
is_linear=0
shrinkage=0.05


Tree=17
num_leaves=15
num_cat=0
split_feature=4 3 0 57 61 0 0 0 3 16 1 1 1 9
split_gain=20638.1 7201.55 1873.3 1150.57 881.534 752.473 604.943 982.267 723.668 640.886 435.663 248.412 342.105 63.4345
threshold=1.0000000180025095e-35 1.0000000180025095e-35 2514.5000000000005 1.0000000180025095e-35 1.0000000180025095e-35 2514.5000000000005 11773.500000000002 4679.5000000000009 1.0000000180025095e-35 1.0000000180025095e-35 21.500000000000004 1.0000000180025095e-35 22.500000000000004 1.0000000180025095e-35
decision_type=2 2 2 2 2 2 2 2 2 2 2 2 2 2
left_child=1 2 3 10 -5 11 7 -2 9 -9 -1 -3 -13 -8
right_child=6 5 -4 4 -6 -7 13 8 -10 -11 -12 12 -14 -15
leaf_value=0.010456390988485978 0.083155106865451925 0.023331957424004485 -0.05876196156495575 -0.0010113458420802912 -0.023634669255102693 -0.063930079001456072 0.075488166033984991 0.046654617039604537 0.069572065292474131 0.0038280112557687405 -0.063492703572385276 0.053318224012707194 0.027579153556284697 0.056202507356714407
leaf_weight=8691.3378798961639 2664.7670944780111 1220.5606961995363 1786.3923703953624 7894.9033782333136 9471.2613686621189 162.78257396817207 9846.4897528737783 3513.055239289999 2449.2997391968966 1162.8154558837414 202.85580240190029 5894.0549288392067 1657.5690031349659 461.06268493831158
leaf_count=31510 3772 2737 12600 36667 52593 942 14755 6981 3881 3412 1131 10706 4029 861
internal_value=0.0253858 0.00322161 -0.00923221 -0.00586078 -0.0133504 0.0423106 0.0661684 0.0572516 0.0475535 0.0360074 0.00876284 0.0442892 0.0476729 0.074631
internal_weight=57079.2 36981.7 28046.8 26260.4 17366.2 8934.97 20097.5 9789.94 7125.17 4675.87 8894.19 8772.18 7551.62 10307.6
internal_count=186577 152915 134501 121901 89260 18414 33662 18046 14274 10393 32641 17472 14735 15616
is_linear=0
shrinkage=0.05


Tree=18
num_leaves=15
num_cat=0
split_feature=4 3 0 1 58 0 0 0 3 0 1 1 0 1
split_gain=18900.5 6500.07 1746.4 1094.13 977.579 686.293 636.531 1098.35 734.123 388.853 231.03 410.68 44.7322 26.6541
threshold=1.0000000180025095e-35 1.0000000180025095e-35 2514.5000000000005 21.500000000000004 1.0000000180025095e-35 2514.5000000000005 10059.500000000002 4679.5000000000009 1.0000000180025095e-35 6911.5000000000009 1.5000000000000002 22.500000000000004 13575.500000000002 1.0000000180025095e-35
decision_type=2 2 2 2 2 2 2 2 2 2 2 2 2 2
left_child=1 2 3 4 -1 10 7 -2 9 -9 13 -12 -8 -3
right_child=6 5 -4 -5 -6 -7 12 8 -10 -11 11 -13 -14 -15
leaf_value=-0.007038728945607562 0.080456344383011413 0.023720232349495989 -0.057406081804583467 -0.062923723692065045 0.024114897291281717 -0.063036353597185374 0.065652372040993986 0.014088296558342778 0.066753071070110248 0.045633113483061011 0.054696815935064758 0.025676646923609027 0.073446732161205494 0.034608838780017352
leaf_weight=22556.6300958395 2623.4113799482584 1231.3411969095469 1717.6503456607461 799.7012631893158 2833.5447400957346 156.18954177200794 2465.1944528967142 2059.681527286768 1928.8523254841566 1859.6883172094822 4781.7878700196743 1639.9508554041386 8781.252270758152 1056.085206925869
leaf_count=110008 3782 2744 12584 4530 7485 937 4070 5343 3135 3806 8518 3988 13527 2180
internal_value=0.0244465 0.00326803 -0.0085804 -0.00537612 -0.00356117 0.0405629 0.0639408 0.0535742 0.0415036 0.0290637 0.0424278 0.0472909 0.0717442 0.0287603
internal_weight=56491 36772.9 27907.5 26189.9 25390.2 8865.35 19718.1 8471.63 5848.22 3919.37 8709.17 6421.74 11246.4 2287.43
internal_count=186637 152974 134607 122023 117493 18367 33663 16066 12284 9149 17430 12506 17597 4924
is_linear=0
shrinkage=0.05


Tree=19
num_leaves=15
num_cat=0
split_feature=0 3 58 63 0 9 16 0 0 3 3 0 18 0
split_gain=13629 6066.43 953.562 888.807 756.007 496.787 287.517 288.677 232.828 230.879 136.348 117.222 114.063 171.926
threshold=6638.5000000000009 1.0000000180025095e-35 1.0000000180025095e-35 1.0000000180025095e-35 2514.5000000000005 1.0000000180025095e-35 1.0000000180025095e-35 12392.500000000002 12392.500000000002 1.0000000180025095e-35 1.0000000180025095e-35 3175.5000000000005 1.0000000180025095e-35 12392.500000000002
decision_type=2 2 2 2 2 2 2 2 2 2 2 2 2 2
left_child=1 2 3 4 -1 6 12 9 10 -8 -7 -3 -2 -14
right_child=5 11 -4 -5 -6 8 7 -9 -10 -11 -12 -13 13 -15
leaf_value=-0.012766914702112695 0.073074216426084193 0.040207360204056325 0.023390667931251691 0.01660226862769992 0.010585621291245793 -0.014116720219808197 0.014599620398564279 0.068453853730829947 0.053800439697043269 0.066082260811188107 0.054139763666177246 0.056607064798368217 0.034542426810289087 0.071346795887631403
leaf_weight=19697.761596754193 9915.8610941320658 9101.8913793116808 3311.734708160162 4075.0236957967281 4204.8934168219566 317.65822084248066 670.3897850215435 1118.3918405622244 441.73906689882278 322.13329257071018 93.970317631959915 1245.3399706184864 512.6709795743227 845.96666896343231
leaf_count=101558 15445 18596 8892 14474 16652 961 1757 1801 818 521 166 2417 1061 1323
internal_value=0.0234415 0.0090001 -0.00197543 -0.00497876 -0.00865853 0.065667 0.0680257 0.0510352 0.0286327 0.0313585 0.00155894 0.0421864 0.0712021 0.0574946
internal_weight=55875.4 41636.6 31289.4 27977.7 23902.7 14238.8 13385.4 2110.91 853.368 992.523 411.629 10347.2 11274.5 1358.64
internal_count=186442 162589 141576 132684 118210 23853 21908 4079 1945 2278 1127 21013 17829 2384
is_linear=0
shrinkage=0.05


Tree=20
num_leaves=15
num_cat=0
split_feature=4 3 0 1 57 0 9 16 18 0 0 3 1 1
split_gain=16455.1 5304.04 1685.63 1029.6 931.302 649.257 616.125 606.039 396.477 372.019 442.056 290.526 241.673 637.005
threshold=1.0000000180025095e-35 1.0000000180025095e-35 2514.5000000000005 21.500000000000004 1.0000000180025095e-35 2514.5000000000005 1.0000000180025095e-35 1.0000000180025095e-35 1.0000000180025095e-35 12990.500000000002 4679.5000000000009 1.0000000180025095e-35 22.500000000000004 21.500000000000004
decision_type=2 2 2 2 2 2 2 2 2 2 2 2 2 2
left_child=1 2 3 4 -1 12 7 8 -2 10 -9 -8 13 -3
right_child=6 5 -4 -5 -6 -7 11 9 -10 -11 -12 -13 -14 -15
leaf_value=0.010201986247950585 0.070801698266574883 0.036360839282745 -0.056790314664752033 -0.062025244432435934 -0.01000979944539618 -0.062857504071835754 0.0093113830494478671 0.074911165765196797 0.047906126718664399 0.06808567309544078 0.020220709064165 0.0615882044055302 0.021442626615908459 0.079140513395381307
leaf_weight=8731.8836006224155 12179.060579538345 5980.1825696974993 1652.7445520088077 759.89216597378254 16405.944101110101 160.02211405336857 829.8106556981802 467.60565906763077 2249.4152917563915 1034.6672587841749 1753.3066490590572 390.31575286388397 1676.6619447469711 1018.6885473132133
leaf_count=31555 19528 12078 12490 4480 85457 968 2194 711 4292 1692 4436 655 4082 1461
internal_value=0.0226236 0.00296212 -0.0078489 -0.00472348 -0.0029889 0.0366694 0.0604652 0.0628366 0.0672358 0.043325 0.0317641 0.0260714 0.0385123 0.0425979
internal_weight=55290.2 36386 27550.5 25897.7 25137.8 8835.56 18904.2 17684.1 14428.5 3255.58 2220.91 1220.13 8675.53 6998.87
internal_count=186079 152571 133982 121492 117012 18589 33508 30659 23820 6839 5147 2849 17621 13539
is_linear=0
shrinkage=0.05


Tree=21
num_leaves=15
num_cat=0
split_feature=4 3 0 1 63 0 0 3 0 16 9 1 1 0
split_gain=15309.6 5002.45 1605.95 939.391 819.688 624.922 1139.63 692.179 575.854 417.302 207.057 200.902 367.133 113.958
threshold=1.0000000180025095e-35 1.0000000180025095e-35 2514.5000000000005 21.500000000000004 1.0000000180025095e-35 9574.5000000000018 4679.5000000000009 1.0000000180025095e-35 2514.5000000000005 1.0000000180025095e-35 1.0000000180025095e-35 1.5000000000000002 22.500000000000004 16727.000000000004
decision_type=2 2 2 2 2 2 2 2 2 2 2 2 2 2
left_child=1 2 3 4 -1 6 -2 9 11 -8 -7 -3 -13 -12
right_child=5 8 -4 -5 -6 10 7 -9 -10 -11 13 12 -14 -15
leaf_value=-0.0069364058640299132 0.075782751986263497 0.024571464668067419 -0.056475726620042549 -0.060832022698796728 0.01850578537308515 0.06806784208031906 0.033033038554955568 0.061363222965877567 -0.062020501387937479 -0.0046823038309740843 0.016213766910961592 0.04908139945927787 0.021687118593913389 0.06202137980185915
leaf_weight=21386.228056773543 2475.441562756896 2287.4672274291515 1594.9933622032404 725.79966120421886 3714.8118682354689 10186.813406214118 2588.5262277126312 1660.0389759391546 147.62791965901852 1022.9109368622303 308.03900626301765 4659.1607728153467 1661.5515891909599 243.18732805550098
leaf_count=104515 3746 4988 12532 4440 12842 17036 5561 2883 927 3104 738 8566 4013 418
internal_value=0.0216199 0.00270497 -0.00780131 -0.00479325 -0.00317052 0.058637 0.0477992 0.0346464 0.0356061 0.0223521 0.0664508 0.0372874 0.0418847 0.0364987
internal_weight=54662.6 36177.6 27421.8 25826.8 25101 18485 7746.92 5271.48 8755.81 3611.44 10738 8608.18 6320.71 551.226
internal_count=186309 152823 134329 121797 117357 33486 15294 11548 18494 8665 18192 17567 12579 1156
is_linear=0
shrinkage=0.05


Tree=22
num_leaves=15
num_cat=0
split_feature=4 3 0 57 61 0 0 3 0 16 1 1 1 9
split_gain=14475.4 4424.38 1519.35 974.86 753.334 611.834 982.146 609.923 540.414 427.386 334.467 209.4 620.878 149.733
threshold=1.0000000180025095e-35 1.0000000180025095e-35 2514.5000000000005 1.0000000180025095e-35 1.0000000180025095e-35 10575.000000000002 4679.5000000000009 1.0000000180025095e-35 2514.5000000000005 1.0000000180025095e-35 21.500000000000004 22.500000000000004 21.500000000000004 1.0000000180025095e-35
decision_type=2 2 2 2 2 2 2 2 2 2 2 2 2 2
left_child=1 2 3 10 -5 6 -2 9 11 -8 -1 12 -3 -7
right_child=5 8 -4 4 -6 13 7 -9 -10 -11 -12 -13 -14 -15
leaf_value=0.01004533418782292 0.07395338866249955 0.032791339555940491 -0.055805338352431594 -0.00031508383260058669 -0.021521424419309081 0.067032143772502897 0.035382867336632942 0.05991600939440072 -0.061285897450593055 -0.00075376124077550927 -0.059704956387175823 0.019137655146361038 0.075621525916438503 0.039021255523485024
leaf_weight=8757.4118553251028 2426.949432939291 5852.031500890851 1538.8013015687466 7764.2497305423021 9090.9833329468966 9264.6983381956816 2956.7739552259445 1862.2954731732607 146.96792952716351 1131.0543275028467 174.32655207812786 1651.0798764973879 989.27670609951019 508.08805684745312
leaf_count=31557 3762 12044 12582 36643 52545 15935 6224 3318 958 3340 1120 4018 1473 1038
internal_value=0.0206739 0.00230296 -0.00755797 -0.00467682 -0.0117535 0.0570751 0.0471466 0.036202 0.0334898 0.0253865 0.00867744 0.035137 0.0389949 0.06558
internal_weight=54115 35965.1 27325.8 25787 16855.2 18149.9 8377.07 5950.12 8639.36 4087.83 8931.74 8492.39 6841.31 9772.79
internal_count=186557 152940 134447 121865 89188 33617 16644 12882 18493 9564 32677 17535 13517 16973
is_linear=0
shrinkage=0.05


Tree=23
num_leaves=15
num_cat=0
split_feature=4 3 0 58 61 0 0 3 0 9 9 3 21 16
split_gain=13381.3 3976.97 1469.96 737.381 656.544 621.714 928.025 625.21 489.637 408.13 144.324 68.796 72.9913 25.432
threshold=1.0000000180025095e-35 1.0000000180025095e-35 2465.5000000000005 1.0000000180025095e-35 1.0000000180025095e-35 10575.000000000002 4679.5000000000009 1.0000000180025095e-35 2514.5000000000005 1.0000000180025095e-35 1.0000000180025095e-35 1.0000000180025095e-35 1.0000000180025095e-35 1.0000000180025095e-35
decision_type=2 2 2 2 2 2 2 2 2 2 2 2 2 2
left_child=1 2 3 4 -1 6 -2 9 -3 -8 13 12 -12 -7
right_child=5 8 -4 -5 -6 10 7 -9 -10 -11 11 -13 -14 -15
leaf_value=0.0021812189388031394 0.072183435351852246 0.033597778376451747 -0.053909047297249747 0.019689339018195296 -0.01489488773396363 0.066777232748335594 0.029320851377780729 0.058928268930804661 -0.060569653211085719 -0.022180699477671754 0.013012628838998673 0.061997271876897568 0.076997507156320658 0.058565647091322406
leaf_weight=10331.907108694315 2327.9955856800079 8446.7368160486221 1570.79636374861 2890.1996159255505 12364.537124365568 7838.1333776861429 3603.2609647512436 1851.5944727957249 139.45549631118774 429.90811328589916 264.9820174574852 189.26557593047619 52.743801102042198 1154.3789857327938
leaf_count=46688 3706 17595 13101 7659 66869 13842 8159 3368 945 1351 637 322 80 2119
internal_value=0.0200125 0.00240217 -0.00697585 -0.00409257 -0.00712172 0.0555484 0.0454612 0.0348795 0.0320615 0.023827 0.0642636 0.0381802 0.0238426 0.0657297
internal_weight=53455.9 35743.6 27157.4 25586.6 22696.4 17712.3 8212.76 5884.76 8586.19 4033.17 9499.5 506.991 317.726 8992.51
internal_count=186441 152857 134317 121216 113557 33584 16584 12878 18540 9510 17000 1039 717 15961
is_linear=0
shrinkage=0.05


Tree=24
num_leaves=15
num_cat=0
split_feature=4 3 57 63 62 16 3 1 1 1 58 1 1 1
split_gain=12609.9 3627.98 827.235 743.482 558.605 471.237 357.536 300.921 224.968 639.262 201.167 157.192 132.218 120.752
threshold=1.0000000180025095e-35 1.0000000180025095e-35 1.0000000180025095e-35 1.0000000180025095e-35 1.0000000180025095e-35 1.0000000180025095e-35 1.0000000180025095e-35 21.500000000000004 22.500000000000004 21.500000000000004 1.0000000180025095e-35 1.5000000000000002 21.500000000000004 21.500000000000004
decision_type=2 2 2 2 2 2 2 2 2 2 2 2 2 2
left_child=1 2 7 4 -4 -2 13 10 9 11 -1 -3 -5 -7
right_child=5 8 3 12 -6 6 -8 -9 -10 -11 -12 -13 -14 -15
leaf_value=0.0011976097530741843 0.05784564260720592 0.018059014401117592 -0.024328637608224193 0.011831483407423918 -0.0034381320532300684 0.025233808612134725 0.059554238056625408 -0.059595363402775797 0.014198732654333301 0.072962495378906006 0.017144435733781372 0.034980576357940649 -0.058506961526878946 -0.08395415218385037
leaf_weight=6115.7878452017903 14186.823994919658 2244.0362356156111 10278.534713178873 2760.3844713866711 4646.9077364355326 1993.5563463270664 1076.2125394493341 175.3481834307313 1686.3488023579121 935.86718708276749 2921.8989101052284 3548.6860645711422 67.488825514912605 24.695817768573761
leaf_count=26291 26653 5213 62925 10339 25104 4825 1999 1219 4332 1447 8046 7340 369 105
internal_value=0.0189805 0.00188094 -0.00706319 -0.0133716 -0.0178252 0.0539876 0.0362871 0.00509304 0.0305406 0.0346335 0.00635457 0.0284296 0.0101327 0.0238568
internal_weight=52662.6 35381.3 26966.4 17753.3 14925.4 17281.3 3094.46 9213.03 8414.94 6728.59 9037.69 5792.72 2827.87 2018.25
internal_count=186207 152625 134293 98737 88029 33582 6929 35556 18332 14000 34337 12553 10708 4930
is_linear=0
shrinkage=0.05


Tree=25
num_leaves=15
num_cat=0
split_feature=4 3 0 1 0 0 57 3 0 9 1 1 9 0
split_gain=11832.1 3336.85 1334.58 829.299 693.792 909.109 629.125 626.548 447.502 438.017 212.185 561.295 123.192 70.5491
threshold=1.0000000180025095e-35 1.0000000180025095e-35 2514.5000000000005 21.500000000000004 11146.500000000002 4679.5000000000009 1.0000000180025095e-35 1.0000000180025095e-35 2514.5000000000005 1.0000000180025095e-35 22.500000000000004 21.500000000000004 1.0000000180025095e-35 18065.500000000004
decision_type=2 2 2 2 2 2 2 2 2 2 2 2 2 2
left_child=1 2 3 6 5 -2 -1 9 10 -7 11 -3 -6 -14
right_child=4 8 -4 -5 12 7 -8 -9 -10 -11 -12 -13 13 -15
leaf_value=0.0079912043004221854 0.069512934770828982 0.028817391527911563 -0.054414951546885464 -0.058607837081471686 0.063871131835339351 0.027230640430039955 -0.0087219482368541459 0.056284613368125617 -0.06015672839805191 -0.024106893763797623 0.01463458687179061 0.071340448491891584 0.020011301525338088 0.059067028163850767
leaf_weight=8690.2321175932884 2232.957763299346 5732.8518307209015 1403.4621785804629 684.05665057897568 8157.7981522679329 3779.435352191329 15988.970938816667 1877.1859400123358 137.28478541970253 466.01698975265026 1671.1484578102827 897.39262765645981 261.78203126788139 208.4213058501482
leaf_count=31373 3737 12089 12529 4493 15382 8598 85783 3609 954 1454 4093 1427 599 367
internal_value=0.0182089 0.00167285 -0.00697047 -0.00434312 0.0524845 0.0422047 -0.0028367 0.0322355 0.0290863 0.021591 0.0305692 0.0345827 0.0624337 0.0374117
internal_weight=52189 35205.4 26766.7 25363.3 16983.6 8355.6 24679.2 6122.64 8438.68 4245.45 8301.39 6630.24 8628 470.203
internal_count=186487 152741 134178 121649 33746 17398 117156 13661 18563 10052 17609 13516 16348 966
is_linear=0
shrinkage=0.05


Tree=26
num_leaves=15
num_cat=0
split_feature=4 3 0 1 0 0 63 3 0 18 9 1 1 3
split_gain=10950.6 3080.41 1302.65 810.013 687.628 1007.46 576.532 569.495 417.393 383.529 231.471 202.003 353.065 93.7475
threshold=1.0000000180025095e-35 1.0000000180025095e-35 2514.5000000000005 21.500000000000004 9574.5000000000018 4679.5000000000009 1.0000000180025095e-35 1.0000000180025095e-35 2514.5000000000005 1.0000000180025095e-35 1.0000000180025095e-35 1.5000000000000002 22.500000000000004 1.0000000180025095e-35
decision_type=2 2 2 2 2 2 2 2 2 2 2 2 2 2
left_child=1 2 3 6 5 -2 -1 9 11 -7 -6 -3 -13 -12
right_child=4 8 -4 -5 10 7 -8 -9 -10 -11 13 12 -14 -15
leaf_value=-0.0055890826407240341 0.068102939677501251 0.016825123551675734 -0.054039478839676393 -0.058279097766482359 0.062188084784631906 0.023482102359680762 0.015766003322948488 0.053376023325151005 -0.059514505200955019 -0.02150625589124203 0.012450182028952258 0.041985379588920874 0.014837052878372085 0.056225600647977408
leaf_weight=20922.658332690597 2160.6857556551695 2197.0393747240305 1360.4765750393271 664.17291910201311 8819.9128464758396 2929.6778744161129 3721.896926894784 1462.1804246455431 131.98403914272785 564.26720888912678 342.16940195858479 4373.3216544538736 1651.1382775455713 190.02755466103554
leaf_count=104411 3733 4980 12650 4536 17174 6964 12790 2894 955 1589 819 8534 4025 350
internal_value=0.0177151 0.001903 -0.0063962 -0.00383309 0.0513388 0.0396158 -0.00236346 0.0271852 0.0283965 0.0162125 0.0602547 0.0298149 0.0345485 0.0281569
internal_weight=51491.6 35022.7 26669.2 25308.7 16468.9 7116.81 24644.6 4956.13 8353.48 3493.95 9352.11 8221.5 6024.46 532.197
internal_count=186404 152881 134387 121737 33523 15180 117201 11447 18494 8553 18343 17539 12559 1169
is_linear=0
shrinkage=0.05


Tree=27
num_leaves=15
num_cat=0
split_feature=4 3 1 57 9 16 63 18 3 3 3 58 1 1
split_gain=10030.1 2748.75 750.58 631.927 604.676 639.07 544.414 497.765 314.283 240.676 217.293 210.53 182.022 325.795
threshold=1.0000000180025095e-35 1.0000000180025095e-35 21.500000000000004 1.0000000180025095e-35 1.0000000180025095e-35 1.0000000180025095e-35 1.0000000180025095e-35 1.0000000180025095e-35 1.0000000180025095e-35 1.0000000180025095e-35 1.0000000180025095e-35 1.0000000180025095e-35 1.5000000000000002 22.500000000000004
decision_type=2 2 2 2 2 2 2 2 2 2 2 2 2 2
left_child=1 2 3 11 5 7 -5 -2 -7 -6 -9 -1 -3 -14
right_child=4 12 -4 6 9 8 -8 10 -10 -11 -12 -13 13 -15
leaf_value=0.0013148110370651911 0.062514797447781364 0.015341881975760649 -0.057572527113331606 -0.013700477953064324 0.00066890023209543634 0.020433455780369654 0.010558530071389675 0.022642798014370455 0.055233731140683286 0.051128860051949714 0.057236323509952364 0.017523871022449573 0.039291889365371951 0.013503662201810138
leaf_weight=6129.1123667433858 10019.7308691293 2223.6763595193624 669.81582736223936 14123.648875162005 818.94984625279903 1965.7389048784971 2764.7694531679153 1270.6307189017534 969.01735319197178 331.16585487127304 707.42286619544029 2975.0619651079178 4375.4321507811546 1702.6405454427004
leaf_count=26340 19557 5239 4951 84656 2186 4875 10339 2879 1975 645 1426 8124 8906 4350
internal_value=0.0175023 0.00247029 -0.00535267 -0.00400483 0.0501802 0.0528709 -0.00972869 0.0579879 0.0319389 0.0152302 0.0350374 0.00661295 0.0275926 0.0320713
internal_weight=51046.8 34964.2 26662.4 25992.6 16082.7 14932.5 16888.4 11997.8 2934.76 1150.12 1978.05 9104.17 8301.75 6078.07
internal_count=186448 152905 134410 129459 33543 30712 94995 23862 6850 2831 4305 34464 18495 13256
is_linear=0
shrinkage=0.05


Tree=28
num_leaves=15
num_cat=0
split_feature=4 3 0 1 0 0 3 61 0 0 1 1 9 3
split_gain=9574.17 2500.37 1221.19 732.099 713.556 818.539 581.765 509.822 463.876 381.155 166.689 285.44 104.241 54.2007
threshold=1.0000000180025095e-35 1.0000000180025095e-35 2514.5000000000005 21.500000000000004 11773.500000000002 4679.5000000000009 1.0000000180025095e-35 1.0000000180025095e-35 7220.5000000000009 2514.5000000000005 1.5000000000000002 22.500000000000004 1.0000000180025095e-35 1.0000000180025095e-35
decision_type=2 2 2 2 2 2 2 2 2 2 2 2 2 2
left_child=1 2 3 7 5 -2 8 -1 -7 10 -3 -12 -6 -14
right_child=4 9 -4 -5 12 6 -8 -9 -10 -11 11 -13 13 -15
leaf_value=0.0058553240081104622 0.066012299128631616 0.015355033525962998 -0.053335766458705018 -0.05756040681540453 0.06144707130490952 0.0034457001048849301 0.053176286392183872 -0.00860325079619342 0.036180207837882193 -0.059179272237372571 0.038534650420730177 0.014070357254337829 0.021004281578813924 0.058028210486251279
leaf_weight=11248.515042185783 2048.1159388870001 2153.6147465854883 1281.7337722405791 606.13928575068712 7051.7863880097866 2203.5362736880779 1826.4685501754284 13310.154820472002 2126.2941654473543 128.65546175837517 4222.3093029260635 1663.5755565464497 254.08536458015442 162.86336997151375
leaf_count=48218 3743 4922 12492 4470 14724 5787 3837 69017 4586 953 8511 4045 569 307
internal_value=0.0164015 0.00172072 -0.0057477 -0.00332184 0.0488222 0.0386339 0.0295162 -0.00198088 0.0195256 0.0258994 0.0272681 0.0316237 0.0600074 0.0355704
internal_weight=50287.8 34614.7 26446.5 25164.8 15673.2 8204.41 6156.3 24558.7 4329.83 8168.16 8039.5 5885.88 7468.74 416.949
internal_count=186181 152628 134197 121705 33553 17953 14210 117235 10373 18431 17478 12556 15600 876
is_linear=0
shrinkage=0.05


Tree=29
num_leaves=15
num_cat=0
split_feature=4 3 0 1 0 0 57 3 9 0 1 1 9 3
split_gain=8844 2338.85 1191.12 690.498 670.255 766.873 592.311 539.987 448.83 353.136 162.801 539.747 104.865 56.0863
threshold=1.0000000180025095e-35 1.0000000180025095e-35 2514.5000000000005 21.500000000000004 11773.500000000002 4515.5000000000009 1.0000000180025095e-35 1.0000000180025095e-35 1.0000000180025095e-35 2514.5000000000005 22.500000000000004 21.500000000000004 1.0000000180025095e-35 1.0000000180025095e-35
decision_type=2 2 2 2 2 2 2 2 2 2 2 2 2 2
left_child=1 2 3 6 5 -2 -1 8 -7 10 11 -3 -6 -14
right_child=4 9 -4 -5 12 7 -8 -9 -10 -11 -12 -13 13 -15
leaf_value=0.0088660529814157396 0.065868621850232748 0.024673995810950741 -0.05321177552279558 -0.056653652414150657 0.060479353744100607 0.025515563910906227 -0.007338198573484187 0.052267791285767522 -0.025704470751134439 -0.058602162327481694 0.012754952168336872 0.067614665826241746 0.019812719351227168 0.058166151547107053
leaf_weight=8779.6973666548729 1884.9972421824932 5553.7892898619175 1228.96862667799 580.80758785456419 6736.8176574259996 3885.9721848368645 15762.469465538859 1825.7235585004091 479.77364185452461 122.22017555683851 1659.8263250589371 842.49958789348602 255.88941462337971 152.57810214161873
leaf_count=31481 3542 12099 12490 4451 14610 8945 85702 3948 1494 943 4052 1457 576 293
internal_value=0.0160768 0.00207982 -0.00516966 -0.0028175 0.0478264 0.0379484 -0.00154118 0.0294388 0.0198821 0.0254366 0.0267187 0.0303397 0.0589847 0.0342462
internal_weight=49752 34530.3 26351.9 25123 15221.8 8076.47 24542.2 6191.47 4365.75 8178.34 8056.12 6396.29 7145.29 408.468
internal_count=186083 152675 134124 121634 33408 17929 117183 14387 10439 18551 17608 13556 15479 869
is_linear=0
shrinkage=0.05


Tree=30
num_leaves=15
num_cat=0
split_feature=4 3 0 0 0 1 57 3 11 0 1 1 0 16
split_gain=8390.75 2095.86 1112.64 714.349 929.156 651.529 499.818 469.607 355.197 322.685 160.921 241.129 76.7034 64.804
threshold=1.0000000180025095e-35 1.0000000180025095e-35 2514.5000000000005 9574.5000000000018 4679.5000000000009 21.500000000000004 1.0000000180025095e-35 1.0000000180025095e-35 1.0000000180025095e-35 2514.5000000000005 1.5000000000000002 22.500000000000004 14164.000000000002 1.0000000180025095e-35
decision_type=2 2 2 2 2 2 2 2 2 2 2 2 2 2
left_child=1 2 5 4 -2 6 -1 8 -6 10 -3 -12 13 -5
right_child=3 9 -4 12 7 -7 -8 -9 -10 -11 11 -13 -14 -15
leaf_value=0.008023170913326166 0.06401476145147264 0.013710901927466004 -0.052386790392477046 0.052837453314021787 0.0087732871852636684 -0.056045892976969519 -0.0068687287336252753 0.048531250803564345 0.069379016790205777 -0.058064885274491579 0.036243528708267865 0.013710297255704851 0.059785190604440167 0.0311284505971226
leaf_weight=8776.3411428928375 1918.7478685826063 2154.6731109321117 1181.50639359653 2057.321909815073 3236.6224004179239 559.73261681944132 15734.769202962518 1296.5274899750948 260.32388564944267 116.65058532357216 4109.0605113506317 1671.961713552475 5762.4589970260859 419.10469809174538
leaf_count=31395 3749 4973 12505 4564 8233 4462 85904 2880 430 938 8513 4049 12872 956
internal_value=0.0154778 0.00185356 -0.00499125 0.046736 0.0346179 -0.00275566 -0.00153649 0.02284 0.0133035 0.0241669 0.0253829 0.0297301 0.0566031 0.0491775
internal_weight=49255.8 34304.7 26252.3 14951.1 6712.22 25070.8 24511.1 4793.47 3496.95 8052.35 7935.7 5781.02 8238.89 2476.43
internal_count=186423 152739 134266 33684 15292 121761 117299 11543 8663 18473 17535 12562 18392 5520
is_linear=0
shrinkage=0.05


Tree=31
num_leaves=15
num_cat=0
split_feature=4 0 1 0 0 63 58 16 18 1 9 1 0 21
split_gain=7897.5 1507.53 834.432 725.673 832.938 420.659 433.521 402.272 631.288 213.576 165.539 109.149 77.6263 53.0507
threshold=1.0000000180025095e-35 2514.5000000000005 5.5000000000000009 10575.000000000002 4679.5000000000009 1.0000000180025095e-35 1.0000000180025095e-35 1.0000000180025095e-35 1.0000000180025095e-35 6.5000000000000009 1.0000000180025095e-35 1.0000000180025095e-35 18065.500000000004 1.0000000180025095e-35
decision_type=2 2 2 2 2 2 2 2 2 2 2 2 2 2
left_child=1 2 11 4 -2 6 -4 8 -6 -9 -5 -1 13 -12
right_child=3 -3 5 10 7 -7 -8 9 -10 -11 12 -13 -14 -15
leaf_value=0.0077638526129852649 0.062968645559980579 -0.05249005796786102 -0.0051636528815437654 0.058513860241985322 0.042984861223951704 0.014715022160107095 0.016050388541520053 0.041682034498525172 -0.0070977451577363543 -0.0071697423478694388 0.0011592133375820212 0.025088841168917266 0.052670724410593894 0.062257243281767995
leaf_weight=1157.565280020237 1858.5765171796083 1249.4769969284534 20616.293481737375 6848.8718074858189 3038.3278300911188 4079.3228447958827 2725.7913912683725 273.77492097020149 793.14791621267796 1203.5070404708385 233.54792359471321 4254.22547352314 180.28898148238659 40.911546409130096
leaf_count=2762 3765 13497 106223 15928 6655 13814 7181 574 2129 3450 599 9327 350 71
internal_value=0.0145326 0.00139256 0.00344461 0.0454785 0.034167 -9.67254e-05 -0.00268578 0.0240737 0.0326182 0.00190571 0.0565727 0.0213852 0.0272734 0.0104596
internal_weight=48553.6 34082.7 32833.2 14471 7167.33 27421.4 23342.1 5308.76 3831.48 1477.28 7303.62 5411.79 454.748 274.459
internal_count=186325 152804 139307 33521 16573 127218 113404 12808 8784 4024 16948 12089 1020 670
is_linear=0
shrinkage=0.05


Tree=32
num_leaves=15
num_cat=0
split_feature=4 3 1 9 16 18 57 61 3 3 3 58 1 1
split_gain=7322.49 1858.17 606.314 602.206 694.329 552.284 507.054 455.819 351.907 214.816 195.809 154.049 141.539 232.162
threshold=1.0000000180025095e-35 1.0000000180025095e-35 21.500000000000004 1.0000000180025095e-35 1.0000000180025095e-35 1.0000000180025095e-35 1.0000000180025095e-35 1.0000000180025095e-35 1.0000000180025095e-35 1.0000000180025095e-35 1.0000000180025095e-35 1.0000000180025095e-35 1.5000000000000002 22.500000000000004
decision_type=2 2 2 2 2 2 2 2 2 2 2 2 2 2
left_child=1 2 6 4 5 -2 11 -8 -6 -7 -5 -1 -3 -14
right_child=3 12 -4 10 8 9 7 -9 -10 -11 -12 -13 13 -15
leaf_value=0.0010276509181395101 0.058432997308617118 0.011734323628044829 -0.055917295323018729 -0.0040615207521791765 0.012440028512916718 0.015394911348222233 -0.00040935905214303076 -0.01708945081585685 0.05149867537917633 0.052209626553653125 0.043768116053906118 0.01490273560355191 0.033258023621970667 0.011088862154839396
leaf_weight=6154.5481326505542 8522.735389560461 2155.6171721890569 572.15563734248281 805.76949806511402 1853.3536399900913 1181.0663327276707 7801.8511925861239 8621.3048959970474 836.79718701541424 596.33510994911194 290.2855625897646 2962.8978818207979 4041.8737108707428 1670.1769791245461
leaf_count=26516 19536 5218 4965 2183 4887 2883 39104 55965 1974 1416 651 8102 8799 4303
internal_value=0.0139248 0.0013595 -0.00505856 0.0442339 0.0472367 0.0531448 -0.00391709 -0.00916605 0.0246042 0.027769 0.00863431 0.00553778 0.022659 0.0267789
internal_weight=48066.8 33980.4 26112.8 14086.3 12990.3 10300.1 25540.6 16423.2 2690.15 1777.4 1096.06 9117.45 7867.67 5712.05
internal_count=186502 152972 134652 33530 30696 23835 129687 95069 6861 4299 2834 34618 18320 13102
is_linear=0
shrinkage=0.05


Tree=33
num_leaves=15
num_cat=0
split_feature=4 3 0 0 0 1 3 63 18 0 9 1 1 0
split_gain=6861.1 1629.6 982.126 747.534 928.102 571.629 472.772 443.117 333.64 268.238 237.559 148.671 192.824 84.3769
threshold=1.0000000180025095e-35 1.0000000180025095e-35 2514.5000000000005 9574.5000000000018 4679.5000000000009 21.500000000000004 1.0000000180025095e-35 1.0000000180025095e-35 1.0000000180025095e-35 2514.5000000000005 1.0000000180025095e-35 1.5000000000000002 22.500000000000004 14789.500000000002
decision_type=2 2 2 2 2 2 2 2 2 2 2 2 2 2
left_child=1 2 5 4 -2 7 8 -1 -6 11 -5 -3 -13 -12
right_child=3 9 -4 10 6 -7 -8 -9 -10 -11 13 12 -14 -15
leaf_value=-0.0043349478422956642 0.0617496345318461 0.011164200631616175 -0.051160936271549474 0.056555590556923101 0.016237970043936744 -0.05459902533100424 0.045873294768976086 0.014321762935323718 -0.026089424441546535 -0.057290793778383503 -0.00095429850471609131 0.032738216770130689 0.012386600119555868 0.040177789810013277
leaf_weight=20575.209276601672 1739.8113548159599 2096.8923411071301 1083.5846452824771 6916.7320869043469 2798.006049528718 515.6246225759387 1189.9551359266043 3764.0138288885355 557.5130602568388 105.77116300165653 235.80036674439907 3972.0833622813225 1648.5197452306747 263.47304128110409
leaf_count=104555 3746 4917 12554 17150 6935 4456 2857 12728 1598 908 620 8556 4002 554
internal_value=0.0135572 0.00144648 -0.00458648 0.0433973 0.0307028 -0.00255402 0.0188084 -0.00144925 0.00919968 0.0214471 0.0541507 0.0225335 0.0267724 0.0207886
internal_weight=47463 33761.7 25938.4 13701.3 6285.29 24854.8 4545.47 24339.2 3355.52 7823.27 7416.01 7717.5 5620.6 499.273
internal_count=186136 152676 134293 33460 15136 121739 11390 117283 8533 18383 18324 17475 12558 1174
is_linear=0
shrinkage=0.05


Tree=34
num_leaves=15
num_cat=0
split_feature=4 0 0 0 1 60 61 11 1 9 1 0 1 21
split_gain=6430.15 1343.84 761.666 889.426 597.473 358.24 544.332 317.891 303.071 226.463 91.915 70.9087 53.1411 47.952
threshold=1.0000000180025095e-35 2514.5000000000005 9574.5000000000018 4679.5000000000009 5.5000000000000009 1.0000000180025095e-35 1.0000000180025095e-35 1.0000000180025095e-35 5.5000000000000009 1.0000000180025095e-35 1.0000000180025095e-35 17392.000000000004 21.500000000000004 1.0000000180025095e-35
decision_type=2 2 2 2 2 2 2 2 2 2 2 2 2 2
left_child=1 4 3 -2 10 6 -6 8 -5 -4 -1 13 -7 -11
right_child=2 -3 9 7 5 12 -8 -9 -10 11 -12 -13 -14 -15
leaf_value=0.0060751030564275737 0.06070560213244356 -0.051751241328409893 0.055866512256747741 0.043211013999944176 0.0097484948281679595 -0.030211800332355154 -0.0048557088646494859 0.063797620439221589 0.0080985703621156147 -0.0021404409918158646 0.022160471272254314 0.045069803048402073 0.0047695555698999258 0.055371555011082853
leaf_weight=1135.0129695236683 1674.6046641767025 1151.0526788532734 6652.3782323524356 745.71064148843288 11226.836205996573 1064.362637296319 14777.625388987362 350.65008451044559 3476.7263464480639 264.33622759580612 4097.0996998846531 182.74468703567982 120.60518836975098 40.990606531500816
leaf_count=2735 3757 13559 17130 1850 46040 5597 75017 718 8991 697 9258 381 430 76
internal_value=0.0130001 0.00131604 0.0422972 0.0295396 0.00320161 0.000223876 0.00144946 0.0181162 0.0143084 0.0534541 0.0186729 0.0205256 -0.0266504 0.00573619
internal_weight=46960.7 33572.6 13388.1 6247.69 32421.5 27189.4 26004.5 4573.09 4222.44 7140.45 5232.11 488.072 1184.97 305.327
internal_count=186236 152636 33600 15316 139077 127084 121057 11559 10841 18284 11993 1154 6027 773
is_linear=0
shrinkage=0.05


Tree=35
num_leaves=15
num_cat=0
split_feature=4 3 0 0 0 1 3 0 58 0 9 1 1 0
split_gain=5993.95 1430.98 895.243 753.808 718.091 527.925 491.979 397.105 353.607 243.493 125.713 105.269 196.117 46.7522
threshold=1.0000000180025095e-35 1.0000000180025095e-35 2465.5000000000005 11773.500000000002 4679.5000000000009 21.500000000000004 1.0000000180025095e-35 7220.5000000000009 1.0000000180025095e-35 2514.5000000000005 1.0000000180025095e-35 1.5000000000000002 22.500000000000004 18065.500000000004
decision_type=2 2 2 2 2 2 2 2 2 2 2 2 2 2
left_child=1 2 5 4 -2 8 7 -6 -1 11 -5 -3 -13 -12
right_child=3 9 -4 10 6 -7 -8 -9 -10 -11 13 12 -14 -15
leaf_value=-0.0035575699255075924 0.060132472572341111 0.011644248392564146 -0.048720814867985122 0.056555479419566748 -0.001533743987706406 -0.053725918499062497 0.046570449817128198 0.02941426994287439 0.015129377066401826 -0.056478994079994661 0.011475311361365721 0.030891773873991196 0.010391714061558168 0.046714646874094899
leaf_weight=21339.379957601428 1590.4331420361996 2116.6306905001402 1087.201639469713 5450.9725694656372 2173.6292549073696 489.69668397307396 1507.0893077254295 1980.2065824717283 2871.2695775926113 101.44696401059628 217.24318155646324 3897.4390183538198 1666.8739936202765 166.28885759413242
leaf_count=109356 3692 4956 13071 14796 5843 4397 3878 4628 7444 943 530 8588 4080 348
internal_value=0.0125237 0.00133414 -0.00433702 0.0412267 0.0304549 -0.00238155 0.0221078 0.0132232 -0.00134085 0.0201241 0.0546068 0.0211431 0.0247536 0.0268359
internal_weight=46655.8 33569.9 25787.5 13085.9 7251.36 24700.3 5660.93 4153.84 24210.6 7782.39 5834.5 7680.94 5564.31 383.532
internal_count=186550 152835 134268 33715 18041 121197 14349 10471 116800 18567 15674 17624 12668 878
is_linear=0
shrinkage=0.05


Tree=36
num_leaves=15
num_cat=0
split_feature=0 3 1 57 61 9 16 0 1 1 0 58 0 3
split_gain=5353.36 1582.58 678.649 413.519 384.41 380.661 194.06 177.102 130.918 613.044 129.542 128.046 119.967 90.0963
threshold=7906.5000000000009 1.0000000180025095e-35 21.500000000000004 1.0000000180025095e-35 1.0000000180025095e-35 1.0000000180025095e-35 1.0000000180025095e-35 13575.500000000002 22.500000000000004 21.500000000000004 2514.5000000000005 1.0000000180025095e-35 13575.500000000002 1.0000000180025095e-35
decision_type=2 2 2 2 2 2 2 2 2 2 2 2 2 2
left_child=1 2 3 11 -5 6 -2 13 9 10 -3 -1 -7 -8
right_child=5 8 -4 4 -6 12 7 -9 -10 -11 -12 -13 -14 -15
leaf_value=0.0037950014342482833 0.056319903234476922 0.016910870131701727 -0.056239634163599797 0.0027048211480032156 -0.011626605338399876 -0.0099112475027907272 0.0033889096131508225 0.05371593179840807 0.010865473553515123 0.063511026882612689 0.037759482700843491 0.015829946906946904 0.033653013389265941 0.046092186032323984
leaf_weight=6820.8748498782516 6009.1230626627803 5136.439886406064 554.94566029682755 8869.6613473594189 9901.6492491140962 312.07638415694237 440.9488692432642 593.71721848100424 1863.0228599905968 932.13484606146812 871.70303802937269 3269.1994622424245 318.41961893439293 170.67584905028343
leaf_count=28153 16415 11981 5192 41716 59924 871 1143 1598 4872 1912 2820 8840 710 418
internal_value=0.0117678 0.0040449 -0.00152124 -0.000467201 -0.00485506 0.0493875 0.0526433 0.0342825 0.0226423 0.0258016 0.0199415 0.00769552 0.0121085 0.0153612
internal_weight=46064.6 38219.6 29416.3 28861.4 18771.3 7844.96 7214.46 1205.34 8803.3 6940.28 6008.14 10090.1 630.496 611.625
internal_count=186565 165410 143825 138633 101640 21155 19574 3159 21585 16713 14801 36993 1581 1561
is_linear=0
shrinkage=0.05


Tree=37
num_leaves=15
num_cat=0
split_feature=4 3 0 0 0 1 3 63 16 0 9 1 1 3
split_gain=5316.06 1196.9 845.796 743.338 732.119 497.001 439.819 364.982 350.336 229.253 127.381 124.281 190.123 47.8929
threshold=1.0000000180025095e-35 1.0000000180025095e-35 2514.5000000000005 11773.500000000002 4515.5000000000009 21.500000000000004 1.0000000180025095e-35 1.0000000180025095e-35 1.0000000180025095e-35 2514.5000000000005 1.0000000180025095e-35 1.5000000000000002 22.500000000000004 1.0000000180025095e-35
decision_type=2 2 2 2 2 2 2 2 2 2 2 2 2 2
left_child=1 2 5 4 -2 7 8 -1 -6 11 -5 -3 -13 -12
right_child=3 9 -4 10 6 -7 -8 -9 -10 -11 13 12 -14 -15
leaf_value=-0.004003244797108025 0.060501113056975087 0.0090802679907522315 -0.050437004409831968 0.055591994084667674 0.021573589560329037 -0.053392327937916401 0.044420863576120656 0.012837178856970414 -0.010452369535809351 -0.056269898899195148 0.012051721212531256 0.029629530714311889 0.0092805391368309172 0.050038875371602592
leaf_weight=20418.450203746557 1437.5228470861912 2084.5781616568565 947.96865078061819 4988.9754496216774 2904.7999311238527 466.60788954049349 1421.6289697363973 3818.1822883039713 1208.5935436487198 100.33223555237055 243.79933938384056 3779.5750451683998 1650.0632385462523 125.51194907724857
leaf_count=104509 3489 4960 12484 14685 7024 4562 3898 12820 3491 955 572 8524 4047 292
internal_value=0.0114476 0.00105297 -0.00411451 0.0394877 0.0287188 -0.00233495 0.0204551 -0.00134982 0.0121635 0.018459 0.0534928 0.0194641 0.0234483 0.0250621
internal_weight=45596.6 33265.8 25651.2 12330.8 6972.55 24703.2 5535.02 24236.6 4113.39 7614.55 5358.29 7514.22 5429.64 369.311
internal_count=186312 152861 134375 33451 17902 121891 14413 117329 10515 18486 15549 17531 12571 864
is_linear=0
shrinkage=0.05


Tree=38
num_leaves=15
num_cat=0
split_feature=4 3 9 1 60 61 18 3 3 3 1 1 1 1
split_gain=5007.12 1042.26 614.806 460.582 354.691 483.351 338.55 194.094 188.933 122.453 243.817 112.841 169.472 457.691
threshold=1.0000000180025095e-35 1.0000000180025095e-35 1.0000000180025095e-35 21.500000000000004 1.0000000180025095e-35 1.0000000180025095e-35 1.0000000180025095e-35 1.0000000180025095e-35 1.0000000180025095e-35 1.0000000180025095e-35 21.500000000000004 1.5000000000000002 22.500000000000004 21.500000000000004
decision_type=2 2 2 2 2 2 2 2 2 2 2 2 2 2
left_child=1 3 6 4 5 -1 9 -4 -8 10 -2 -3 13 -13
right_child=2 11 7 -5 -6 -7 8 -9 -10 -11 -12 12 -14 -15
leaf_value=0.0063265417801812544 0.0421125753842575 0.0074284858412711598 -0.010154589063895922 -0.052882313211708276 -0.030822920139228289 -0.0079724674615146863 0.0088707838106083011 0.039888858420611184 0.046868035622103524 0.053343491128402989 -0.096279304861035295 0.018537621014873155 0.0079270036532014653 0.063109672701537098
leaf_weight=10536.836248151958 6095.1162698417902 2105.7736607939005 795.39885056018829 469.7263295724988 1091.5826884806156 13456.720005981624 1081.3320630863309 255.0554428473115 468.4586850181222 3332.1612586155534 31.08342382311821 3040.9325583353639 1693.2340131774545 710.0306204855442
leaf_count=46812 15639 5267 2216 5025 6209 76222 2867 650 1375 10705 134 7432 4392 1435
internal_value=0.0109891 0.000940939 0.0385723 -0.00388141 -0.00296179 -0.00169302 0.0420596 0.00202259 0.0203791 0.0456095 0.0413948 0.0172618 0.0210632 0.0269894
internal_weight=45163.4 33104.8 12058.6 25554.9 25085.1 23993.6 11008.2 1050.45 1549.79 9458.36 6126.2 7549.97 5444.2 3750.96
internal_count=186380 152794 33586 134268 129243 123034 30720 2866 4242 26478 15773 18526 13259 8867
is_linear=0
shrinkage=0.05


Tree=39
num_leaves=15
num_cat=0
split_feature=4 0 0 0 16 18 1 57 60 1 58 9 1 21
split_gain=4605.63 1111.98 777.552 726.252 453.066 599.241 350.504 358.552 298.193 151.452 104.09 96.9295 71.0031 34.9779
threshold=1.0000000180025095e-35 2514.5000000000005 12392.500000000002 4515.5000000000009 1.0000000180025095e-35 1.0000000180025095e-35 5.5000000000000009 1.0000000180025095e-35 1.0000000180025095e-35 6.5000000000000009 1.0000000180025095e-35 1.0000000180025095e-35 1.0000000180025095e-35 1.0000000180025095e-35
decision_type=2 2 2 2 2 2 2 2 2 2 2 2 2 2
left_child=1 6 3 -2 5 -5 12 10 -9 -6 -8 -4 -1 -13
right_child=2 -3 11 4 9 -7 7 8 -10 -11 -12 13 -14 -15
leaf_value=0.0036245510321232469 0.05957025494812708 -0.050784118274163272 0.055135055365114295 0.037559246356399893 0.03166758764332777 -0.010109471301194649 0.0045542280611229292 -0.0025186603075744683 -0.035368006315981818 -0.010889971987316331 0.015691856522211636 0.020143682274868274 0.017906578251270771 0.061754898813219751
leaf_weight=1117.4676068425179 1364.8534859716892 1002.017087560147 4414.8627403527498 3195.2139430195093 247.96721699088812 830.15793918818235 6448.1174099296331 16570.049439668655 719.92105630785227 1303.4325339645147 3109.3255345225334 286.71007473766804 3941.8462505638599 60.900709927082062
leaf_count=2734 3544 13440 14011 8251 641 2358 25938 88491 4351 3775 8088 698 9324 117
internal_value=0.0106343 0.00105326 0.0375712 0.0268901 0.0188828 0.0277284 0.00268273 0.00040759 -0.00388841 -0.00407179 0.0081789 0.0531308 0.0147534 0.0275901
internal_weight=44612.8 32908.7 11704.1 6941.63 5576.77 4025.37 31906.7 26847.4 17290 1551.4 9557.44 4762.47 5059.31 347.611
internal_count=185761 152366 33395 18569 15025 10609 138926 126868 92842 4416 34026 14826 12058 815
is_linear=0
shrinkage=0.05


Tree=40
num_leaves=15
num_cat=0
split_feature=0 3 1 4 0 0 4 0 0 3 1 11 12 0
split_gain=4491.7 1199.74 574.144 468.83 1069.71 755.292 224.809 204.249 180.721 98.5173 86.7852 65.3496 61.582 40.9662
threshold=7906.5000000000009 1.0000000180025095e-35 21.500000000000004 1.0000000180025095e-35 4679.5000000000009 2514.5000000000005 1.0000000180025095e-35 2514.5000000000005 13575.500000000002 1.0000000180025095e-35 1.5000000000000002 1.0000000180025095e-35 1.0000000180025095e-35 4679.5000000000009
decision_type=2 2 2 2 2 2 2 2 2 2 2 2 2 2
left_child=1 2 3 5 -5 -1 7 10 9 11 -3 12 -2 -8
right_child=8 6 -4 4 -6 -7 13 -9 -10 -11 -12 -13 -14 -15
leaf_value=-0.0016903058423351888 0.024394218814775267 0.0087725211966879265 -0.055480906980958179 0.058452151013659318 -0.0019358186701077858 -0.049710629295834391 0.055518305315922722 -0.055645841595318116 0.053488835433344262 0.051006318096217244 0.02084749918087846 0.059031831642751276 0.059106176872093852 0.034244390467254776
leaf_weight=24112.127715080976 1541.4296083524823 2073.9633945375681 489.54074297100306 1048.6130426004529 2433.5462765544653 846.64028934389353 344.75429929047823 95.887316159904003 4173.1614759042859 847.85169100016356 5285.8061476647854 179.70356479287148 139.04741837084293 686.68613739311695
leaf_count=117285 3996 4953 5158 2573 6564 12023 1201 981 13548 2705 12582 462 340 1988
internal_value=0.00982941 0.00300122 -0.00184822 -0.000923144 0.0162609 -0.00332116 0.0195301 0.0164991 0.0469529 0.0368649 0.0174465 0.0303954 0.0272998 0.041402
internal_weight=44298.8 37417.6 28930.5 28440.9 3482.16 24958.8 8487.1 7455.66 6881.19 2708.03 7359.77 1860.18 1680.48 1031.44
internal_count=186359 165308 143603 138445 9137 129308 21705 18516 21051 7503 17535 4798 4336 3189
is_linear=0
shrinkage=0.05


Tree=41
num_leaves=15
num_cat=0
split_feature=4 3 9 16 18 1 63 62 3 3 3 1 1 1
split_gain=4053.56 833.401 576.789 756.522 576.137 398.807 358.392 332.301 248.663 178.262 144.407 83.8737 581.271 82.4202
threshold=1.0000000180025095e-35 1.0000000180025095e-35 1.0000000180025095e-35 1.0000000180025095e-35 1.0000000180025095e-35 21.500000000000004 1.0000000180025095e-35 1.0000000180025095e-35 1.0000000180025095e-35 1.0000000180025095e-35 1.0000000180025095e-35 22.500000000000004 21.500000000000004 21.500000000000004
decision_type=2 2 2 2 2 2 2 2 2 2 2 2 2 2
left_child=1 5 3 4 -2 6 7 -1 13 -6 -4 12 -3 -5
right_child=2 11 10 8 9 -7 -8 -9 -10 -11 -12 -13 -14 -15
leaf_value=-0.0090927756250245174 0.053640017963487989 0.012990955058576276 -0.0099326072594750625 0.0058378151518386255 0.007565252574835874 -0.050874022519485612 0.011587053719334547 0.0044735250059323431 0.041569531443943965 0.045727986399694699 0.03492481011547062 0.0061235739095751984 0.062040321233297779 -0.083133533941873269
leaf_weight=14419.107494838536 6371.7359862923622 5060.7204254120588 787.20545615255833 1646.5316981896758 1033.5840556323528 427.93681383132935 3939.6681302562356 6569.9117932766676 616.36789686977863 434.00749433785677 231.28963727504015 1673.1684186980128 685.05692464113235 25.450386241078377
leaf_count=82450 19651 12660 2187 4703 2819 5000 13908 32714 1964 1398 644 4394 1456 113
internal_value=0.0100997 0.00124134 0.0361454 0.039752 0.0471348 -0.00307145 -0.00224884 -0.00484629 0.0144507 0.0188745 0.000278311 0.0159801 0.0188488 0.00443464
internal_weight=43921.7 32775.6 11146.2 10127.7 7839.33 25356.6 24928.7 20989 2288.35 1467.59 1018.5 7418.95 5745.78 1671.98
internal_count=186061 152582 33479 30648 23868 134072 129072 115164 6780 4217 2831 18510 14116 4816
is_linear=0
shrinkage=0.05


Tree=42
num_leaves=15
num_cat=0
split_feature=0 3 1 4 0 0 9 4 16 0 0 0 1 18
split_gain=4009.3 947.448 518.252 396.516 956.331 729.037 344.797 214.029 203.112 177.426 156.671 112.684 85.2324 83.5794
threshold=7906.5000000000009 1.0000000180025095e-35 21.500000000000004 1.0000000180025095e-35 4679.5000000000009 2514.5000000000005 1.0000000180025095e-35 1.0000000180025095e-35 1.0000000180025095e-35 2514.5000000000005 14789.500000000002 18065.500000000004 1.0000000180025095e-35 1.0000000180025095e-35
decision_type=2 2 2 2 2 2 2 2 2 2 2 2 2 2
left_child=1 2 3 5 -5 -1 8 9 13 12 -10 -8 -3 -2
right_child=6 7 -4 4 -6 -7 11 -9 10 -11 -12 -13 -14 -15
leaf_value=-0.00099308480568420445 0.056293514395779932 0.0032200186332331732 -0.054241939195453483 0.057459842555899976 -0.0010762534291440193 -0.049278758831809738 -0.0044564435875221438 0.039895706325465914 0.013128183285653478 -0.055333904143717527 0.052260991115945489 0.045158540588903284 0.018204082314639356 0.036916287746607622
leaf_weight=24110.548088513315 4183.8620382398367 1124.1258104145527 452.50001387298107 974.25256651639938 2452.0565224736929 806.92020802944899 424.00541543960571 979.86838462203741 615.93123536556959 87.589263714849949 437.54886877536774 155.66986544430256 6109.221372872591 651.07076691836119
leaf_count=117449 14422 2760 5168 2543 6613 11992 1155 3224 1699 927 1451 354 14721 1960
internal_value=0.00941044 0.00307631 -0.00121397 -0.000365512 0.0155801 -0.00255867 0.0457331 0.0179581 0.0493548 0.0150168 0.0294156 0.00892232 0.0158762 0.0536924
internal_weight=43565.2 37097.1 28796.3 28343.8 3426.31 24917.5 6468.09 8300.8 5888.41 7320.94 1053.48 579.675 7233.35 4834.93
internal_count=186438 165397 143765 138597 9156 129441 21041 21632 19532 18408 3150 1509 17481 16382
is_linear=0
shrinkage=0.05


Tree=43
num_leaves=15
num_cat=0
split_feature=0 3 1 9 57 63 1 1 1 0 58 18 0 21
split_gain=3663.92 864.695 505.168 358.416 352.328 321.67 118.168 167.771 470.202 116.876 92.0193 90.5904 87.7505 61.1062
threshold=7906.5000000000009 1.0000000180025095e-35 21.500000000000004 1.0000000180025095e-35 1.0000000180025095e-35 1.0000000180025095e-35 1.0000000180025095e-35 22.500000000000004 21.500000000000004 13575.500000000002 1.0000000180025095e-35 1.0000000180025095e-35 14789.500000000002 1.0000000180025095e-35
decision_type=2 2 2 2 2 2 2 2 2 2 2 2 2 2
left_child=1 2 4 9 10 -6 -3 8 -8 11 -1 -2 -5 -13
right_child=3 6 -4 12 5 -7 7 -9 -10 -11 -12 13 -14 -15
leaf_value=0.004034335813474314 0.043204404412756449 0.0030471302591961198 -0.054196400596413279 -0.0086808096068378537 -0.0073459607728025116 0.010373211328485728 0.018136167863462178 0.0068560060092989275 0.060421324224226136 0.05417316089473339 0.014317569650367838 -9.3877821358525921e-05 0.030657296782666679 0.056046153864611384
leaf_weight=6748.9444804415107 1935.2664425820112 1229.4126461520791 439.10126543045044 348.49965372681618 15127.214950628579 3082.4412716925144 4396.9864856749773 1833.2188031896949 772.43935246765614 3433.3121922537684 3210.2328759878874 215.04767714440823 237.60131911188364 61.573630124330521
leaf_count=28217 5853 3313 5216 971 89998 11079 11543 4921 1873 12818 8803 651 573 141
internal_value=0.00906617 0.00306805 -0.00104126 0.0445213 -0.000210775 -0.00434614 0.0173471 0.0198568 0.0244651 0.0483847 0.00735013 0.0393793 0.00729164 0.0125593
internal_weight=43071.3 36840 28607.9 6231.3 28168.8 18209.7 8232.06 7002.64 5169.43 5645.2 9959.18 2211.89 586.101 276.621
internal_count=185970 164963 143313 21007 138097 101077 21650 18337 13416 19463 37020 6645 1544 792
is_linear=0
shrinkage=0.05


Tree=44
num_leaves=15
num_cat=0
split_feature=4 3 16 9 1 57 61 3 3 1 1 1 58 3
split_gain=3350.85 608.315 535.817 724.577 328.188 286.472 304.761 239.559 161.413 79.5645 197.445 392.173 74.696 70.1775
threshold=1.0000000180025095e-35 1.0000000180025095e-35 1.0000000180025095e-35 1.0000000180025095e-35 21.500000000000004 1.0000000180025095e-35 1.0000000180025095e-35 1.0000000180025095e-35 1.0000000180025095e-35 2.5000000000000004 22.500000000000004 21.500000000000004 1.0000000180025095e-35 1.0000000180025095e-35
decision_type=2 2 2 2 2 2 2 2 2 2 2 2 2 2
left_child=1 4 3 13 5 12 -7 -4 -5 -3 11 -11 -1 -2
right_child=2 9 7 8 -6 6 -8 -9 -10 10 -12 -13 -14 -15
leaf_value=0.0015218476663234886 0.041097634604270072 0.0067654326339218378 0.0018530527350197239 -0.011966685108703591 -0.049411597382218501 0.0006369529638812207 -0.013271625788964648 0.039611533801477992 0.035690460001956859 0.015467261915159078 0.0038829474982549315 0.0604499473204725 0.011233365633521609 0.051564968790984447
leaf_weight=6056.0549081191421 4654.1384157985449 2826.3708413019776 1654.4631870761514 761.28659702837467 376.23536157235503 7692.3122937828302 8069.6792114526033 562.07441119104624 230.67110967636108 2129.5101805925369 1659.5206607803702 626.72021347284317 2941.0739067420363 2482.6042277216911
leaf_count=26385 13665 7247 4893 2147 5015 38873 55725 1968 669 5439 4391 1455 8093 10160
internal_value=0.00846818 0.000552579 0.0332392 0.0391808 -0.00312628 -0.00242097 -0.00648422 0.0114415 -0.000859649 0.0133195 0.0175121 0.0257138 0.00469734 0.0447455
internal_weight=42722.7 32377.5 10345.2 8128.7 25135.4 24759.1 15762 2216.54 991.958 7242.12 4415.75 2756.23 8997.13 7136.74
internal_count=186125 152623 33502 26641 134091 129076 94598 6861 2816 18532 11285 6894 34478 23825
is_linear=0
shrinkage=0.05


Tree=45
num_leaves=15
num_cat=0
split_feature=60 61 58 9 21 58 9 16 57 18 28 23 55 6
split_gain=149.37 198.638 102.747 35.4892 30.6649 29.3944 28.8888 28.5894 27.1374 14.4114 9.2149 7.96504 7.7555 6.46758
threshold=1.0000000180025095e-35 1.0000000180025095e-35 1.0000000180025095e-35 1.0000000180025095e-35 1.0000000180025095e-35 1.0000000180025095e-35 1.0000000180025095e-35 1.0000000180025095e-35 1.0000000180025095e-35 1.0000000180025095e-35 1.0000000180025095e-35 1.0000000180025095e-35 1.0000000180025095e-35 1.0000000180025095e-35
decision_type=2 2 2 2 2 2 2 2 2 2 2 2 2 2
left_child=1 6 3 7 -5 10 8 -3 12 -10 -2 13 -1 -8
right_child=5 2 -4 4 -6 -7 11 -9 9 -11 -12 -13 -14 -15
leaf_value=0.017526645511020546 -0.0053656846483606108 0.0059217700323599956 0.015810835131567402 -0.011468055653532351 0.012000315052667418 0.013294810198594496 0.00033115147960523109 0.0003836168636535664 0.012571261024945594 0.0062962160840891665 -0.013842026103305545 -0.0080688946770886543 0.012895289963534515 0.01298169367194087
leaf_weight=3845.9677005931735 1299.650711402297 17780.281784702092 2354.0800053589046 576.01620589196682 182.55071776732802 188.28910615667701 252.16784370318055 2681.9389568306506 10413.937469795346 1006.5190754681826 425.90800778567791 147.49032128602266 1202.1424025669694 167.63377895951271
leaf_count=12999 6343 88022 6725 2327 771 553 948 12424 43812 4376 2129 516 4184 591
internal_value=0.0082318 0.00887511 0.0059021 0.0048022 -0.00581198 -0.0054164 0.0129887 0.00519595 0.0133708 0.0120188 -0.00746465 0.00189135 0.0164265 0.00540157
internal_weight=42524.6 40610.7 23574.9 21220.8 758.567 1913.85 17035.9 20462.2 16468.6 11420.5 1725.56 567.292 5048.11 419.802
internal_count=186720 177695 110269 103544 3098 9025 67426 100446 65371 48188 8472 2055 17183 1539
is_linear=0
shrinkage=0.05


Tree=46
num_leaves=15
num_cat=0
split_feature=4 3 16 9 18 57 60 61 3 3 3 1 1 1
split_gain=3176.98 615.519 520.144 670.462 670.697 323.529 249.552 349.474 221.366 177.867 113.94 91.0471 84.9891 110.752
threshold=1.0000000180025095e-35 1.0000000180025095e-35 1.0000000180025095e-35 1.0000000180025095e-35 1.0000000180025095e-35 1.0000000180025095e-35 1.0000000180025095e-35 1.0000000180025095e-35 1.0000000180025095e-35 1.0000000180025095e-35 1.0000000180025095e-35 21.500000000000004 1.0000000180025095e-35 22.500000000000004
decision_type=2 2 2 2 2 2 2 2 2 2 2 2 2 2
left_child=1 5 3 4 -2 11 7 -7 -4 -6 -5 -1 -3 -14
right_child=2 12 8 10 9 6 -8 -9 -10 -11 -12 -13 13 -15
leaf_value=0.0043779562962928953 0.051647504437093927 0.0003352509804307992 0.001744594572625574 -0.0091150493475394105 0.0018211492589986203 0.001472445118476484 -0.037985405357198639 -0.013639899184358838 0.038418992951596308 0.041710733319162849 0.031894384438549798 -0.047023890662552532 0.019601239449387887 0.0044440387038030982
leaf_weight=9073.9261955469847 5483.0752461254597 1110.4752719253302 1668.7807136997581 777.13317109644413 1012.4011168628931 7165.8428616002202 659.41992564871907 8205.3010403551161 545.15046855062246 385.06147389113903 215.4989912584424 85.980155311524868 4339.5887255221605 1669.4120980873704
leaf_count=34588 19515 2892 4925 2164 2916 35618 4701 58114 1969 1411 647 1240 11045 4402
internal_value=0.00771132 6.34382e-05 0.0322058 0.0382262 0.0437674 -0.00360547 -0.0078886 -0.00659507 0.0107884 0.0128344 -0.000188823 0.00389039 0.0130436 0.0153917
internal_weight=42397 32309.9 10087.1 7873.17 6880.54 25190.5 16030.6 15371.1 2213.93 1397.46 992.632 9159.91 7119.48 6009
internal_count=186147 152600 33547 26653 23842 134261 98433 93732 6894 4327 2811 35828 18339 15447
is_linear=0
shrinkage=0.05


Tree=47
num_leaves=15
num_cat=0
split_feature=0 3 9 4 0 0 60 16 4 10 0 0 0 18
split_gain=3278.14 701.603 331.273 270.286 985.46 655.893 261.682 221.221 179.832 177.092 163.967 159.399 100.656 94.3493
threshold=7906.5000000000009 1.0000000180025095e-35 1.0000000180025095e-35 1.0000000180025095e-35 4515.5000000000009 2514.5000000000005 1.0000000180025095e-35 1.0000000180025095e-35 1.0000000180025095e-35 1.0000000180025095e-35 2514.5000000000005 15432.500000000002 12392.500000000002 1.0000000180025095e-35
decision_type=2 2 2 2 2 2 2 2 2 2 2 2 2 2
left_child=1 3 7 5 -5 6 -1 13 10 -6 -3 -9 -4 -2
right_child=2 8 12 4 9 -7 -8 11 -10 -11 -12 -13 -14 -15
leaf_value=-0.0010047388181417883 0.055046683487234842 0.01321858184379566 -0.017325015642119263 0.058254776292934699 -0.0067603595935887516 -0.048377578772370596 -0.027051854602294235 0.0099938537961986786 0.036371062521239748 0.065372020589322663 -0.055245059779946183 0.051914023191034553 0.024854682637636197 0.033333283598220687
leaf_weight=23277.984474975616 3525.0182152763009 7032.5746212601662 245.92113265395164 844.33396843075752 2406.5136159136891 789.01236310042441 1004.9372092187405 617.36014325171709 875.906653419137 87.211065918207169 87.587600201368332 357.99965877085924 330.24211917817593 589.79692076146603
leaf_count=115945 14400 17525 721 2400 6784 12504 5805 1794 3234 160 941 1332 818 1978
internal_value=0.0074263 0.00191965 0.0427998 -0.00176288 0.0116008 -0.00354249 -0.00208376 0.0468665 0.0150022 -0.00421254 0.0123687 0.0254178 0.00685249 0.0519432
internal_weight=42072.4 36406.1 5666.34 28410 3338.06 25071.9 24282.9 5090.17 7996.07 2493.72 7120.16 975.36 576.163 4114.82
internal_count=186341 165298 21043 143598 9344 134254 121750 19504 21700 6944 18466 3126 1539 16378
is_linear=0
shrinkage=0.05


Tree=48
num_leaves=15
num_cat=0
split_feature=0 3 1 9 60 61 16 0 4 0 18 0 0 3
split_gain=2995.6 605.265 433.722 320.353 238.86 348.21 238.841 172.212 170.934 154.706 90.5506 90.6874 87.581 76.9935
threshold=7906.5000000000009 1.0000000180025095e-35 21.500000000000004 1.0000000180025095e-35 1.0000000180025095e-35 1.0000000180025095e-35 1.0000000180025095e-35 13575.500000000002 1.0000000180025095e-35 2514.5000000000005 1.0000000180025095e-35 12990.500000000002 15432.500000000002 1.0000000180025095e-35
decision_type=2 2 2 2 2 2 2 2 2 2 2 2 2 2
left_child=1 2 4 6 5 -1 10 13 9 -3 -2 -12 -5 -8
right_child=3 8 -4 12 -6 -7 7 -9 -10 -11 11 -13 -14 -15
leaf_value=0.0069544457258421373 0.054726612938854363 0.012802746865771823 -0.052863786756764522 -0.008294836228586509 -0.022663958564114239 -0.0045091734850727927 -0.0053884337312010006 0.047765382498241027 0.035928427414812628 -0.054902940857214227 0.0095763435073086926 0.049672681685854723 0.032244472538218542 0.039298155574394464
leaf_weight=11897.898830380291 3356.1129541248083 6999.2456248402596 398.33213472180068 362.83052843809128 1152.495567753911 14942.513642817736 414.72489704191685 416.5862885415554 832.75883840769529 84.433177769184113 239.27665532380342 344.42791191488504 209.26533415913582 124.50893303006887
leaf_count=50352 14330 17505 5188 1021 6596 81442 1131 1610 3171 949 712 1276 520 403
internal_value=0.00748233 0.00228601 -0.00112304 0.041981 -0.00038492 0.000572524 0.0461176 0.02366 0.0145107 0.0119881 0.0515585 0.0332806 0.00656431 0.00498333
internal_weight=41775.4 36307.7 28391.2 5467.73 27992.9 26840.4 4895.64 955.82 7916.44 7083.68 3939.82 583.705 572.096 539.234
internal_count=186206 165203 143578 21003 138390 131794 19462 3144 21625 18454 16318 1988 1541 1534
is_linear=0
shrinkage=0.05


Tree=49
num_leaves=15
num_cat=0
split_feature=4 3 3 9 18 57 60 61 11 21 59 21 57 60
split_gain=2677.98 467.532 426.157 363.743 311.144 296.532 239.906 313.554 146.812 110.897 66.8368 39.5347 39.349 38.8836
threshold=1.0000000180025095e-35 1.0000000180025095e-35 1.0000000180025095e-35 1.0000000180025095e-35 1.0000000180025095e-35 1.0000000180025095e-35 1.0000000180025095e-35 1.0000000180025095e-35 1.0000000180025095e-35 1.0000000180025095e-35 1.0000000180025095e-35 1.0000000180025095e-35 1.0000000180025095e-35 1.0000000180025095e-35
decision_type=2 2 2 2 2 2 2 2 2 2 2 2 2 2
left_child=1 5 3 4 8 10 7 -7 -2 -6 -1 -5 -3 -12
right_child=2 12 -4 11 9 6 -8 -9 -10 -11 13 -13 -14 -15
leaf_value=0.010115520412269673 0.0296936181521552 0.017547323026838819 0.046549536752705484 -0.01409287881656613 -0.0056646678752527574 0.0014597571458437382 -0.037837878657861118 -0.01287395045640637 0.056976760224239933 0.038260591447670432 0.0018116149714469958 0.014838943825026488 0.0090983027129611146 -0.018066166729684138
leaf_weight=2967.7013027667999 4264.9990355372429 1885.9788426235318 2822.6879209280014 635.57768133282661 815.21443659067154 7222.4962415769696 619.05598154291511 8086.3896308019757 558.36857676506042 173.39625170826912 5916.2963698487729 144.10432294011116 5133.2587426379323 255.69536409527063
leaf_count=8300 13721 4773 12884 1821 2438 35819 4719 58220 1937 444 26196 361 13616 1303
internal_value=0.00684588 -3.41848e-05 0.0302927 0.0233252 0.0276266 -0.00322799 -0.00734724 -0.00611187 0.0328632 0.00207043 0.00395072 -0.00873341 0.0113706 0.000985318
internal_weight=41501.2 32086.9 9414.35 6591.66 5811.98 25067.6 15927.9 15308.9 4823.37 988.611 9139.69 779.682 7019.24 6171.99
internal_count=186552 152946 33606 20722 18540 134557 98758 94039 15658 2882 35799 2182 18389 27499
is_linear=0
shrinkage=0.05


Tree=50
num_leaves=15
num_cat=0
split_feature=0 3 1 57 4 0 4 0 16 58 18 1 0 3
split_gain=2810.14 517.176 400.687 246.368 199.244 195.187 174.709 140.832 117.297 82.0908 79.9719 72.1284 51.9497 46.3018
threshold=8299.0000000000018 1.0000000180025095e-35 21.500000000000004 1.0000000180025095e-35 1.0000000180025095e-35 14164.000000000002 1.0000000180025095e-35 2514.5000000000005 1.0000000180025095e-35 1.0000000180025095e-35 1.0000000180025095e-35 22.500000000000004 4679.5000000000009 1.0000000180025095e-35
decision_type=2 2 2 2 2 2 2 2 2 2 2 2 2 2
left_child=1 2 3 9 -5 8 7 11 10 -1 -2 -3 -8 -10
right_child=5 6 -4 4 -6 -7 12 -9 13 -11 -12 -13 -14 -15
leaf_value=0.0023029843690757276 0.041442642400096957 0.013964715257526687 -0.052728674109098553 -0.0064649489083383098 0.0088661085664844298 0.050512749343033625 0.053402341419327419 -0.054649403818717482 0.00028673848862559054 0.012011176664889121 0.010149347653529428 0.0019062710939153954 0.026221473124482295 0.036304389142386165
leaf_weight=6773.095406383276 1384.8574261963367 5298.1761986911297 376.56313950009644 15518.778860021383 2453.5003910511732 2803.8437976390123 254.58820751309395 81.331827789545059 373.55718057602644 3208.6978298723698 240.34079395979643 1619.4552173763514 578.97831005603075 116.23837262392044
leaf_count=28338 5296 13467 5108 94591 6945 12802 1210 946 1019 8782 765 4056 2183 415
internal_value=0.00640282 0.00157946 -0.00156462 -0.000873538 -0.00437164 0.0418565 0.0129505 0.0103702 0.0303624 0.00542462 0.036824 0.0111425 0.0345771 0.00889101
internal_weight=41082 36163.2 28330.6 27954.1 17972.3 4918.84 7832.53 6998.96 2114.99 9981.79 1625.2 6917.63 833.567 489.796
internal_count=185923 165626 143764 138656 101536 20297 21862 18469 7495 37120 6061 17523 3393 1434
is_linear=0
shrinkage=0.05


Tree=51
num_leaves=15
num_cat=0
split_feature=0 3 57 4 0 0 0 4 16 0 18 58 3 21
split_gain=2503.54 453.974 225.095 203.22 619.914 393.868 194.553 183.075 133.125 132.592 64.1809 61.0217 56.4202 59.1319
threshold=8716.5000000000018 1.0000000180025095e-35 1.0000000180025095e-35 1.0000000180025095e-35 4679.5000000000009 2514.5000000000005 13575.500000000002 1.0000000180025095e-35 1.0000000180025095e-35 2514.5000000000005 1.0000000180025095e-35 1.0000000180025095e-35 1.0000000180025095e-35 1.0000000180025095e-35
decision_type=2 2 2 2 2 2 2 2 2 2 2 2 2 2
left_child=1 2 11 5 -5 -4 8 9 10 -3 -2 -1 13 -10
right_child=6 7 3 4 -6 -7 -8 -9 12 -11 -12 -13 -14 -15
leaf_value=0.0025346408957212809 0.040455481384380348 0.010844438085835434 -0.0047210149115829367 0.05585130259378851 -0.0037701943912695872 -0.048060362836064144 0.049434944666987016 0.034407561113974479 0.0068565235536735651 -0.054339102959269026 0.0085930582867068204 0.010829329429664854 0.037407469043571694 -0.040722316926070895
leaf_weight=6917.834455261007 1095.6669072583318 6888.6694973260164 15227.429408378899 551.90209396928549 2061.1331806629896 541.94719769991934 2863.7363547831774 871.46355862170458 219.8196519613266 77.933627411723137 185.3898446932435 3262.8472759462893 90.458582080900669 91.771234326064587
leaf_count=29560 4318 17540 89172 1637 5773 9391 13564 3647 575 948 603 9134 327 299
internal_value=0.00652489 0.00215494 -0.000770204 -0.00407336 0.00883908 -0.00621341 0.0415017 0.0128134 0.0279824 0.0101076 0.0358548 0.00519384 0.00287168 -0.00724207
internal_weight=40948 36401.2 28563.1 18382.4 2613.04 15769.4 4546.84 7838.07 1683.11 6966.6 1281.06 10180.7 402.049 311.591
internal_count=186488 166802 144667 105973 7410 98563 19686 22135 6122 18488 4921 38694 1201 874
is_linear=0
shrinkage=0.05


Tree=52
num_leaves=15
num_cat=0
split_feature=0 3 1 63 57 0 4 0 3 13 11 1 0 0
split_gain=2391.73 411.358 400.732 230.649 223.702 214.175 150.001 124.084 109.071 93.1521 82.2778 72.2352 53.5892 40.9703
threshold=8299.0000000000018 1.0000000180025095e-35 21.500000000000004 1.0000000180025095e-35 1.0000000180025095e-35 14789.500000000002 1.0000000180025095e-35 2514.5000000000005 1.0000000180025095e-35 1.0000000180025095e-35 1.0000000180025095e-35 2.5000000000000004 4679.5000000000009 5027.5000000000009
decision_type=2 2 2 2 2 2 2 2 2 2 2 2 2 2
left_child=1 2 3 4 -1 8 7 11 9 10 -2 -3 -8 -14
right_child=5 6 -4 -5 -6 -7 12 -9 -10 -11 -12 -13 13 -15
leaf_value=0.0042339178158349337 0.012865738243336842 0.004138694742891468 -0.052636278303008356 0.010311890687588018 -0.0058643754290779969 0.050373787640522839 0.052978834532894072 -0.05403798325298817 0.046179676314289458 0.054454187071335994 0.054633130882200856 0.014646290861292714 -0.026768620822251517 0.027897182110387848
leaf_weight=8721.0560500919819 1219.7949391528964 2688.8960049897432 367.33407963439822 4437.8345604464412 14772.501898732036 2440.1434434764087 232.36193944513798 74.238788142800331 635.70260034501553 187.76056388020515 129.71583685278893 4178.6876472681761 35.9044094607234 522.20726776868105
leaf_count=33137 3861 6844 5208 15227 90592 12134 1190 945 3080 718 536 10698 152 2051
internal_value=0.006309 0.00196856 -0.000824172 -0.000140916 -0.00211576 0.0402025 0.0121882 0.00983517 0.0287627 0.021535 0.0169179 0.0105334 0.0328139 0.0243388
internal_weight=40644.1 36031 28298.7 27931.4 23493.6 4613.12 7732.3 6941.82 2172.97 1537.27 1349.51 6867.58 790.474 558.112
internal_count=186373 166044 144164 138956 123729 20329 21880 18487 8195 5115 4397 17542 3393 2203
is_linear=0
shrinkage=0.05


Tree=53
num_leaves=15
num_cat=0
split_feature=0 9 3 1 4 0 0 4 0 0 1 0 18 0
split_gain=2215.21 379.103 378.588 371.412 201.658 858.121 629.028 144.503 125.011 113.996 80.1532 72.55 69.178 52.541
threshold=8299.0000000000018 1.0000000180025095e-35 1.0000000180025095e-35 21.500000000000004 1.0000000180025095e-35 4679.5000000000009 2514.5000000000005 1.0000000180025095e-35 12392.500000000002 2514.5000000000005 2.5000000000000004 16727.000000000004 1.0000000180025095e-35 4679.5000000000009
decision_type=2 2 2 2 2 2 2 2 2 2 2 2 2 2
left_child=2 8 3 4 6 -6 -1 9 12 10 -4 -3 -2 -9
right_child=1 11 7 -5 5 -7 -8 13 -10 -11 -12 -13 -14 -15
leaf_value=-0.00043112764237512635 0.036398117378580751 -0.014352614670870671 0.0032351455835921174 -0.052085583066993374 0.05535105034733101 -0.0031715337513356988 -0.048163053539452612 0.052738666181188693 0.050666637370314488 -0.053753777419403737 0.014371227479351129 0.026448774208689893 0.0035045373529711734 0.023821161457823408
leaf_weight=23775.065481215715 1128.7156589850783 347.84879153221846 2650.7618302255869 348.73379410617054 829.53506615012884 2547.9083020687103 709.86484514921904 221.79880183935165 2636.8437719903886 69.812013737857342 4140.4943667799234 157.43324543535709 186.44601532816887 546.04558052122593
leaf_count=117217 4220 1010 6786 5166 2584 7049 11975 1189 14064 928 10640 441 581 2204
internal_value=0.00592744 0.0391654 0.00179278 -0.000879657 -0.000236902 0.0112143 -0.00181688 0.0116741 0.0443782 0.00936901 0.0100257 -0.00161279 0.0317411 0.032232
internal_weight=40297.3 4457.29 35840 28211.1 27862.4 3377.44 24484.9 7628.91 3952.01 6861.07 6791.26 505.282 1315.16 767.844
internal_count=186054 20316 165738 143991 138825 9633 129192 21747 18865 18354 17426 1451 4801 3393
is_linear=0
shrinkage=0.05


Tree=54
num_leaves=15
num_cat=0
split_feature=0 9 4 0 0 11 17 16 57 61 0 0 21 21
split_gain=2129.84 343.942 276.054 870.027 723.083 251.805 209.52 205.641 168.067 151.486 133.099 69.2889 52.5525 49.6694
threshold=8299.0000000000018 1.0000000180025095e-35 1.0000000180025095e-35 4515.5000000000009 2514.5000000000005 1.0000000180025095e-35 1.0000000180025095e-35 1.0000000180025095e-35 1.0000000180025095e-35 1.0000000180025095e-35 16107.500000000002 18065.500000000004 1.0000000180025095e-35 1.0000000180025095e-35
decision_type=2 2 2 2 2 2 2 2 2 2 2 2 2 2
left_child=2 7 4 -4 8 6 -5 -2 -1 -10 13 12 -3 -9
right_child=1 11 3 5 -6 -7 -8 10 9 -11 -12 -13 -14 -15
leaf_value=0.006140661252267793 0.049661854164928056 -0.018373764543166068 0.056159607444498244 -0.004850432092877866 -0.048051414401968473 0.058749391910928685 0.062283849455689128 0.016753760562662773 0.0029585505732489283 -0.0057364079132700323 0.050853749853047171 0.032884990311245726 0.033495129955447928 -0.01641061955139617
leaf_weight=10786.86426660791 3038.8824147358537 325.74872370064259 931.37710197269917 2897.3423155546188 765.62931677140296 178.79461778700352 120.07517240941525 365.60605117306113 9560.3644274771214 10520.985562354326 248.98057774826884 119.07191596925259 56.472447462379932 162.21758332848549
leaf_count=37239 15888 965 3513 8861 13464 512 306 1148 41874 60188 1218 340 133 568
internal_value=0.00550797 0.0386783 0.0015028 0.0136627 -8.41991e-05 0.00126536 -0.00215914 0.0437925 0.00110706 -0.00159696 0.020797 -0.0002588 -0.0106428 0.0065495
internal_weight=40078.4 4316.98 35761.4 4127.59 31633.8 3196.21 3017.42 3815.69 30868.2 20081.3 776.804 501.293 382.221 527.824
internal_count=186217 20260 165957 13192 152765 9679 9167 18822 139301 102062 2934 1438 1098 1716
is_linear=0
shrinkage=0.05


Tree=55
num_leaves=15
num_cat=0
split_feature=0 3 1 9 58 61 16 1 1 0 0 3 18 0
split_gain=1986.57 379.388 356.943 261.863 167.908 196.144 119.61 110.873 554.572 103.488 92.776 69.138 44.8955 50.4403
threshold=9574.5000000000018 1.0000000180025095e-35 21.500000000000004 1.0000000180025095e-35 1.0000000180025095e-35 1.0000000180025095e-35 1.0000000180025095e-35 22.500000000000004 21.500000000000004 15432.500000000002 2514.5000000000005 1.0000000180025095e-35 1.0000000180025095e-35 14789.500000000002
decision_type=2 2 2 2 2 2 2 2 2 2 2 2 2 2
left_child=1 2 4 6 5 -1 12 8 10 -8 -3 -5 -2 -14
right_child=3 7 -4 11 -6 -7 9 -9 -10 -11 -12 -13 13 -15
leaf_value=0.0030749507139377821 0.053169523365921893 0.0070538261675267546 -0.051866053068758189 -0.0077130979005638443 0.010507322131535497 -0.0057938215850343172 0.0058548735752855597 0.00071838326504829143 0.057992110830747894 0.048246982602429905 0.027282451709121022 0.038730864303591551 0.012053541265377721 0.049563689085788933
leaf_weight=11882.98619267717 2206.7733325660229 4606.2719789296389 337.14101015776396 317.84289620816708 3246.6287150755525 13112.912618733943 315.23298034071922 1765.3039865829051 664.66427463293076 264.47669123485684 645.6230161935091 106.04172526299953 152.92482202872634 218.34868111461401
leaf_count=54224 13037 11947 5178 850 8910 77260 1095 4995 2000 1348 3406 356 585 1055
internal_value=0.00536142 0.00185209 -0.000799532 0.0408804 -0.000188118 -0.00157768 0.0458324 0.011716 0.0149967 0.0252449 0.00954528 0.00396944 0.0504502 0.0341874
internal_weight=39843.2 36261.5 28579.7 3581.64 28242.5 24995.9 3157.76 7681.86 5916.56 579.71 5251.89 423.885 2578.05 371.274
internal_count=186246 167920 145572 18326 140394 131484 17120 22348 17353 2443 15353 1206 14677 1640
is_linear=0
shrinkage=0.05


Tree=56
num_leaves=15
num_cat=0
split_feature=0 3 1 4 0 0 9 4 0 16 0 1 3 3
split_gain=1880.69 372.255 338.096 239.912 718.358 561.254 210.165 177.853 102.065 100.703 100.978 74.406 50.841 46.6541
threshold=10059.500000000002 1.0000000180025095e-35 21.500000000000004 1.0000000180025095e-35 4515.5000000000009 2514.5000000000005 1.0000000180025095e-35 1.0000000180025095e-35 2514.5000000000005 1.0000000180025095e-35 15432.500000000002 1.0000000180025095e-35 1.0000000180025095e-35 1.0000000180025095e-35
decision_type=2 2 2 2 2 2 2 2 2 2 2 2 2 2
left_child=1 2 3 5 -5 -1 9 8 11 -2 13 -3 -8 -11
right_child=6 7 -4 4 -6 -7 12 -9 -10 10 -12 -13 -14 -15
leaf_value=-0.00088157222296672316 0.050430146605275963 -0.0027334311292636819 -0.051324650612161883 0.056503524843493629 0.0011162823702177064 -0.047657304151776339 -0.0030511432073924275 0.032234832699048727 -0.053345796057233712 -0.00911436745713173 0.048083165218682417 0.011602330370420345 0.038073090148325016 0.038426270329819573
leaf_weight=23716.912649393082 2356.4154732525349 1076.5732506066561 327.33833190612495 713.699712485075 3236.3613451197743 658.11917556449771 299.01825384795666 910.38374327868223 64.638339154422283 188.53729874640703 256.91907358169556 5671.2013252526522 99.329478017985821 69.926185686141253
leaf_count=117310 14169 2750 5201 2432 9078 12082 781 4308 922 624 1362 14711 347 328
internal_value=0.00501319 0.00174746 -0.000878634 -0.000293865 0.0111355 -0.00214641 0.0413276 0.0114894 0.00871278 0.0460472 0.0259487 0.00931507 0.007273 0.00384608
internal_weight=39645.4 36375.2 28652.4 28325.1 3950.06 24375 3270.15 7722.8 6812.41 2871.8 515.383 6747.77 398.348 258.463
internal_count=186405 168794 146103 140902 11510 129392 17611 22691 18383 16483 2314 17461 1128 952
is_linear=0
shrinkage=0.05


Tree=57
num_leaves=15
num_cat=0
split_feature=0 3 9 16 61 58 4 0 18 0 4 0 21 3
split_gain=1857.8 324.814 280.651 214.501 195.293 169.095 123.826 116.067 105.559 96.4641 81.6027 78.0316 55.7976 55.2264
threshold=8299.0000000000018 1.0000000180025095e-35 1.0000000180025095e-35 1.0000000180025095e-35 1.0000000180025095e-35 1.0000000180025095e-35 1.0000000180025095e-35 16107.500000000002 1.0000000180025095e-35 2514.5000000000005 1.0000000180025095e-35 12990.500000000002 1.0000000180025095e-35 1.0000000180025095e-35
decision_type=2 2 2 2 2 2 2 2 2 2 2 2 2 2
left_child=1 4 3 8 -1 10 9 13 -2 -3 -6 -10 -4 -5
right_child=2 6 12 7 5 -7 -8 -9 11 -11 -12 -13 -14 -15
leaf_value=0.002877883704871206 0.05307369014816006 0.0086685217736131599 -0.005031234670932104 -0.00359877172330903 -0.0091233494886748586 0.0085245483951934924 0.030106573571662961 0.048176198790060375 0.0019899729256682851 -0.053102319421386629 0.0025215934633667073 0.044814180368405787 0.041312674606890254 0.035271163159615308
leaf_weight=13094.859911248088 2265.5275410190225 6721.4807845950127 423.21714859455824 399.52858376502991 11143.681211767718 1872.7507614027709 704.16551796346903 226.12034071981907 189.99454838782549 62.820509117096663 1738.7597490847111 240.96799886971712 75.692939683794975 117.4243642911315
leaf_count=59197 14018 17497 1244 1178 74191 5321 3394 1257 641 939 5198 1244 191 529
internal_value=0.00454999 0.000919267 0.0371187 0.0422006 -0.0015665 -0.0055107 0.0101629 0.0183817 0.0487552 0.0080888 -0.00755154 0.025983 0.00206848 0.00528147
internal_weight=39277 35338.5 3938.47 3439.56 27850.1 14755.2 7488.47 743.073 2696.49 6784.3 12882.4 430.963 498.91 516.953
internal_count=186039 165737 20302 18867 143907 84710 21830 2964 15903 18436 79389 1885 1435 1707
is_linear=0
shrinkage=0.05


Tree=58
num_leaves=15
num_cat=0
split_feature=4 16 9 18 3 60 61 58 3 3 3 57 25 58
split_gain=1440.76 478.113 577.549 681.134 209.368 241.929 245.609 145.444 136.165 115.128 69.8537 50.3489 36.9108 25.5996
threshold=1.0000000180025095e-35 1.0000000180025095e-35 1.0000000180025095e-35 1.0000000180025095e-35 1.0000000180025095e-35 1.0000000180025095e-35 1.0000000180025095e-35 1.0000000180025095e-35 1.0000000180025095e-35 1.0000000180025095e-35 1.0000000180025095e-35 1.0000000180025095e-35 1.0000000180025095e-35 1.0000000180025095e-35
decision_type=2 2 2 2 2 2 2 2 2 2 2 2 2 2
left_child=4 2 3 -2 5 6 -1 -8 12 -5 -4 -7 13 -3
right_child=1 8 10 9 -6 11 7 -9 -10 -11 -12 -13 -14 -15
leaf_value=0.0041780792454978238 0.047717792332303686 -0.0078950330402794595 -0.011650439014597436 -0.0042251849273636415 0.0075237192878024432 -0.012675252938603949 -0.0081809623814526524 0.007310951866504916 0.028581872866644643 0.033070982724553395 0.023572564799664783 -0.035935530829270451 0.038391927198185308 0.017387861909326102
leaf_weight=10733.927583768964 3816.0238976888359 1381.8310798034072 770.35279874503613 912.11110635101795 6754.3475083112717 385.58666549250484 11100.730353895575 1753.6883639097214 383.78872174397111 266.56372641772032 171.21198815852404 591.67576053738594 47.205692321062088 107.00133574754
leaf_count=48699 19610 4454 2211 2902 18457 1701 74237 4948 1961 1417 662 4701 138 304
internal_value=0.00453063 0.0236745 0.0306881 0.0374583 -0.000271891 -0.00241552 -0.001405 -0.00606704 0.00198306 0.00423043 -0.00522735 -0.0267803 -0.0046771 -0.00606752
internal_weight=39176 7856.09 5936.26 4994.7 31320 24565.6 23588.3 12854.4 1919.83 1178.67 941.565 977.262 1536.04 1488.83
internal_count=186402 33659 26802 23929 152743 134286 127884 79185 6857 4319 2873 6402 4896 4758
is_linear=0
shrinkage=0.05


Tree=59
num_leaves=15
num_cat=0
split_feature=0 3 1 9 60 61 4 16 0 0 1 4 21 21
split_gain=1640.7 244.521 328.769 210.129 178.604 197.577 135.531 105.34 90.0797 86.663 60.4779 59.2298 52.7846 52.2113
threshold=9574.5000000000018 1.0000000180025095e-35 21.500000000000004 1.0000000180025095e-35 1.0000000180025095e-35 1.0000000180025095e-35 1.0000000180025095e-35 1.0000000180025095e-35 2514.5000000000005 15432.500000000002 1.0000000180025095e-35 1.0000000180025095e-35 1.0000000180025095e-35 1.0000000180025095e-35
decision_type=2 2 2 2 2 2 2 2 2 2 2 2 2 2
left_child=1 2 4 7 5 -1 8 -2 10 13 -3 -6 -5 -9
right_child=3 6 -4 12 11 -7 -8 9 -10 -11 -12 -13 -14 -15
leaf_value=0.0055821796089957111 0.049278081604597457 -0.0030352314409557049 -0.051522574624643824 -0.0012477299110943624 -0.024200314014428185 -0.0030430211141915151 0.029282815744402113 0.020354132724602961 -0.052898021149342979 0.047898996671042769 0.0099394565071453771 0.0078212820022772623 0.047094196251414651 -0.024571686825808826
leaf_weight=12063.634448532015 2174.5610076598823 1069.4624321758747 311.92418793961406 355.99502497166395 964.4888969399035 14764.514357730746 782.10559630393982 225.24175386503339 60.589993491768837 229.69356934726238 5592.3292755037546 169.3152429163456 66.10243184119463 89.612179093062878
leaf_count=51077 14676 2740 5203 1038 6242 82232 4033 760 942 1334 14734 502 164 351
internal_value=0.00461528 0.00157293 -0.000556697 0.0392561 1.36657e-05 0.000835479 0.00959553 0.0443497 0.00730102 0.0246146 0.0078564 -0.0194157 0.00641626 0.00753025
internal_weight=38919.6 35778.4 28273.9 3141.21 27962 26828.1 7504.49 2719.11 6722.38 544.548 6661.79 1133.8 422.097 314.854
internal_count=186028 167705 145256 18323 140053 133309 22449 17121 18416 2445 17474 6744 1202 1111
is_linear=0
shrinkage=0.05


Tree=60
num_leaves=15
num_cat=0
split_feature=3 1 60 1 1 61 58 1 58 9 1 58 15 9
split_gain=470.544 360.593 161.506 139.137 535.761 138.567 91.5731 57.9447 34.0958 18.2658 16.6904 16.3377 10.821 10.724
threshold=1.0000000180025095e-35 21.500000000000004 1.0000000180025095e-35 22.500000000000004 21.500000000000004 1.0000000180025095e-35 1.0000000180025095e-35 1.0000000180025095e-35 1.0000000180025095e-35 1.0000000180025095e-35 4.5000000000000009 1.0000000180025095e-35 1.0000000180025095e-35 1.0000000180025095e-35
decision_type=2 2 2 2 2 2 2 2 2 2 2 2 2 2
left_child=1 2 5 4 7 9 -7 -2 -4 -1 -9 12 13 -5
right_child=3 -3 8 11 -6 6 -8 10 -10 -11 -12 -13 -14 -15
leaf_value=0.0070101563072260597 0.0037168611946803627 -0.052539789479999204 -0.019018455944147958 0.0035717057024294025 0.056328348907730891 -0.0017651704456816371 0.0098318140087760835 0.016998267017121128 0.0064837036176420603 -0.0033659362554401538 0.0093058991978941918 0.020783037457446307 -0.0099192502488731175 -0.020873355525756879
leaf_weight=12264.123277176172 1342.1236943155527 305.16602142900229 1061.8937421888113 1555.9389200396836 804.26135912537575 13967.476308587939 1937.4520785361528 3710.615007724613 149.00390295684338 438.77557873725891 875.77536923438311 116.70756713673472 183.48659578710794 45.211747065186501
leaf_count=52685 4608 5210 6772 5070 3376 82683 5518 13714 454 1640 3416 328 619 174
internal_value=0.00439609 0.00144645 0.00200069 0.0146859 0.0180584 0.00275796 -0.000351959 0.0128581 -0.0158776 0.00665152 0.0155318 0.00274014 0.00154923 0.00286885
internal_weight=38758 30123.9 29818.7 8634.12 6732.78 28607.8 15904.9 5928.51 1210.9 12702.9 4586.39 1901.34 1784.64 1601.15
internal_count=186267 154962 149752 31305 25114 142526 88201 21738 7226 54325 17130 6191 5863 5244
is_linear=0
shrinkage=0.05


Tree=61
num_leaves=15
num_cat=0
split_feature=0 4 0 0 0 9 63 3 9 10 21 3 16 0
split_gain=1597.24 345.913 698.877 617.126 245.275 238.201 131.519 155.491 120.324 112.943 34.3563 29.245 18.2781 28.9949
threshold=12392.500000000002 1.0000000180025095e-35 4515.5000000000009 2514.5000000000005 6349.5000000000009 1.0000000180025095e-35 1.0000000180025095e-35 1.0000000180025095e-35 1.0000000180025095e-35 1.0000000180025095e-35 1.0000000180025095e-35 1.0000000180025095e-35 1.0000000180025095e-35 14164.000000000002
decision_type=2 2 2 2 2 2 2 2 2 2 2 2 2 2
left_child=1 3 -3 6 9 -6 7 -1 12 -4 11 -10 -2 -14
right_child=8 2 4 -5 5 -7 -8 -9 10 -11 -12 -13 13 -15
leaf_value=-0.003361192544045401 0.051005204300452515 0.055380179378932907 -0.011393709778514872 -0.047410879783696583 0.020793600966493006 -0.022222292773252557 0.0078501300278178334 0.0059050668162762632 -0.0037428140071885658 0.06231215114795674 0.055573869011003529 0.035523456562673868 0.0075390920547744036 0.045219141690562313
leaf_weight=19912.872499670833 1651.7360158860683 818.0307991951704 1736.3171872422099 696.77069018036127 2286.4531261064112 373.68146286904812 4686.8294089101255 5858.3729087412357 178.52873875200748 52.594610542058945 41.237209841609001 63.49234888702631 64.604064885526896 250.81604709848762
leaf_count=108520 12335 3512 5521 13520 8353 1166 15204 15617 465 130 108 236 282 1486
internal_value=0.00361156 0.00108517 0.0129348 -0.000918486 0.00511977 0.0147449 0.000146613 -0.00125462 0.0444814 -0.00919313 0.0139533 0.00666217 0.0488679 0.0375498
internal_weight=38672.3 36421.9 5267.08 31154.8 4449.05 2660.13 30458.1 25771.2 2250.41 1788.91 283.258 242.021 1967.16 315.42
internal_count=186455 171543 18682 152861 15170 9519 139341 124137 14912 5651 809 701 14103 1768
is_linear=0
shrinkage=0.05


Tree=62
num_leaves=15
num_cat=0
split_feature=0 4 0 0 11 17 60 9 61 3 3 0 0 23
split_gain=1440.55 304.539 672.108 599.027 297.913 220.516 152.584 146.284 140.294 52.6188 29.5788 27.118 22.4263 16.1823
threshold=11773.500000000002 1.0000000180025095e-35 4515.5000000000009 2514.5000000000005 1.0000000180025095e-35 1.0000000180025095e-35 1.0000000180025095e-35 1.0000000180025095e-35 1.0000000180025095e-35 1.0000000180025095e-35 1.0000000180025095e-35 14789.500000000002 18065.500000000004 1.0000000180025095e-35
decision_type=2 2 2 2 2 2 2 2 2 2 2 2 2 2
left_child=1 3 -3 6 5 -4 8 11 -1 -8 12 -2 -9 -14
right_child=7 2 4 -5 -6 -7 9 10 -10 -11 -12 -13 13 -15
leaf_value=0.0051584425081922826 0.036546765304609027 0.055101035815179195 -0.00085658397114843745 -0.04725749206867999 0.056578129892693264 0.058887469713484943 -0.022649095078044565 -0.010447155237841663 -0.0018235930856856091 0.0011692236392066263 0.036783679315875312 0.050510452687328525 0.037855848248914623 -0.0086167237681777503
leaf_weight=12905.372698392719 469.82003793120384 788.871587023139 3859.196593221277 669.02570035308599 260.83568650484085 159.88941644132137 924.18075506389141 148.74118149280548 16256.980192329735 309.30295494198799 76.660880073904991 1512.7838607169688 53.639830827713013 28.020065486431122
leaf_count=50517 3076 3542 12768 13548 1034 574 5860 397 81984 837 298 11601 117 77
internal_value=0.00379857 0.00136097 0.0127233 -0.000493358 0.00490127 0.00153424 0.000537462 0.0422495 0.00126628 -0.0166804 0.0100975 0.0472216 0.0010977 0.0219983
internal_weight=38423.3 36133.7 5068.79 31064.9 4279.92 4019.09 30395.8 2289.67 29162.4 1233.48 307.062 1982.6 230.401 81.6599
internal_count=186230 170664 17918 152746 14376 13342 139198 15566 132501 6697 889 14677 591 194
is_linear=0
shrinkage=0.05


Tree=63
num_leaves=15
num_cat=0
split_feature=0 4 0 0 11 10 9 3 1 16 0 1 3 0
split_gain=1407.35 206.652 680.638 559.292 279.083 210.533 146.435 103.114 189.84 69.534 64.0335 53.7165 40.8808 32.342
threshold=10575.000000000002 1.0000000180025095e-35 4515.5000000000009 2514.5000000000005 1.0000000180025095e-35 1.0000000180025095e-35 1.0000000180025095e-35 1.0000000180025095e-35 21.500000000000004 1.0000000180025095e-35 16107.500000000002 21.500000000000004 1.0000000180025095e-35 18065.500000000004
decision_type=2 2 2 2 2 2 2 2 2 2 2 2 2 2
left_child=1 3 -3 7 5 -4 9 8 -1 -2 12 -9 -11 -8
right_child=6 2 4 -5 -6 -7 13 11 -10 10 -12 -13 -14 -15
leaf_value=-0.00042272840756181831 0.049110413473717411 0.054832298599280307 -0.0029440064671542266 -0.046610282118942428 0.056814394908228295 0.059019903400080932 -0.0011003675044898116 0.0031160684296666313 -0.045736605963399027 -0.0058486076762140271 0.047201810919976724 0.012817606069630352 0.043187498726534337 0.030887578880333194
leaf_weight=23689.030209489167 1751.5380375161767 742.47330413758755 3586.482105564326 637.86970030702651 223.59084703028202 141.5288253724575 230.24014949798584 4484.7211387306452 232.4127951413393 158.178705483675 188.1706190072 2092.2164091765881 57.02840905636549 119.25874151289463
leaf_count=117559 13837 3490 11683 13483 874 456 645 12049 4485 580 1257 5470 332 359
internal_value=0.00369757 0.00116425 0.0109427 -0.00031024 0.00268442 -0.000576435 0.0399264 0.000659616 -0.000864876 0.044794 0.0259765 0.00620374 0.00728527 0.00987179
internal_weight=38334.7 35830.3 4694.08 31136.3 3951.6 3728.01 2504.41 30498.4 23921.4 2154.92 403.378 6576.94 215.207 349.499
internal_count=186559 169549 16503 153046 13013 12139 17010 139563 122044 16006 2169 17519 912 1004
is_linear=0
shrinkage=0.05


Tree=64
num_leaves=15
num_cat=0
split_feature=0 4 0 0 11 13 60 61 0 3 3 13 11 3
split_gain=1289.16 246.662 604.542 516.794 265.01 224.543 136.277 119.641 68.977 57.116 37.5456 32.0731 29.5024 5.99289
threshold=11146.500000000002 1.0000000180025095e-35 4515.5000000000009 2514.5000000000005 1.0000000180025095e-35 1.0000000180025095e-35 1.0000000180025095e-35 1.0000000180025095e-35 16107.500000000002 1.0000000180025095e-35 1.0000000180025095e-35 1.0000000180025095e-35 1.0000000180025095e-35 1.0000000180025095e-35
decision_type=2 2 2 2 2 2 2 2 2 2 2 2 2 2
left_child=1 3 -3 6 5 -4 7 -1 10 -8 11 12 -2 -10
right_child=8 2 4 -5 -6 -7 9 -9 13 -11 -12 -13 -14 -15
leaf_value=0.0048062231846259466 0.013612498925964398 0.054548311323667588 -0.0028772429792560407 -0.045948850894667922 0.056302726061148327 0.035142915635870478 -0.022161678648656799 -0.0016429548580586596 0.044004304881077511 0.0028341878049098529 0.044563203434312665 0.051918229697295495 0.05152388383754497 0.051115287769546935
leaf_weight=12922.966825559735 473.89893727004528 704.05958642810583 3472.1986206807196 608.98392777331173 231.66187078505754 436.22799820825458 908.0482713021338 16211.819753479213 765.35465419664979 305.01144732534885 275.00327863171697 78.479739122092724 56.809056095778942 611.13523351028562
leaf_count=50551 2218 3481 11262 13404 969 1541 5814 82074 5010 822 2245 569 432 5831
internal_value=0.00357266 0.0012598 0.0117502 -0.000382077 0.0044606 0.00137417 0.000533786 0.0012177 0.0401832 -0.0158796 0.0292244 0.0222383 0.01776 0.0471963
internal_weight=38061.7 35801 4844.15 30956.8 4140.09 3908.43 30347.8 29134.8 2260.68 1213.06 884.191 609.188 530.708 1376.49
internal_count=186223 169918 17253 152665 13772 12803 139261 132625 16305 6636 5464 3219 2650 10841
is_linear=0
shrinkage=0.05


Tree=65
num_leaves=15
num_cat=0
split_feature=0 4 0 0 11 0 9 60 61 3 0 18 3 0
split_gain=1255.73 198.559 608.336 472.33 242.677 214.748 151.658 117.83 136.426 47.5926 40.9521 32.3988 26.9024 18.3872
threshold=11146.500000000002 1.0000000180025095e-35 4515.5000000000009 2514.5000000000005 1.0000000180025095e-35 6638.5000000000009 1.0000000180025095e-35 1.0000000180025095e-35 1.0000000180025095e-35 1.0000000180025095e-35 14789.500000000002 1.0000000180025095e-35 1.0000000180025095e-35 14789.500000000002
decision_type=2 2 2 2 2 2 2 2 2 2 2 2 2 2
left_child=1 3 -3 7 5 -4 10 8 -1 -9 11 -2 13 -8
right_child=6 2 4 -5 -6 -7 12 9 -10 -11 -12 -13 -14 -15
leaf_value=0.004941959788435096 0.038345085667057618 0.054354398521459839 -0.0116413721660183 -0.044799504555769767 0.055561325430887668 0.011960677010203528 -0.016344070779040772 -0.020666913572036483 -0.0019400955777850221 0.0022390392569818958 0.050092189013983761 0.0018286924384581663 0.033725212820906937 0.011453053925356648
leaf_weight=12952.617564745247 477.88650416582823 679.74694718420506 1883.716304667294 585.96181995607913 209.48776108771563 1971.3188936598599 100.92902417480946 895.28555372357368 16214.736528228968 303.33162242174149 1337.8469636775553 69.684481680393219 76.431035809218884 141.89041775465012
leaf_count=50498 3365 3483 6001 13439 937 6723 277 5819 82074 816 11712 373 320 355
internal_value=0.00334824 0.00108593 0.0106098 -0.000374164 0.00328237 0.000427793 0.0399607 0.000484544 0.00111615 -0.0148731 0.0453547 0.0337098 0.00806236 -0.000120595
internal_weight=37900.9 35696.2 4744.27 30951.9 4064.52 3855.04 2204.67 30366 29167.4 1198.62 1885.42 547.571 319.25 242.819
internal_count=186192 169790 17144 152646 13661 12724 16402 139207 132572 6635 15450 3738 952 632
is_linear=0
shrinkage=0.05


Tree=66
num_leaves=15
num_cat=0
split_feature=4 16 9 57 3 60 61 3 11 3 1 1 3 1
split_gain=880.535 398.674 513.45 136.02 140.779 149.26 162.934 106.337 85.7344 81.5897 64.2093 358.115 45.9703 40.6938
threshold=1.0000000180025095e-35 1.0000000180025095e-35 1.0000000180025095e-35 1.0000000180025095e-35 1.0000000180025095e-35 1.0000000180025095e-35 1.0000000180025095e-35 1.0000000180025095e-35 1.0000000180025095e-35 1.0000000180025095e-35 22.500000000000004 21.500000000000004 1.0000000180025095e-35 21.500000000000004
decision_type=2 2 2 2 2 2 2 2 2 2 2 2 2 2
left_child=3 2 8 -1 5 6 -5 13 9 -2 11 -6 -4 -3
right_child=1 7 12 4 10 -7 -8 -9 -10 -11 -12 -13 -14 -15
leaf_value=0.003987301910190197 0.026638706726661923 -0.0057074675088867842 -0.012961489206597149 0.00098343608068344546 0.0027958028585523308 -0.031308878510758205 -0.0095294244407329448 0.024705433207736559 0.053378539209962619 0.043481907807199099 -0.0057004995642437424 0.05726087838167418 0.017445536826481117 -0.077090719972924479
leaf_weight=10841.116447893903 2682.6227731332183 1451.7205894365907 746.25905974209309 7226.1239922214299 3362.9135540388525 532.15025291591883 7520.9388756752014 329.12294278293848 495.47501992434263 987.52966893464327 1181.9901563599706 330.57481038570404 148.19841787964106 19.252549380064011
leaf_count=40722 11783 4779 2195 35781 9423 4714 57971 1978 3582 8534 3266 980 652 105
internal_value=0.00305905 0.0192668 0.0264548 -0.000528648 -0.00295783 -0.00531829 -0.00437836 -0.000942098 0.0338337 0.0311813 0.00443916 0.00768472 -0.00790964 -0.00669349
internal_weight=37856 6860.18 5060.08 30995.8 20154.7 15279.2 14747.1 1800.1 4165.63 3670.15 4875.48 3693.49 894.457 1470.97
internal_count=186465 33608 26746 152857 112135 98466 93752 6862 23899 20317 13669 10403 2847 4884
is_linear=0
shrinkage=0.05


Tree=67
num_leaves=15
num_cat=0
split_feature=0 4 0 0 18 16 9 57 60 1 0 16 0 3
split_gain=1128.85 182.192 569.001 467.293 236.536 372.68 125.455 109.624 92.2361 47.9847 42.0948 38.6125 39.0718 23.3343
threshold=11773.500000000002 1.0000000180025095e-35 4515.5000000000009 2514.5000000000005 1.0000000180025095e-35 1.0000000180025095e-35 1.0000000180025095e-35 1.0000000180025095e-35 1.0000000180025095e-35 21.500000000000004 7220.5000000000009 1.0000000180025095e-35 16107.500000000002 1.0000000180025095e-35
decision_type=2 2 2 2 2 2 2 2 2 2 2 2 2 2
left_child=1 3 -3 7 5 -4 11 9 -9 -1 -6 -2 13 -13
right_child=6 2 4 -5 10 -7 -8 8 -10 -11 -12 12 -14 -15
leaf_value=0.003677647098859837 0.049195189938071704 0.054031565582562772 0.022230669572796236 -0.045650538530106866 -0.031433592112789809 -0.011239139548328 0.0098769078542572039 -0.0010894013928663905 -0.019171496719677869 0.017646909132159612 -0.0061255260703475499 -0.0040744450325342768 0.045321883676193532 0.042907590520801848
leaf_weight=9984.880127504468 1348.0674050189555 637.47474648803473 2070.6568431220949 558.82115989457816 471.11300817877054 1388.7686779275537 289.82227278500795 18887.855230599642 731.61418173834682 654.19328616932034 252.88955288380384 96.696630094200373 163.43408922478557 35.293038979172707
leaf_count=34577 12815 3506 7815 13395 1506 4322 871 96964 4829 2618 823 403 1252 259
internal_value=0.00304734 0.00102821 0.0100659 -0.000385884 0.00335508 0.00879502 0.0402477 0.000451554 -0.00176463 0.00453819 -0.0226143 0.0455942 0.0290518 0.00871637
internal_weight=37571.6 35638.3 4820.9 30817.4 4183.43 3459.43 1933.31 30258.5 19619.5 10639.1 724.003 1643.49 295.424 131.99
internal_count=185955 170355 17972 152383 14466 12137 15600 138988 101793 37195 2329 14729 1914 662
is_linear=0
shrinkage=0.05


Tree=68
num_leaves=15
num_cat=0
split_feature=0 9 3 1 16 57 60 4 0 0 1 1 0 0
split_gain=1063.03 196.94 155.22 260.379 117.232 115.251 96.3282 86.2066 72.9151 60.3409 52.3351 48.1258 38.5778 36.7044
threshold=9574.5000000000018 1.0000000180025095e-35 1.0000000180025095e-35 21.500000000000004 1.0000000180025095e-35 1.0000000180025095e-35 1.0000000180025095e-35 1.0000000180025095e-35 16107.500000000002 2514.5000000000005 22.500000000000004 2.5000000000000004 4679.5000000000009 18065.500000000004
decision_type=2 2 2 2 2 2 2 2 2 2 2 2 2 2
left_child=2 4 3 5 -2 -1 -7 9 -6 11 -9 -4 -12 -3
right_child=1 13 7 -5 8 6 -8 10 -10 -11 12 -13 -14 -15
leaf_value=0.00355583815916386 0.047287436485301711 -0.0065995421407619064 0.00036597258048822595 -0.049575643343239613 0.0045045310079797297 -0.0024643257266661889 -0.022359026136450955 0.030310957665498618 0.046425213600075489 -0.051611902107149124 0.048388366328085075 0.009145872843288971 -0.020841946497187305 0.027504974108825794
leaf_weight=9958.9570245631039 1584.7732995785773 294.66637340188026 2595.5584556907415 274.65350093785673 307.9532853923738 16851.154300406575 630.25895686633885 560.89881935715675 155.60614119842649 45.349399488419294 24.549222338944674 3914.2055656015873 93.917732175439596 106.6140810623765
leaf_count=37642 14631 852 6831 5231 1196 97707 4939 3403 1244 933 194 10625 467 346
internal_value=0.00271177 0.0345456 0.000479608 -0.00122288 0.0408178 -0.000737118 -0.00318283 0.00700102 0.018646 0.00524183 0.0239426 0.00564576 -0.0062108 0.00250735
internal_weight=37399.1 2449.61 34949.5 27715 2048.33 27440.4 17481.4 7234.48 463.559 6555.11 679.366 6509.76 118.467 401.28
internal_count=186241 18269 167972 145519 17071 140288 102646 22453 2440 18389 4064 17456 661 1198
is_linear=0
shrinkage=0.05


Tree=69
num_leaves=15
num_cat=0
split_feature=0 3 4 60 61 58 9 0 0 58 16 0 16 0
split_gain=986.656 157.036 149.664 120.493 118.207 103.179 98.7219 58.4686 37.1568 43.7309 37.0402 39.0154 32.6777 30.7181
threshold=12392.500000000002 1.0000000180025095e-35 1.0000000180025095e-35 1.0000000180025095e-35 1.0000000180025095e-35 1.0000000180025095e-35 1.0000000180025095e-35 2514.5000000000005 6085.5000000000009 1.0000000180025095e-35 1.0000000180025095e-35 16727.000000000004 1.0000000180025095e-35 4679.5000000000009
decision_type=2 2 2 2 2 2 2 2 2 2 2 2 2 2
left_child=1 3 7 4 -1 -6 10 -3 9 -5 -2 -12 -10 -4
right_child=6 2 13 8 5 -7 -8 -9 12 -11 11 -13 -14 -15
leaf_value=0.0036332666616505759 0.049170955314134311 0.0053910849733802635 0.050695879035665727 -0.025023786382364882 -0.0045834329901941594 0.0078978703691526594 0.012318779298364904 -0.051454452497948035 0.0292684755224938 0.0056645817133549794 0.0060773097003630457 0.045570445051105642 -0.027772266262389364 0.023430659319884917
leaf_weight=12263.256922667846 1168.3244159035385 6511.2180348783731 121.03676090762019 796.64976995158941 13004.301736935973 1896.4644884988666 269.02449265867472 44.558751787990332 73.280718423426151 135.47319611907005 113.87589029595256 138.66674702987075 36.999890193343163 717.29681282863021
leaf_count=53549 12272 17515 1173 6219 81585 5469 814 961 246 427 644 1159 115 4174
internal_value=0.00282999 0.0010575 0.00754291 -0.000642813 -2.34436e-06 -0.00299448 0.040148 0.00499692 -0.0173168 -0.0205623 0.0454048 0.0278565 0.0100533 0.0274229
internal_weight=37290.4 35600.5 7394.11 28206.4 27164 14900.8 1689.89 6555.78 1042.4 932.123 1420.87 252.543 110.281 838.334
internal_count=186322 171433 23823 147610 140603 87054 14889 18476 7007 6646 14075 1803 361 5347
is_linear=0
shrinkage=0.05


Tree=70
num_leaves=15
num_cat=0
split_feature=4 16 18 57 21 11 3 17 3 3 60 61 21 3
split_gain=627.509 319.709 418.877 102.134 95.4642 89.2327 84.9548 82.2606 79.318 75.0935 104.367 129.075 43.2009 41.4896
threshold=1.0000000180025095e-35 1.0000000180025095e-35 1.0000000180025095e-35 1.0000000180025095e-35 1.0000000180025095e-35 1.0000000180025095e-35 1.0000000180025095e-35 1.0000000180025095e-35 1.0000000180025095e-35 1.0000000180025095e-35 1.0000000180025095e-35 1.0000000180025095e-35 1.0000000180025095e-35 1.0000000180025095e-35
decision_type=2 2 2 2 2 2 2 2 2 2 2 2 2 2
left_child=3 2 5 13 6 7 -4 -2 12 10 11 -5 -3 -1
right_child=1 8 4 9 -6 -7 -8 -9 -10 -11 -12 -13 -14 -15
leaf_value=0.0023733498838853892 0.02637249361156855 -0.00054468912571896335 -0.018928197344625093 0.0015114822229046121 0.030500365149322813 0.053015187964806601 0.021389626935248304 0.055481006478310384 0.022081098545768955 0.0031673987232825303 -0.026552472156632929 -0.0078630503611347765 -0.019505367640179877 0.010756529981330533
leaf_weight=8991.9968153163791 2992.8650904074311 1038.2487183921039 693.37342557683587 7225.8177181687206 161.13240749761462 429.92753242701292 160.06095099821687 264.28027292340994 301.92692702077329 4786.1022569909692 495.87066189665347 7463.8874380197376 421.77034361287951 1764.9876454696059
leaf_count=35556 17074 3430 2474 35769 693 3565 1150 1803 1972 13594 4693 58212 1446 4843
internal_value=0.002801 0.0169605 0.0237667 -0.000177829 -0.00468025 0.0315936 -0.0113504 0.0287506 -0.00120446 -0.00229334 -0.00401451 -0.00325196 -0.00603165 0.00374972
internal_weight=37192.2 6463.59 4701.64 30728.7 1014.57 3687.07 853.434 3257.15 1761.95 19971.7 15185.6 14689.7 1460.02 10757
internal_count=186274 33607 26759 152667 4317 22442 3624 18877 6848 112268 98674 93981 4876 40399
is_linear=0
shrinkage=0.05


Tree=71
num_leaves=15
num_cat=0
split_feature=0 3 1 57 0 9 4 1 1 21 16 0 0 4
split_gain=928.637 168.025 277.563 125.545 120.308 116.049 82.4019 78.9194 507.149 31.7392 30.4391 33.8241 27.1484 26.0092
threshold=12392.500000000002 1.0000000180025095e-35 21.500000000000004 1.0000000180025095e-35 6911.5000000000009 1.0000000180025095e-35 1.0000000180025095e-35 22.500000000000004 21.500000000000004 1.0000000180025095e-35 1.0000000180025095e-35 16727.000000000004 4679.5000000000009 1.0000000180025095e-35
decision_type=2 2 2 2 2 2 2 2 2 2 2 2 2 2
left_child=1 2 3 13 7 10 -5 8 -3 -7 -2 -12 -9 -1
right_child=5 4 -4 6 -6 9 -8 12 -10 -11 11 -13 -14 -15
leaf_value=0.0032158422344688272 0.049409511182772328 0.0040238077788534261 -0.051553254049893006 -0.004389083707246339 0.034227646976476074 0.002118016110453719 0.0048453085410395972 -0.0022150054370775217 0.056460516935067609 0.052332908464639061 0.0087752900736586432 0.046345033890163631 -0.038682013498415421 0.011498446981834602
leaf_weight=9038.0320711657405 1092.7515963613987 4772.8218637406826 266.40318194311112 14922.846417725086 400.98944820091128 223.11560241505504 2881.5223184712231 1623.2096504308283 509.44881403446198 35.653735518455505 108.83483102545142 133.82545289769769 51.701703678816557 1058.171882763505
leaf_count=34536 12340 14498 5222 94950 2687 695 9543 4550 1821 111 627 1166 259 3575
internal_value=0.00257878 0.000902946 -0.000854654 -0.000368738 0.00763021 0.0398995 -0.00289437 0.00609253 0.0090908 0.00921155 0.0458347 0.0295999 -0.00336309 0.00408499
internal_weight=37119.3 35525.1 28167 27900.6 7358.17 1594.18 17804.4 6957.18 5282.27 258.769 1335.41 242.66 1674.91 10096.2
internal_count=186580 171641 147826 142604 23815 14939 104493 21128 16319 806 14133 1793 4809 38111
is_linear=0
shrinkage=0.05


Tree=72
num_leaves=15
num_cat=0
split_feature=0 0 9 16 18 58 9 60 61 21 1 23 21 38
split_gain=885.206 149.875 188.071 260.93 309.839 105.434 86.9614 83.3652 94.0404 40.4032 33.6322 26.9591 20.0257 12.8533
threshold=13575.500000000002 7220.5000000000009 1.0000000180025095e-35 1.0000000180025095e-35 1.0000000180025095e-35 1.0000000180025095e-35 1.0000000180025095e-35 1.0000000180025095e-35 1.0000000180025095e-35 1.0000000180025095e-35 6.5000000000000009 1.0000000180025095e-35 1.0000000180025095e-35 1.0000000180025095e-35
decision_type=2 2 2 2 2 2 2 2 2 2 2 2 2 2
left_child=1 5 3 4 -3 7 -2 8 -1 -5 -9 -8 13 -4
right_child=6 2 12 9 -6 -7 11 10 -10 -11 -12 -13 -14 -15
leaf_value=0.0028537532521505727 0.047508966470236662 0.052527631138974941 -0.02793825530864601 0.0044624418075090138 -0.009960309894804285 0.0082803018317761136 0.025510394319775826 0.0024034175545250523 -0.0028850219686454032 -0.022662194071908715 -0.018693114008127964 -0.011719330879445336 0.0087952099046240458 0.0042600883868130221
leaf_weight=12949.292727814987 1144.6737092155963 773.02314488589764 261.64692749083042 419.63373885676265 266.35223591700196 3551.0048503922299 139.5132522135973 239.97548665292561 15906.310578166507 202.86201040446758 883.27071067690849 73.627186611294746 54.054378971457481 34.864222392439842
leaf_count=55838 12957 4818 832 1282 990 10159 435 790 90495 680 6500 237 147 96
internal_value=0.0024448 0.000930582 0.0141802 0.0211993 0.0365202 0.000134952 0.0420512 -0.000830111 -0.000309669 -0.00439924 -0.0141878 0.0126551 -0.0190602 -0.0241507
internal_weight=36900.1 35542.3 2012.44 1661.87 1039.38 33529.9 1357.81 29978.8 28855.6 622.496 1123.25 213.14 350.566 296.511
internal_count=186256 172627 8845 7770 5808 163782 13629 153623 146333 1962 7290 672 1075 928
is_linear=0
shrinkage=0.05


Tree=73
num_leaves=15
num_cat=0
split_feature=0 0 9 16 9 63 1 21 62 1 21 21 1 1
split_gain=808.816 133.912 127.009 182.909 92.0398 64.9281 41.4486 39.1944 37.8857 37.2867 25.3578 21.3305 18.9753 16.3854
threshold=13575.500000000002 7906.5000000000009 1.0000000180025095e-35 1.0000000180025095e-35 1.0000000180025095e-35 1.0000000180025095e-35 4.5000000000000009 1.0000000180025095e-35 1.0000000180025095e-35 1.0000000180025095e-35 1.0000000180025095e-35 1.0000000180025095e-35 5.5000000000000009 6.5000000000000009
decision_type=2 2 2 2 2 2 2 2 2 2 2 2 2 2
left_child=1 5 3 11 -2 6 9 -5 -8 -1 12 -3 -6 -4
right_child=4 2 13 7 10 -7 8 -9 -10 -11 -12 -13 -14 -15
leaf_value=-0.004097736456375174 0.046892912011022997 0.03174459509457659 0.016819198819523967 0.0070142445352905508 0.037470811164333748 0.0052124074936180029 -0.0029588519821404594 -0.023565810063189408 0.0011792563512461084 0.0071987720858706005 0.049675806128264333 0.05114250690189899 -0.0047926980123096947 -0.019941903694876757
leaf_weight=1007.2425591610372 1079.2735859341919 605.07422507554293 33.772333905100822 341.2950966656208 31.487448066473007 5151.9930078228936 16912.966244601645 150.02040928602219 8218.0772107783705 2652.2219263538718 33.768885806202888 190.02242892235518 144.65744325518608 246.49400395154953
leaf_count=2963 12775 3868 116 1042 152 18026 97132 503 38754 8242 109 1225 411 724
internal_value=0.00211629 0.000703311 0.0149905 0.0216333 0.0410046 4.3437e-05 -0.000881687 -0.0023521 -0.00160566 0.00408922 0.0106509 0.036439 0.00293115 -0.0154681
internal_weight=36798.4 35509.2 1566.68 1286.41 1289.19 33942.5 28790.5 491.316 25131 3659.46 209.914 795.097 176.145 280.266
internal_count=186042 172595 7478 6638 13447 165117 147091 1545 135886 11205 672 5093 563 840
is_linear=0
shrinkage=0.05


Tree=74
num_leaves=15
num_cat=0
split_feature=3 1 1 1 63 57 62 1 49 57 64 1 48 6
split_gain=224.114 301.02 91.6733 505.68 69.9916 57.3445 58.7422 35.6336 23.1645 20.2836 13.4305 13.0386 11.3818 14.7948
threshold=1.0000000180025095e-35 21.500000000000004 22.500000000000004 21.500000000000004 1.0000000180025095e-35 1.0000000180025095e-35 1.0000000180025095e-35 1.0000000180025095e-35 1.0000000180025095e-35 1.0000000180025095e-35 1.0000000180025095e-35 4.5000000000000009 1.0000000180025095e-35 1.0000000180025095e-35
decision_type=2 2 2 2 2 2 2 2 2 2 2 2 2 2
left_child=1 4 3 7 5 8 -7 -2 -1 -4 -11 -9 -6 -14
right_child=2 -3 9 -5 12 6 -8 11 -10 10 -12 -13 13 -15
leaf_value=0.0018732203937377207 0.00032593062256285814 -0.053574723801706171 0.0084879847699041548 0.055323633324082924 0.0071158327936005948 -0.0045494960482469768 0.0020059110002091408 0.011358882408912419 0.010176803142209846 -0.0054101059827035836 0.008956482934332868 0.0042289383145697138 0.0048753214834903877 -0.01505393998542047
leaf_weight=7987.265073325485 1245.1073823608458 257.31509900931269 496.5052174963057 622.27356157451868 4143.6194763742387 9975.0885133035481 5197.2334800735116 3318.2232391797006 937.73098671063781 1134.3211991861463 188.95891156047583 796.74515962600708 292.88759477436543 135.33331044018269
leaf_count=32113 4558 5165 1599 3340 14713 70097 27906 13682 3628 3989 627 3447 1032 521
internal_value=0.00218728 0.000158734 0.00970714 0.0126959 0.000642862 -0.000433305 -0.00230398 0.00773771 0.0027467 -0.000119744 -0.0033534 0.00997974 0.00631399 -0.00144345
internal_weight=36728.6 28926.5 7802.13 5982.35 28669.2 24097.3 15172.3 5360.08 8925 1819.79 1323.28 4114.97 4571.84 428.221
internal_count=186417 155175 31242 25027 150010 133744 98003 21687 35741 6215 4616 17129 16266 1553
is_linear=0
shrinkage=0.05


Tree=75
num_leaves=15
num_cat=0
split_feature=4 9 11 13 10 58 63 60 61 1 21 1 47 51
split_gain=475.886 282.586 186.395 185.19 186.101 79.3118 67.4442 53.5113 34.2827 30.8561 28.2843 22.1965 13.4596 13.6768
threshold=1.0000000180025095e-35 1.0000000180025095e-35 1.0000000180025095e-35 1.0000000180025095e-35 1.0000000180025095e-35 1.0000000180025095e-35 1.0000000180025095e-35 1.0000000180025095e-35 1.0000000180025095e-35 7.5000000000000009 1.0000000180025095e-35 8.5000000000000018 1.0000000180025095e-35 1.0000000180025095e-35
decision_type=2 2 2 2 2 2 2 2 2 2 2 2 2 2
left_child=5 2 3 4 -2 6 7 8 -1 -9 11 -3 -7 -14
right_child=1 10 -4 -5 -6 12 -8 9 -10 -11 -12 -13 13 -15
leaf_value=0.00075694650114519922 0.0098597600366936503 0.002965669523710942 0.052953376868192265 0.040204241231054615 0.05488095450781344 0.0048384304251517275 0.0042843786850014316 0.0017751581424171325 -0.0034083405762319096 -0.018725184011324471 0.0079237008726306454 -0.020042595433967258 0.0095548844310058799 0.027739413573821339
leaf_weight=7568.3239976214245 3915.9996105022728 127.48311392962933 377.79354207590222 705.10669502615929 242.91352574154735 2468.572898728773 4392.5781199624762 241.74002773314714 14222.036488072015 759.42660955246538 150.19853279367089 582.60814066976309 778.15534609276801 118.79931566864252
leaf_count=36521 19964 524 3527 5295 1850 7000 15528 848 84560 6039 487 1826 2154 300
internal_value=0.00205498 0.0148016 0.0191603 0.0165252 0.0125019 -0.000491482 -0.00138796 -0.00248132 -0.00196167 -0.0137784 -0.0117474 -0.0159135 0.00674783 0.0119916
internal_weight=36651.7 6102.1 5241.81 4864.02 4158.91 30549.6 27184.1 22791.5 21790.4 1001.17 860.29 710.091 3365.53 896.955
internal_count=186423 33473 30636 27109 21814 152950 143496 127968 121081 6887 2837 2350 9454 2454
is_linear=0
shrinkage=0.05


Tree=76
num_leaves=15
num_cat=0
split_feature=0 3 1 0 63 1 1 18 0 0 3 16 1 21
split_gain=752.471 111.829 248.637 102.052 70.9943 62.385 484.832 50.0355 47.017 27.4884 26.3638 20.5821 20.3405 19.9989
threshold=12392.500000000002 1.0000000180025095e-35 21.500000000000004 6911.5000000000009 1.0000000180025095e-35 22.500000000000004 21.500000000000004 1.0000000180025095e-35 17392.000000000004 4679.5000000000009 1.0000000180025095e-35 1.0000000180025095e-35 22.500000000000004 1.0000000180025095e-35
decision_type=2 2 2 2 2 2 2 2 2 2 2 2 2 2
left_child=1 2 4 5 7 6 -3 -1 10 -7 11 -2 -5 -13
right_child=8 3 -4 12 -6 9 -8 -9 -10 -11 -12 13 -14 -15
leaf_value=-0.00068514636840016246 0.025795621337666691 0.0027352585983293903 -0.050453354834350567 0.037209392532903597 0.0054495287111359716 -0.0023044797485939064 0.055786974112227765 -0.008987593247434934 0.045943760392973168 -0.03892849007848008 0.043379692060973786 0.01390878620340538 0.0047046182780115181 -0.039346087505696042
leaf_weight=21216.552349831909 331.16122053936124 4673.6561851650476 248.11807529907674 304.98409297317266 4526.476232547313 1634.7592591047287 473.38424536958337 1983.4640221148729 808.10932975262403 51.900011412799358 177.63366233929992 57.382168784737587 57.485608652234077 24.258364740759134
leaf_count=115496 2690 14349 5248 2284 15620 4592 1841 11251 9527 253 2283 284 396 130
internal_value=0.00213623 0.0007055 -0.000724521 0.00626393 -0.000277705 0.00489004 0.00762443 -0.00139531 0.0380903 -0.00345383 0.0272821 0.020267 0.0320814 -0.0021998
internal_weight=36569.3 35170.8 27974.6 7196.17 27726.5 6833.7 5147.04 23200 1398.54 1686.66 590.435 412.802 362.47 81.6405
internal_count=186244 171330 147615 23715 142367 21035 16190 126747 14914 4845 5387 3104 2680 414
is_linear=0
shrinkage=0.05


Tree=77
num_leaves=15
num_cat=0
split_feature=0 4 0 0 11 10 9 58 60 3 0 16 18 3
split_gain=705.257 111.222 567.899 410.647 217.195 200.482 108.839 62.0372 63.1211 18.9323 18.7277 24.9917 25.8444 13.9456
threshold=12990.500000000002 1.0000000180025095e-35 4515.5000000000009 2514.5000000000005 1.0000000180025095e-35 1.0000000180025095e-35 1.0000000180025095e-35 1.0000000180025095e-35 1.0000000180025095e-35 1.0000000180025095e-35 16107.500000000002 1.0000000180025095e-35 1.0000000180025095e-35 1.0000000180025095e-35
decision_type=2 2 2 2 2 2 2 2 2 2 2 2 2 2
left_child=1 3 -3 7 5 -4 10 8 -1 -8 11 12 -2 -9
right_child=6 2 4 -5 -6 -7 9 13 -10 -11 -12 -13 -14 -15
leaf_value=-0.00032438766418688906 0.051023301749296882 0.05374937092321265 -0.0036846133642192839 -0.044329976481482368 0.053656499809797677 0.057132697896842825 -0.00035808034341156024 0.0052962978091529367 -0.013250609353187094 0.033951767614770929 0.04935200499272191 0.0086925863349269373 0.0045096542305638745 0.015452608707402851
leaf_weight=25588.892739679664 168.60908768326044 580.34804980829358 3808.6551390215755 530.71917049493641 185.77701057866216 139.50497879832983 180.804736956954 2901.6656581088901 979.6296508256346 50.698290135711432 756.41474042460322 73.392615310847759 36.495013620704412 382.05717261135578
leaf_count=124161 2318 3514 13963 13481 1191 653 486 7687 6279 266 10382 444 318 1010
internal_value=0.00165616 0.000332944 0.00747764 -0.000775852 0.000970298 -0.00152176 0.0382983 -7.94416e-08 -0.000801482 0.00726936 0.0452256 0.0338815 0.042809 0.00648232
internal_weight=36363.7 35097.2 4714.29 30383 4133.94 3948.16 1266.41 29852.2 26568.5 231.503 1034.91 278.497 205.104 3283.72
internal_count=186153 171939 19321 152618 15807 14616 14214 139137 130440 752 13462 3080 2636 8697
is_linear=0
shrinkage=0.05


Tree=78
num_leaves=15
num_cat=0
split_feature=0 0 9 16 9 58 61 60 1 21 21 1 13 21
split_gain=642.049 124.313 123.475 162.18 98.5417 88.9342 71.8892 72.444 38.037 37.4434 30.1377 18.7585 17.4914 16.6677
threshold=13575.500000000002 7906.5000000000009 1.0000000180025095e-35 1.0000000180025095e-35 1.0000000180025095e-35 1.0000000180025095e-35 1.0000000180025095e-35 1.0000000180025095e-35 4.5000000000000009 1.0000000180025095e-35 1.0000000180025095e-35 5.5000000000000009 1.0000000180025095e-35 1.0000000180025095e-35
decision_type=2 2 2 2 2 2 2 2 2 2 2 2 2 2
left_child=1 5 3 12 -2 6 7 -1 -8 -5 11 -6 -3 -4
right_child=4 2 13 9 10 -7 8 -9 -10 -11 -12 -13 -14 -15
leaf_value=0.0027037171803636702 0.045818263715811054 0.032297177448087251 -0.019668677761604164 0.0084147842498808589 0.035215752782203111 0.0074207577122213852 0.002830126157753798 -0.010615535632825003 -0.0042049257991955708 -0.021488248907299366 0.050358042379978575 -0.008502795842908693 0.05178944702477345 0.014620425769302087
leaf_weight=13165.089401610196 925.2730271872133 594.24843550845981 247.38568744808435 332.90635611489415 28.569933701306581 3587.4169895062223 2234.7323822937906 1105.7323140464723 13674.384369329549 151.49656783416867 33.147520013153553 143.15358929336071 147.01699724420905 40.592025719583035
leaf_count=56618 12772 3961 754 1028 155 10305 6929 7300 84289 516 112 419 1175 109
internal_value=0.00179672 0.000607877 0.0146213 0.0215408 0.038877 -2.06991e-05 -0.000905464 0.00167104 -0.00321661 -0.000962364 0.0074572 -0.00106749 0.0362277 -0.0148016
internal_weight=36411.1 35281 1513.65 1225.67 1130.14 33767.4 30179.9 14270.8 15909.1 484.403 204.871 171.724 741.265 287.978
internal_count=186442 172984 7543 6680 13458 165441 155136 63918 91218 1544 686 574 5136 863
is_linear=0
shrinkage=0.05


Tree=79
num_leaves=15
num_cat=0
split_feature=4 16 9 18 12 21 3 1 63 1 60 1 1 25
split_gain=387.787 269.496 394.987 608.604 117.751 83.7905 76.8907 138.803 55.8318 50.465 46.1464 40.1361 432.412 31.3301
threshold=1.0000000180025095e-35 1.0000000180025095e-35 1.0000000180025095e-35 1.0000000180025095e-35 1.0000000180025095e-35 1.0000000180025095e-35 1.0000000180025095e-35 21.500000000000004 1.0000000180025095e-35 6.5000000000000009 1.0000000180025095e-35 22.500000000000004 21.500000000000004 1.0000000180025095e-35
decision_type=2 2 2 2 2 2 2 2 2 2 2 2 2 2
left_child=6 2 3 4 -2 -5 7 8 10 -3 -1 12 -8 -11
right_child=1 9 -4 5 -6 -7 11 -9 -10 13 -12 -13 -14 -15
leaf_value=-0.0022178459322263308 0.047288066746470625 0.018873860534317395 -0.0096031486677395587 -0.011698693123003487 0.018401008005975893 0.028120866756501689 0.0019287709637139676 -0.044256452578800128 0.0037302706616140578 -0.007956168351731142 -0.014373710984781476 -0.0026666677407469266 0.055753568458918448 0.034676981241872212
leaf_weight=18926.054956929758 1900.8563727475703 220.85143979638815 878.51747276261449 811.19296962581575 435.29140211269259 156.8003783300519 4439.833010379225 191.46292275935411 4041.583125796169 1444.6344940960407 813.38545371592045 1605.6940647400916 406.38707441091537 43.44316079467535
leaf_count=109208 16306 1507 2895 3600 3217 731 12635 5017 13999 5230 6189 4364 1442 166
internal_value=0.00161228 0.0133523 0.0201864 0.0281075 0.0419158 -0.00522616 -0.00066151 -0.00196554 -0.00162321 -0.00337638 -0.00271944 0.00418324 0.0064529 -0.00668908
internal_weight=36316 5891.59 4182.66 3304.14 2336.15 967.993 30424.4 23972.5 23781 1708.93 19739.4 6451.91 4846.22 1488.08
internal_count=186506 33652 26749 23854 19523 4331 152854 134413 129396 6903 115397 18441 14077 5396
is_linear=0
shrinkage=0.05


Tree=80
num_leaves=15
num_cat=0
split_feature=0 9 3 1 0 58 60 1 1 21 9 0 0 3
split_gain=587.219 105.218 88.2986 207.733 94.4726 61.8207 68.2361 46.6854 71.1953 26.5832 25.6066 25.3483 22.802 18.6949
threshold=12392.500000000002 1.0000000180025095e-35 1.0000000180025095e-35 21.500000000000004 6085.5000000000009 1.0000000180025095e-35 1.0000000180025095e-35 1.0000000180025095e-35 22.500000000000004 1.0000000180025095e-35 1.0000000180025095e-35 16107.500000000002 4679.5000000000009 1.0000000180025095e-35
decision_type=2 2 2 2 2 2 2 2 2 2 2 2 2 2
left_child=2 11 3 5 7 6 -1 12 -9 13 -6 -2 -4 -3
right_child=1 9 4 -5 10 -7 -8 8 -10 -11 -12 -13 -14 -15
leaf_value=-0.00066298295989492993 0.031075385102092429 -0.0081151198428556122 -0.0042919721622748071 -0.048393067712283071 0.03240717214553071 0.0062210194556416307 -0.015231260746899809 0.0096252197789225037 -0.0027454200857552672 0.047445674238329655 -0.0067540773409104837 0.04835679668992203 -0.056894587336463402 0.027734812926093613
leaf_weight=23430.746985061094 321.87082866206765 166.84150648117065 1085.8910617083311 225.38414448313415 385.46804537251592 3208.7631826736033 831.34008872136474 3912.8527183420956 1654.307796087116 32.710650447756052 46.447819083929062 673.22673875652254 20.010003093630075 45.423648763448
leaf_count=126803 3751 453 3092 5197 2983 9023 6334 12593 4718 114 195 10414 117 227
internal_value=0.0017877 0.0355835 0.000582461 -0.000693205 0.00555459 -0.000300105 -0.00116277 0.00408551 0.00594939 0.00619948 0.0281899 0.0428038 -0.0052943 -0.000349343
internal_weight=36041.3 1240.07 34801.2 27696.2 7104.98 27470.9 24262.1 6673.06 5567.16 244.976 431.916 995.098 1105.9 212.265
internal_count=186014 14959 171055 147357 23698 142160 133137 20520 17311 794 3178 14165 3209 680
is_linear=0
shrinkage=0.05


Tree=81
num_leaves=15
num_cat=0
split_feature=0 3 1 4 9 57 60 1 1 0 0 16 0 21
split_gain=575.262 96.0009 211.648 96.2133 83.4947 69.7653 62.7276 62.0217 87.7915 34.8992 48.9186 26.606 23.7371 23.5129
threshold=12990.500000000002 1.0000000180025095e-35 21.500000000000004 1.0000000180025095e-35 1.0000000180025095e-35 1.0000000180025095e-35 1.0000000180025095e-35 1.5000000000000002 22.500000000000004 4515.5000000000009 6911.5000000000009 1.0000000180025095e-35 16727.000000000004 1.0000000180025095e-35
decision_type=2 2 2 2 2 2 2 2 2 2 2 2 2 2
left_child=1 2 5 7 11 -1 -7 -3 -9 -5 -11 -2 -13 -6
right_child=4 3 -4 9 13 6 -8 8 -10 10 -12 12 -14 -15
leaf_value=0.0029272244830603079 0.048162972294300339 -0.0038169658165894795 -0.049422784796064878 0.05102523899766076 0.0035961730202282889 -0.0017470550839281094 -0.018527823813359847 0.01214401796623121 -0.0024564351108538143 0.0025589707587478161 0.030843369878669525 0.0052573754192741179 0.042438446813410108 0.04907513583963781
leaf_weight=10042.511064752936 714.97648134641349 1894.796110522002 220.91054881829768 95.878220520913601 199.12314215674996 16990.860265038908 574.78714597597718 2901.8702392354608 1594.993141554296 268.61022707074881 354.37644420191646 77.012309333309531 96.901183279231191 32.191002432256937
leaf_count=38248 11773 5236 5221 1144 637 99647 5019 8855 4350 1485 2971 529 1163 119
internal_value=0.00166844 0.000537152 -0.000787696 0.0057217 0.0369219 -0.000396759 -0.00229718 0.0037693 0.00696599 0.0230518 0.0186718 0.0438801 0.0260981 0.0101093
internal_weight=36059.8 34939.6 27829.1 7110.52 1120.2 27608.2 17565.6 6391.66 4496.86 718.865 622.987 888.89 173.913 231.314
internal_count=186397 172176 148135 24041 14221 142914 104666 18441 13205 5600 4456 13465 1692 756
is_linear=0
shrinkage=0.05


Tree=82
num_leaves=15
num_cat=0
split_feature=0 4 0 0 11 10 63 3 0 13 3 11 3 0
split_gain=522.121 89.1105 532.595 376.924 194.776 182.774 47.8136 48.4183 29.0597 10.1547 10.1221 8.4265 7.71411 14.7523
threshold=13575.500000000002 1.0000000180025095e-35 4515.5000000000009 2514.5000000000005 1.0000000180025095e-35 1.0000000180025095e-35 1.0000000180025095e-35 1.0000000180025095e-35 16727.000000000004 1.0000000180025095e-35 1.0000000180025095e-35 1.0000000180025095e-35 1.0000000180025095e-35 24824.500000000004
decision_type=2 2 2 2 2 2 2 2 2 2 2 2 2 2
left_child=1 3 -3 6 5 -4 7 -1 9 10 11 -2 13 -10
right_child=8 2 4 -5 -6 -7 -8 -9 12 -11 -12 -13 -14 -15
leaf_value=-0.001885860222856629 0.011392061697752821 0.053540657165804043 -0.0034976937949308773 -0.043269144691673866 0.05299104415996863 0.055910246896167096 0.0047989724608811669 0.0033735812278351653 0.039763602041394647 0.049585062278665853 0.036206636884755769 0.048087671681349614 0.049359816681213774 -0.016972332310774337
leaf_weight=19399.321646962315 179.61499777436256 539.32027288526297 3835.6859342418611 506.94896545354277 170.10307647287846 132.99105257540941 4693.5965007133782 5649.4760180860758 391.61179997399449 34.469382733106613 76.3278490267694 16.318944428116083 285.70573940128088 11.280504222959278
leaf_count=108362 1309 3510 14493 13490 1284 727 15175 15625 4532 602 1216 275 5469 111
internal_value=0.00145026 0.000432161 0.00685344 -0.000561092 0.000758217 -0.00149334 0.000168282 -0.000699565 0.0371402 0.024206 0.0208232 0.014677 0.0428583 0.038137
internal_weight=35922.8 34927.4 4678.1 30249.3 4138.78 3968.68 29742.4 25048.8 995.329 306.731 272.262 195.934 688.598 402.892
internal_count=186180 172666 20014 152652 16504 15220 139162 123987 13514 3402 2800 1584 10112 4643
is_linear=0
shrinkage=0.05


Tree=83
num_leaves=15
num_cat=0
split_feature=0 0 9 16 18 57 9 21 61 60 3 21 1 3
split_gain=506.804 102.264 103.976 152.792 229.425 90.2054 70.3245 46.6871 41.2299 44.2 43.8163 26.6385 22.7608 74.6665
threshold=14789.500000000002 7906.5000000000009 1.0000000180025095e-35 1.0000000180025095e-35 1.0000000180025095e-35 1.0000000180025095e-35 1.0000000180025095e-35 1.0000000180025095e-35 1.0000000180025095e-35 1.0000000180025095e-35 1.0000000180025095e-35 1.0000000180025095e-35 21.500000000000004 1.0000000180025095e-35
decision_type=2 2 2 2 2 2 2 2 2 2 2 2 2 2
left_child=1 5 3 4 -3 12 -2 -5 9 -7 -10 -4 -1 -14
right_child=6 2 11 7 -6 8 -8 -9 10 -11 -12 -13 13 -15
leaf_value=0.0030468815479151503 0.046958782836977936 0.050918407276488248 -0.017842734265048645 0.0085070763737245172 -0.011103244575442163 0.0012894834010148256 0.010283715164658869 -0.024407282113238938 -0.0058127639213207622 -0.011131909727356394 0.0012618489560330883 0.023971337726960723 -0.047011932617719215 0.017592411692627589
leaf_weight=10946.533107295632 677.40652550384402 542.31615940481424 279.53408867865801 342.61136168800294 205.07087147049606 9767.6870282525197 162.71808131411672 155.95340507477522 8377.8751010401174 771.83950478676707 2962.005707282573 43.187031827867031 47.413413675501943 592.67320877313614
leaf_count=40892 11681 5243 857 1132 912 44125 567 556 61965 5728 9510 112 1302 1823
internal_value=0.00152234 0.000601517 0.0130746 0.0196231 0.0339086 1.64877e-05 0.0398761 -0.00181694 -0.00187255 0.00037886 -0.00396491 -0.0121903 0.00358348 0.0127411
internal_weight=35874.8 35034.7 1568.67 1245.95 747.387 33466 840.125 498.565 21879.4 10539.5 11339.9 322.721 11586.6 640.087
internal_count=186405 174157 8812 7843 6155 165345 12248 1688 121328 49853 71475 969 44017 3125
is_linear=0
shrinkage=0.05


Tree=84
num_leaves=15
num_cat=0
split_feature=0 0 9 18 57 9 21 63 13 0 0 60 23 1
split_gain=451.497 83.7237 114.607 94.5319 72.2598 66.179 63.554 40.0036 39.0802 29.1156 51.3932 26.8331 21.443 21.0032
threshold=14789.500000000002 7906.5000000000009 1.0000000180025095e-35 1.0000000180025095e-35 1.0000000180025095e-35 1.0000000180025095e-35 1.0000000180025095e-35 1.0000000180025095e-35 1.0000000180025095e-35 4679.5000000000009 6349.5000000000009 1.0000000180025095e-35 1.0000000180025095e-35 21.500000000000004
decision_type=2 2 2 2 2 2 2 2 2 2 2 2 2 2
left_child=1 4 3 8 9 -2 -5 11 -3 13 -11 -6 -7 -1
right_child=5 2 -4 6 7 12 -8 -9 -10 10 -12 -13 -14 -15
leaf_value=0.0033237802030430075 0.045533958156209059 0.02125455300341024 -0.014685455448490238 -0.025392022538006362 -0.0022116805041014968 0.023649556532142582 0.043790707167381322 0.00313241642181427 0.050347244956238268 -0.018063396821932105 0.010212347996477885 -0.011727623549758606 -0.013457835677120679 0.012965450017684125
leaf_weight=10277.477095302194 644.42474635876715 892.24319989979267 320.84146939218044 167.90357515402138 17424.03125302121 104.79597931355238 40.361599784344435 3628.7406112095341 132.54234377294779 404.99418581463397 265.143669731915 772.78523928765208 60.781971216201782 596.85697337519377
leaf_count=38734 11601 5631 977 754 102360 375 168 13181 1338 1353 854 5799 205 2901
internal_value=0.00141655 0.000560082 0.0119012 0.0188253 3.16381e-05 0.0382974 -0.0118393 -0.00166052 0.0250627 0.00323063 -0.0068774 -0.00261643 0.0100288 0.00385412
internal_weight=35733.9 34923.9 1553.89 1233.05 33370 810.003 208.265 21825.6 1024.79 11544.5 670.138 18196.8 165.578 10874.3
internal_count=186231 174050 8868 7891 165182 12181 922 121340 6969 43842 2207 108159 580 41635
is_linear=0
shrinkage=0.05


Tree=85
num_leaves=15
num_cat=0
split_feature=4 9 18 10 13 21 57 1 60 61 1 1 1 1
split_gain=205.083 205.131 271.731 87.2603 95.2595 77.5393 42.8587 40.8791 31.0625 33.9399 30.4696 24.7964 32.4421 20.5843
threshold=1.0000000180025095e-35 1.0000000180025095e-35 1.0000000180025095e-35 1.0000000180025095e-35 1.0000000180025095e-35 1.0000000180025095e-35 1.0000000180025095e-35 5.5000000000000009 1.0000000180025095e-35 1.0000000180025095e-35 5.5000000000000009 21.500000000000004 22.500000000000004 6.5000000000000009
decision_type=2 2 2 2 2 2 2 2 2 2 2 2 2 2
left_child=6 2 3 4 -2 7 11 -4 9 -8 -10 -1 -13 -3
right_child=1 13 5 -5 -6 -7 8 -9 10 -11 -12 12 -14 -15
leaf_value=0.0015958075291556642 0.014902057138596806 0.0085269721010161354 0.015266469355894492 0.05420771761155263 0.036996412282335467 0.024089984195598727 0.00086830834426868261 -0.020243055322322252 0.0059495002184560049 -0.0033877426904091444 -0.018624199941425817 0.031485018814205658 0.0051036224440526856 -0.015567549156582403
leaf_weight=10123.192616134882 2949.3407031036913 100.17177791893482 91.027083437889814 179.85426724329591 584.51185970008373 140.69103407114744 8874.0164026133716 693.18668225035071 168.64280591160059 9919.4012205759063 494.82680331356823 157.17865660227835 444.64412390440702 733.14097229763865
leaf_count=37769 19221 508 812 1852 5362 721 40640 2770 468 66124 4877 1674 1151 2312
internal_value=0.00125974 0.0101648 0.0142679 0.0203062 0.018566 -0.00997316 -0.000355025 -0.0161071 -0.00175387 -0.00137815 -0.0123784 0.00218263 0.0120345 -0.0126644
internal_weight=35653.8 5471.92 4638.61 3713.71 3533.85 924.905 30181.9 784.214 19456.9 18793.4 663.47 10725 601.823 833.313
internal_count=186261 33558 30738 26435 24583 4303 152703 3582 112109 106764 5345 40594 2825 2820
is_linear=0
shrinkage=0.05


Tree=86
num_leaves=15
num_cat=0
split_feature=0 0 9 0 11 17 13 9 11 1 3 60 23 1
split_gain=413.089 95.4321 114.662 81.5126 135.08 137.855 75.2652 74.0344 54.1363 33.214 154.229 29.2252 18.6726 12.9282
threshold=14789.500000000002 7220.5000000000009 1.0000000180025095e-35 4679.5000000000009 1.0000000180025095e-35 1.0000000180025095e-35 1.0000000180025095e-35 1.0000000180025095e-35 1.0000000180025095e-35 21.500000000000004 1.0000000180025095e-35 1.0000000180025095e-35 1.0000000180025095e-35 6.5000000000000009
decision_type=2 2 2 2 2 2 2 2 2 2 2 2 2 2
left_child=1 3 6 9 5 -5 8 -2 -3 11 -11 -1 -9 -4
right_child=7 2 13 4 -6 -7 -8 12 -10 10 -12 -13 -14 -15
leaf_value=0.0004268735967089845 0.045478916734359352 0.010932990462978524 0.012536944622062954 -0.014046809335322086 0.054023597189609231 0.059774961867420907 0.04901761371717641 0.020416384390887086 0.051390807542101215 -0.039964030642447926 0.01026251150977593 -0.0081552515070009227 -0.014469174936382912 -0.016688366825460009
leaf_weight=27543.70994214341 609.47094378992915 1279.0550748761743 41.955900236964226 2060.548091170378 79.962937377393246 64.268919177353382 167.35806782916188 101.58249663561583 87.522564496845007 164.26772955525666 2034.5423220340163 1028.0507441833615 60.380675964057446 332.16539201140404
leaf_count=138458 11661 6417 157 6858 350 201 1509 374 1120 4936 6238 7014 205 992
internal_value=0.00133816 0.000537297 0.0114062 -9.19405e-05 -0.00937665 -0.0117869 0.0174578 0.0375045 0.0135598 0.000573612 0.00649375 0.000117802 0.00740189 -0.0133862
internal_weight=35654.8 34883.4 1908.06 32975.4 2204.78 2124.82 1533.94 771.434 1366.58 30770.6 2198.81 28571.8 161.963 374.121
internal_count=186490 174250 10195 164055 7409 7059 9046 12240 7537 156646 11174 145472 579 1149
is_linear=0
shrinkage=0.05


Tree=87
num_leaves=15
num_cat=0
split_feature=0 0 9 16 18 0 17 11 9 21 60 61 0 3
split_gain=400.975 91.0971 141.858 245.826 301.6 104.825 117.257 119.491 51.2621 49.4257 41.158 38.9203 18.5446 16.3224
threshold=16107.500000000002 6911.5000000000009 1.0000000180025095e-35 1.0000000180025095e-35 1.0000000180025095e-35 4679.5000000000009 1.0000000180025095e-35 1.0000000180025095e-35 1.0000000180025095e-35 1.0000000180025095e-35 1.0000000180025095e-35 1.0000000180025095e-35 8299.0000000000018 1.0000000180025095e-35
decision_type=2 2 2 2 2 2 2 2 2 2 2 2 2 2
left_child=1 5 3 4 -3 10 7 -7 -2 -5 11 -1 -4 -12
right_child=8 2 12 9 -6 6 -8 -9 -10 -11 13 -13 -14 -15
leaf_value=0.0029268159432316175 0.047690640345266364 0.049634685754243062 -0.032851086031397039 0.0029890638013919872 -0.0085944059828782469 -0.015590044268898829 0.059321569884153616 0.052679962747413149 0.012372872154675106 -0.025171689402840897 -0.012687778216328627 -0.00071937483758107692 -0.0091721481655419965 0.00084463322078529078
leaf_weight=13310.559323356487 506.78006467595696 733.17898573353887 111.00485224276781 492.71362577006221 318.62160161696374 1887.8051105225459 56.270482078194618 65.385347351431847 129.87631344422698 226.75600660219789 795.56984141515568 16256.156097703613 321.06166545301676 309.20671253278852
leaf_count=56725 10381 7079 385 1703 1336 6306 174 291 478 832 6545 92059 963 941
internal_value=0.00122481 0.00050657 0.0103446 0.0166095 0.032004 -0.000157004 -0.0112173 -0.0132788 0.0405166 -0.00590901 0.000567962 0.000922137 -0.0153175 -0.00890297
internal_weight=35520.9 34884.3 2203.34 1771.27 1051.8 32681 2009.46 1953.19 636.656 719.47 30671.5 29566.7 432.067 1104.78
internal_count=186198 175339 12298 10950 8415 163041 6771 6597 10859 2535 156270 148784 1348 7486
is_linear=0
shrinkage=0.05


Tree=88
num_leaves=15
num_cat=0
split_feature=0 3 1 4 57 0 60 0 1 1 1 3 16 13
split_gain=353.342 67.1999 202.961 77.7665 56.6723 48.3123 46.2868 43.5103 39.3181 36.3811 28.0571 27.0963 26.2757 17.6037
threshold=12990.500000000002 1.0000000180025095e-35 21.500000000000004 1.0000000180025095e-35 1.0000000180025095e-35 2514.5000000000005 1.0000000180025095e-35 18065.500000000004 22.500000000000004 22.500000000000004 1.0000000180025095e-35 1.0000000180025095e-35 1.0000000180025095e-35 1.0000000180025095e-35
decision_type=2 2 2 2 2 2 2 2 2 2 2 2 2 2
left_child=1 2 4 5 -1 9 -6 11 10 -3 -5 13 -10 -2
right_child=7 3 -4 8 6 -7 -8 -9 12 -11 -12 -13 -14 -15
leaf_value=0.0028244372360618033 0.0090578831289841923 0.0057692505574647055 -0.049859676991981218 0.0010899248202409582 -0.0014333828690545891 -0.05106945302726295 -0.016273092151310765 0.042568724567491834 0.0093508978986157187 -0.0029684993404552403 0.031770369543160884 0.040877403171204189 -0.042455358404451554 0.049197313110475156
leaf_weight=10023.823961064219 287.80916788987815 4728.8697724193335 206.048568546772 88.957894816994667 16822.125483587384 39.722116919234395 541.42743306979537 475.07205551862717 92.398633997887373 1591.6420743465424 460.37700814753771 119.0196322472766 32.179146520793438 29.294116698205471
leaf_count=38222 2550 13467 5307 699 99400 946 4977 8766 715 4048 3988 2293 170 580
internal_value=0.00137957 0.00057038 -0.00054177 0.00493256 -0.000168921 0.00321956 -0.00189702 0.0320965 0.0210707 0.00356877 0.0268131 0.0206177 -0.00426247 0.012909
internal_weight=35538.8 34627.6 27593.4 7034.15 27387.4 6360.23 17363.6 911.195 673.913 6320.51 549.335 436.123 124.578 317.103
internal_count=186128 171939 147906 24033 142599 18461 104377 14189 5572 17515 4687 5423 885 3130
is_linear=0
shrinkage=0.05


Tree=89
num_leaves=15
num_cat=0
split_feature=0 0 13 3 1 0 4 0 11 17 0 3 1 0
split_gain=351.157 63.4907 76.1559 65.3114 65.3968 53.0779 566.83 395.476 128.343 136.567 20.7614 17.4974 14.1089 13.9698
threshold=14789.500000000002 7906.5000000000009 1.0000000180025095e-35 1.0000000180025095e-35 21.500000000000004 4679.5000000000009 1.0000000180025095e-35 2465.5000000000005 1.0000000180025095e-35 1.0000000180025095e-35 4515.5000000000009 1.0000000180025095e-35 22.500000000000004 24824.500000000004
decision_type=2 2 2 2 2 2 2 2 2 2 2 2 2 2
left_child=1 5 3 4 -3 6 7 -1 9 -7 -8 13 -5 -2
right_child=11 2 -4 12 -6 8 10 -9 -10 -11 -12 -13 -14 -15
leaf_value=0.00049981833420942269 0.031681939096937471 0.0034303687274439875 0.049591354862782162 0.035691595782506073 -0.10867774993035073 -0.010925973214596978 0.053362069172073069 -0.040820979409446172 0.05274711143843519 0.058307687285104173 0.020400676476619459 0.047035032049320191 0.0048752798547466655 -0.026742039966785008
leaf_weight=29512.760237848386 420.3478255905211 1109.9853725973517 114.48283348418772 207.71502581052482 12.162833888083695 2433.2119478369132 509.89259668439627 589.64746768400073 86.374512143433094 72.392736382782459 54.535381872206926 255.68980346061289 45.605381611734629 9.7683141864836198
leaf_count=138574 5676 4787 1369 2241 58 8118 3529 14082 437 252 222 6363 408 107
internal_value=0.00119221 0.000492437 0.0105866 0.0073065 0.00211956 3.99261e-05 0.000620714 -0.000310905 -0.00682922 -0.00890319 0.050219 0.0365963 0.0301847 0.0302961
internal_weight=35434.6 34748.8 1489.95 1375.47 1122.15 33258.8 30666.8 30102.4 2591.98 2505.6 564.428 685.806 253.32 430.116
internal_count=186223 174077 8863 7494 4845 165214 156407 152656 8807 8370 3751 12146 2649 5783
is_linear=0
shrinkage=0.05


Tree=90
num_leaves=15
num_cat=0
split_feature=4 16 9 21 11 57 63 25 3 1 1 3 1 1
split_gain=173.086 200.946 258.349 109.838 93.0755 49.2954 30.3581 30.04 29.0655 57.7785 42.7186 24.7536 34.2933 21.4477
threshold=1.0000000180025095e-35 1.0000000180025095e-35 1.0000000180025095e-35 1.0000000180025095e-35 1.0000000180025095e-35 1.0000000180025095e-35 1.0000000180025095e-35 1.0000000180025095e-35 1.0000000180025095e-35 21.500000000000004 22.500000000000004 1.0000000180025095e-35 22.500000000000004 21.500000000000004
decision_type=2 2 2 2 2 2 2 2 2 2 2 2 2 2
left_child=5 2 3 4 -2 -1 8 11 9 -7 -10 13 -13 -3
right_child=1 7 -4 -5 -6 6 -8 -9 10 -11 -12 12 -14 -15
leaf_value=0.0022763088344036437 0.01498067671939547 -0.0083356506765068662 -0.0084939422665175606 0.042455178016642281 0.051962295312639441 -0.003791549988166506 0.0023961453733520564 0.032153287084901651 0.0036664531000593285 -0.042090654065090716 -0.0080301581239618659 0.018099583887222288 -0.032130096829974059 -0.068324260224232783
leaf_weight=10698.279216890223 2034.5281440652907 1337.4355656169355 835.22538878768682 584.34426696039736 184.94149978458881 11788.938987629488 3324.4979352680966 51.05709458515048 3122.115601144731 98.31680706050247 1039.753542650491 183.73738451674581 40.686307769268751 14.090682260692118
leaf_count=40461 15781 4673 2826 5355 2685 84547 11976 243 9250 3394 2916 1601 287 100
internal_value=0.00101667 0.00937791 0.0159074 0.0231767 0.0180843 -0.000447774 -0.00195208 -0.00522707 -0.00285288 -0.00411183 0.000743079 -0.00645772 0.00889119 -0.00901113
internal_weight=35337.9 5266.05 3639.04 2803.81 2219.47 30071.9 19373.6 1627.01 16049.1 11887.3 4161.87 1575.95 224.424 1351.53
internal_count=186095 33551 26647 23821 18466 152544 112083 6904 100107 87941 12166 6661 1888 4773
is_linear=0
shrinkage=0.05


Tree=91
num_leaves=15
num_cat=0
split_feature=4 11 13 17 10 57 60 3 1 3 1 1 3 23
split_gain=168.442 175.183 161.398 180.532 179.329 42.6628 26.703 33.9899 22.6352 37.6354 84.9626 22.5546 39.1464 20.6746
threshold=1.0000000180025095e-35 1.0000000180025095e-35 1.0000000180025095e-35 1.0000000180025095e-35 1.0000000180025095e-35 1.0000000180025095e-35 1.0000000180025095e-35 1.0000000180025095e-35 21.500000000000004 1.0000000180025095e-35 22.500000000000004 1.0000000180025095e-35 1.0000000180025095e-35 1.0000000180025095e-35
decision_type=2 2 2 2 2 2 2 2 2 2 2 2 2 2
left_child=5 2 3 4 -2 8 11 -8 -1 -10 -11 -7 -13 -4
right_child=1 -3 13 -5 -6 6 7 -9 9 10 -12 12 -14 -15
leaf_value=0.0015976432247204111 0.00025671476237499284 0.05150993519121503 0.039959207569800946 0.054290481184017927 0.054094217877718787 -0.010138744471597322 -0.020372810373333262 0.0036163447691643872 -0.035444095313207268 0.054505474941339671 0.005223541757000948 -0.0022796580595596974 0.003488610033281422 0.017667546658007176
leaf_weight=10103.190570428967 4143.8131175078452 234.20227363333106 372.68371429108083 172.4854526091367 159.67316808179021 715.67040690407157 412.27760575478896 229.32945663481951 38.537401631940156 108.44565367698669 436.62892036885023 14304.472893137485 3701.6503459922969 147.54620097018778
leaf_count=37671 20978 3576 3889 1831 1843 2012 4724 654 1274 439 1124 93884 10922 1463
internal_value=0.00105697 0.00933706 0.00735025 0.00428284 0.00226636 -0.000384491 -0.00178406 -0.0118061 0.00215132 0.0117172 0.0151103 -0.00143999 -0.00109371 0.0336829
internal_weight=35280.6 5230.4 4996.2 4475.97 4303.49 30050.2 19363.4 641.607 10686.8 583.612 545.075 18721.8 18006.1 520.23
internal_count=186284 33580 30004 24652 22821 152704 112196 5378 40508 2837 1563 106818 104806 5352
is_linear=0
shrinkage=0.05


Tree=92
num_leaves=15
num_cat=0
split_feature=0 9 3 1 0 1 1 61 58 60 21 0 1 3
split_gain=322.342 77.0523 74.1995 158.927 85.1215 45.9258 111.691 41.1414 51.8372 48.0013 24.5735 22.7576 14.8359 12.2213
threshold=14789.500000000002 1.0000000180025095e-35 1.0000000180025095e-35 21.500000000000004 6638.5000000000009 2.5000000000000004 22.500000000000004 1.0000000180025095e-35 1.0000000180025095e-35 1.0000000180025095e-35 1.0000000180025095e-35 4515.5000000000009 22.500000000000004 1.0000000180025095e-35
decision_type=2 2 2 2 2 2 2 2 2 2 2 2 2 2
left_child=2 -2 3 7 5 -4 -7 9 -9 -1 13 -5 -6 -3
right_child=1 10 4 11 12 6 -8 8 -10 -11 -12 -13 -14 -15
leaf_value=0.0019789477219488111 0.044820531811474162 -0.012462383953932878 -0.0018005563791188639 -0.036429380354695076 0.032153654118969276 0.013820978381853486 -0.0031953030247950948 -0.003905014901311712 0.0050151461039125642 -0.0098924767121439886 0.05199841469559055 -0.077522529422284048 0.0060249142340516471 0.025317389800901032
leaf_weight=12148.664671871811 501.75959777832031 101.49540488421917 2689.4432172179222 148.71987548610196 311.86061515845358 2292.5339783839881 1663.4264643955976 12415.31899706088 1873.7000721655786 914.69202331081033 21.544107377529144 44.597826341632754 66.379788961261511 26.080550838261843
leaf_count=52396 11717 292 8182 5005 3415 7980 4760 79355 5354 6841 94 278 608 176
internal_value=0.000625427 0.0354582 -3.14193e-05 -0.00120116 0.00455565 0.00324028 0.00666687 -0.000881022 -0.00273506 0.00114702 0.0038671 -0.0462596 0.0275961 -0.00460217
internal_weight=35220.2 650.88 34569.3 27545.7 7023.64 6645.4 3955.96 27352.4 14289 13063.4 149.12 193.318 378.24 127.576
internal_count=186453 12279 174174 149229 24945 20922 12740 143946 84709 59237 562 5283 4023 468
is_linear=0
shrinkage=0.05


Tree=93
num_leaves=15
num_cat=0
split_feature=4 11 13 15 17 49 58 60 61 1 23 27 1 47
split_gain=125.537 173.592 158.087 174.354 188.603 30.2575 26.3356 30.0483 37.361 20.8226 15.7911 10.9085 14.9967 10.3587
threshold=1.0000000180025095e-35 1.0000000180025095e-35 1.0000000180025095e-35 1.0000000180025095e-35 1.0000000180025095e-35 1.0000000180025095e-35 1.0000000180025095e-35 1.0000000180025095e-35 1.0000000180025095e-35 6.5000000000000009 1.0000000180025095e-35 1.0000000180025095e-35 18.500000000000004 1.0000000180025095e-35
decision_type=2 2 2 2 2 2 2 2 2 2 2 2 2 2
left_child=5 2 3 4 -2 6 7 8 -1 -9 -4 -7 -13 -8
right_child=1 -3 10 -5 -6 11 13 9 -10 -11 -12 12 -14 -15
leaf_value=0.0012528711552500188 -0.0013070086219284767 0.051589942472628117 0.038717541768027545 0.042156570527810244 0.054063908073452377 0.0023169437334228846 0.001971895767234185 0.0033681982832283472 -0.0027761886425975071 -0.015359978538389496 0.01871514270722216 0.0049431853748331585 0.018066485531560161 0.0086712044797296189
leaf_weight=10682.626543364953 4008.9869166146964 220.51304453425109 355.08626356348395 270.68346003443003 158.92278155684471 1988.4274665843695 2166.2999938158318 196.2646590936929 12468.299307240639 603.78347769845277 140.77447093836963 799.95638836733997 298.74392138281837 785.95416470617056
leaf_count=46793 20306 3560 3841 2614 1814 10042 6211 620 75724 5421 1448 3908 1511 2172
internal_value=0.00107979 0.00828674 0.00634153 0.00334675 0.000816751 -0.000159227 -0.000697267 -0.00124653 -0.000917069 -0.0107672 0.033088 0.00452831 0.00852468 0.00375773
internal_weight=35145.3 5154.97 4934.45 4438.59 4167.91 29990.4 26903.2 23951 23150.9 800.048 495.861 3087.13 1098.7 2952.25
internal_count=185985 33583 30023 24734 22120 152402 136941 128558 122517 6041 5289 15461 5419 8383
is_linear=0
shrinkage=0.05


Tree=94
num_leaves=15
num_cat=0
split_feature=0 9 0 9 18 0 10 17 25 13 58 49 21 21
split_gain=280.768 58.1218 50.125 85.1833 60.5661 59.1794 116.449 114.065 49.6311 42.4961 32.196 24.9041 15.7513 13.2286
threshold=16107.500000000002 1.0000000180025095e-35 7906.5000000000009 1.0000000180025095e-35 1.0000000180025095e-35 4679.5000000000009 1.0000000180025095e-35 1.0000000180025095e-35 1.0000000180025095e-35 1.0000000180025095e-35 1.0000000180025095e-35 1.0000000180025095e-35 1.0000000180025095e-35 1.0000000180025095e-35
decision_type=2 2 2 2 2 2 2 2 2 2 2 2 2 2
left_child=2 -2 5 4 9 10 7 -7 -6 -4 11 -1 -3 -5
right_child=1 12 3 13 8 6 -8 -9 -10 -11 -12 -13 -14 -15
leaf_value=-0.00085230890623233838 0.04594294698135637 -9.8288523749045251e-05 0.016860326673551789 -0.016877501370552064 -0.0021457668805015622 -0.011221856399560722 0.056597998364817916 0.056594133694098506 -0.097066558603894668 0.049633228029152515 0.0048742737942420004 0.0041263207665348236 0.0481116259881317 0.012186738953438723
leaf_weight=24349.48548459867 402.67352995183319 109.98516377434134 841.11052302271128 295.36727841943502 198.739671735093 2413.2203341866843 67.52634509652853 62.660294622182846 13.800672817975281 111.59336343966424 3323.5123472390696 2799.751386184711 19.027071598917246 44.376573912799358
leaf_count=131720 10311 408 6459 926 950 8329 244 256 75 1641 9716 14908 92 126
internal_value=0.000581034 0.0366043 2.51695e-05 0.00894591 0.0153668 -0.000381727 -0.00770741 -0.00948339 -0.00873486 0.0207471 0.000229944 -0.000338757 0.00732721 -0.0130566
internal_weight=35052.8 531.686 34521.1 1504.99 1165.24 33016.2 2543.41 2475.88 212.54 952.704 30472.7 27149.2 129.012 339.744
internal_count=186161 10811 175350 10177 9125 165173 8829 8585 1025 8100 156344 146628 500 1052
is_linear=0
shrinkage=0.05


Tree=95
num_leaves=15
num_cat=0
split_feature=0 3 1 0 9 1 1 61 58 0 4 23 21 0
split_gain=276.971 61.1365 173.729 75.7447 53.8939 52.3841 436.634 34.1831 48.2845 24.4067 18.5803 14.0884 13.5154 10.1474
threshold=14789.500000000002 1.0000000180025095e-35 21.500000000000004 9134.5000000000018 1.0000000180025095e-35 22.500000000000004 21.500000000000004 1.0000000180025095e-35 1.0000000180025095e-35 4679.5000000000009 1.0000000180025095e-35 1.0000000180025095e-35 1.0000000180025095e-35 22147.500000000004
decision_type=2 2 2 2 2 2 2 2 2 2 2 2 2 2
left_child=1 2 7 5 -2 6 -3 11 -9 -7 -4 -1 13 -6
right_child=4 3 10 -5 12 9 -8 8 -10 -11 -12 -13 -14 -15
leaf_value=0.0024888739956891752 0.043452575496593059 0.0018517114429267047 -0.039887363976835372 0.035571545437726018 -0.0058040803395336725 -0.0025386088051443092 0.054665255871512435 -0.0031140559273208634 0.0055078724160010865 -0.030959860481313162 -0.078578052110595042 -0.0013345988958531369 0.046321511007446012 0.026313997776909643
leaf_weight=9866.4846909549087 447.41949248127639 4678.1046732775867 142.50960600143299 191.18450698629022 95.364245261996984 1619.8415440078825 426.0875580497086 12400.038800928742 1867.5609633885324 78.250264765694737 41.218515239655972 3186.8513534106314 19.345502439886332 32.028468821197748
leaf_count=44424 11606 15249 4965 2598 321 4560 2043 79525 5311 425 240 14684 88 135
internal_value=0.00102451 0.000441062 -0.000620344 0.00461497 0.0348432 0.0037398 0.00627032 -0.000293585 -0.00198518 -0.00386575 -0.0489458 0.00155538 0.00847607 0.00241295
internal_weight=35092.3 34498.1 27504.7 6993.47 594.158 6802.28 5104.19 27320.9 14267.6 1698.09 183.728 13053.3 146.738 127.393
internal_count=186174 174024 149149 24875 12150 22277 17292 143944 84836 4985 5205 59108 544 456
is_linear=0
shrinkage=0.05


Tree=96
num_leaves=15
num_cat=0
split_feature=4 11 13 15 10 58 3 1 1 1 61 21 10 34
split_gain=120.766 163.103 142.846 161.258 175.764 31.6866 28.3346 71.7477 38.2208 67.7734 27.2694 13.6233 10.5187 9.90911
threshold=1.0000000180025095e-35 1.0000000180025095e-35 1.0000000180025095e-35 1.0000000180025095e-35 1.0000000180025095e-35 1.0000000180025095e-35 1.0000000180025095e-35 21.500000000000004 2.5000000000000004 22.500000000000004 1.0000000180025095e-35 1.0000000180025095e-35 1.0000000180025095e-35 1.0000000180025095e-35
decision_type=2 2 2 2 2 2 2 2 2 2 2 2 2 2
left_child=5 2 3 4 -2 6 7 10 12 -10 -1 -4 -8 -9
right_child=1 -3 11 -5 -6 -7 8 13 9 -11 -12 -13 -14 -15
leaf_value=0.00025925063060779974 -0.0010925132972199002 0.051476711470629599 0.027730977965652093 0.041905998455633538 0.053893545182208791 0.0042648162625819634 -0.0038135982617459167 -0.04441163351465776 0.011399239869647792 -0.0025854576779282558 -0.0033852422756600522 0.048756596209274722 0.0071520015192334495 -0.00075032519424823201
leaf_weight=10226.943581296131 3955.7208624314517 206.03236768580973 370.79417302645743 253.9894880251959 149.87558761425316 3306.1432340899482 2187.4525201618671 110.82327067106962 2026.6496980711818 1512.1182019095868 10302.702323568985 99.953310593962669 242.05118472874165 14.743177547119556
leaf_count=49506 20138 3607 4120 2593 1867 9357 6267 4161 6479 4125 71317 1227 621 544
internal_value=0.00085438 0.00801684 0.00615283 0.00332387 0.000927398 -0.0003511 -0.00092445 -0.00180125 0.0021098 0.00542453 -0.0015698 0.0322892 -0.0027186 -0.0393316
internal_weight=34966 5036.37 4830.33 4359.59 4105.6 29929.6 26623.5 20655.2 5968.27 3538.77 20529.6 470.747 2429.5 125.566
internal_count=185929 33552 29945 24598 22005 152377 143020 125528 17492 10604 120823 5347 6888 4705
is_linear=0
shrinkage=0.05


Tree=97
num_leaves=15
num_cat=0
split_feature=0 9 0 16 9 18 0 4 0 11 17 24 25 56
split_gain=257.59 58.8406 47.9334 100.224 156.032 255.312 74.5325 519.568 330.958 96.5422 94.0609 39.4412 26.6907 19.8056
threshold=15432.500000000002 1.0000000180025095e-35 7220.5000000000009 1.0000000180025095e-35 1.0000000180025095e-35 1.0000000180025095e-35 4679.5000000000009 1.0000000180025095e-35 2514.5000000000005 1.0000000180025095e-35 1.0000000180025095e-35 1.0000000180025095e-35 1.0000000180025095e-35 1.0000000180025095e-35
decision_type=2 2 2 2 2 2 2 2 2 2 2 2 2 2
left_child=2 -2 6 4 5 -4 7 8 -1 10 -8 12 -5 -6
right_child=1 -3 3 11 13 -7 9 -9 -10 -11 -12 -13 -14 -15
leaf_value=0.00032032853026738278 0.045066908462848415 0.0068125607217351062 0.049889045380500138 -0.013411799431359839 -0.0057244726083447309 -0.0093210157527150832 -0.012530016101052456 0.050098319487496282 -0.042247615316356762 0.051762119090999807 0.056582800213316409 0.034157650137710077 0.051552582853861342 -0.047124256261967312
leaf_weight=29484.58820904512 396.26786486618221 135.1051471978426 523.64650708436966 565.13519480824471 364.13725476711988 278.39353297278285 2060.6414197566919 518.45636663399637 462.79532153066248 62.366630092263222 49.460573688149452 50.246000308543444 15.298612736165522 30.426950700581074
leaf_count=139444 11114 523 6285 2035 1102 1176 6924 3728 13465 372 197 155 50 109
internal_value=0.000857331 0.0353716 0.000324198 0.00820249 0.0166989 0.0293508 -0.000117113 0.000521049 -0.000338889 -0.00906257 -0.010884 -0.00791891 -0.0116138 -0.00902809
internal_weight=34997 531.373 34465.6 1827.28 1196.6 802.04 32638.3 30465.8 29947.4 2172.47 2110.1 630.68 580.434 394.564
internal_count=186679 11637 175042 10912 8672 7461 164130 156637 152909 7493 7121 2240 2085 1211
is_linear=0
shrinkage=0.05


Tree=98
num_leaves=15
num_cat=0
split_feature=4 11 13 15 17 57 61 60 3 3 1 1 21 1
split_gain=85.7771 153.973 143.06 162.213 167.163 30.6693 24.2485 32.6142 36.7875 19.6605 19.2999 14.6178 12.2056 11.8813
threshold=1.0000000180025095e-35 1.0000000180025095e-35 1.0000000180025095e-35 1.0000000180025095e-35 1.0000000180025095e-35 1.0000000180025095e-35 1.0000000180025095e-35 1.0000000180025095e-35 1.0000000180025095e-35 1.0000000180025095e-35 22.500000000000004 21.500000000000004 1.0000000180025095e-35 21.500000000000004
decision_type=2 2 2 2 2 2 2 2 2 2 2 2 2 2
left_child=5 2 3 4 -2 13 7 -7 -9 11 -11 -8 -4 -1
right_child=1 -3 12 -5 -6 6 9 8 -10 10 -12 -13 -14 -15
leaf_value=0.0015558306101031514 -0.001924151906560476 0.050943722594548907 0.027491005314994439 0.04187848929204252 0.053517959096537338 0.0011842069402126659 -0.0043432653565801142 -0.019838895358381268 0.0052285241455903271 0.0028627381483069909 -0.0068489930181406021 -0.030639213503021803 0.047953257569905039 0.0090009301927189492
leaf_weight=10112.667576014996 3960.0980301871896 189.71582648158073 358.42274260520935 243.78725546691567 139.78896686434746 8887.4555010050535 6964.6089547704905 396.0174910845235 231.26726355403662 2059.1703760959208 679.56287233158946 52.284389970824122 94.24777614697814 564.93150197900832
leaf_count=37744 20392 3623 4132 2597 1793 40707 55831 4704 658 6133 1903 2252 1227 2818
internal_value=0.000812129 0.0068835 0.00513047 0.00233949 -2.12189e-05 -0.000198894 -0.00138992 0.000406043 -0.0106034 -0.00314141 0.000451342 -0.00454354 0.0318476 0.00195054
internal_weight=34934 4986.06 4796.34 4343.67 4099.89 29948 19270.4 9514.74 627.285 9755.63 2738.73 7016.89 452.671 10677.6
internal_count=186514 33764 30141 24782 22185 152750 112188 46069 5362 66119 8036 58083 5359 40562
is_linear=0
shrinkage=0.05


Tree=99
num_leaves=15
num_cat=0
split_feature=4 11 17 13 15 3 60 61 23 57 57 36 11 15
split_gain=93.3305 140.044 128.293 131.048 147.569 21.1688 24.2485 22.913 16.7805 15.4959 13.9789 13.5719 12.474 10.7639
threshold=1.0000000180025095e-35 1.0000000180025095e-35 1.0000000180025095e-35 1.0000000180025095e-35 1.0000000180025095e-35 1.0000000180025095e-35 1.0000000180025095e-35 1.0000000180025095e-35 1.0000000180025095e-35 1.0000000180025095e-35 1.0000000180025095e-35 1.0000000180025095e-35 1.0000000180025095e-35 1.0000000180025095e-35
decision_type=2 2 2 2 2 2 2 2 2 2 2 2 2 2
left_child=5 2 3 4 -2 6 7 -1 -5 -8 -9 -7 -11 -13
right_child=1 -3 -4 8 -6 11 9 10 -10 12 -12 13 -14 -15
leaf_value=0.00079280206500251271 -0.0010476406974141319 0.050702731858491758 0.05330849502668205 0.036229417050199074 0.039893612888408508 0.00276982050201004 -0.0023788653917526368 -0.00037541867940204811 0.014628131405036039 -0.020862092792195058 -0.0038182402173018021 -0.0035710655568366939 0.002801430682719742 -0.029101963368924573
leaf_weight=10798.946393356659 3995.8084679627791 175.10022044554353 134.24913178756833 308.9170706924051 231.92425765749067 5767.2882362809032 349.38642986118793 5077.0516100917011 129.46959765255451 326.67013730015606 7031.958594723139 424.4083942566067 66.829669238999486 44.789491776376963
leaf_count=48645 20432 3584 1811 3864 2622 16944 1691 21215 1478 4009 58257 1281 730 149
internal_value=0.000568745 0.00690857 0.00530089 0.00390854 0.00120721 -0.000486869 -0.00117019 -0.000881651 0.0298977 -0.0100545 -0.00237489 0.00210428 -0.0168463 -0.00606495
internal_weight=34862.8 4975.47 4800.37 4666.12 4227.73 29887.3 23650.8 22908 438.387 742.886 12109 6236.49 393.5 469.198
internal_count=186712 33791 30207 28396 23054 152921 134547 128117 5342 6430 79472 18374 4739 1430
is_linear=0
shrinkage=0.05


Tree=100
num_leaves=15
num_cat=0
split_feature=0 9 0 0 4 0 10 11 16 9 18 21 22 0
split_gain=222.399 48.8015 48.1541 58.2477 479.785 326.301 105.216 102.024 46.8172 98.3012 183.197 37.141 39.5406 19.9461
threshold=16727.000000000004 1.0000000180025095e-35 8299.0000000000018 4679.5000000000009 1.0000000180025095e-35 2514.5000000000005 1.0000000180025095e-35 1.0000000180025095e-35 1.0000000180025095e-35 1.0000000180025095e-35 1.0000000180025095e-35 1.0000000180025095e-35 1.0000000180025095e-35 4515.5000000000009
decision_type=2 2 2 2 2 2 2 2 2 2 2 2 2 2
left_child=2 -2 3 4 5 -1 7 -5 9 10 -4 12 -10 -6
right_child=1 -3 8 6 13 -7 -8 -9 11 -11 -12 -13 -14 -15
leaf_value=0.0003932751824212927 0.046427609809899024 0.0075336780715219978 0.050281411385918622 -0.010342658609420113 0.052949137387629658 -0.042757200906219872 0.056147598571429681 0.051082574119947377 0.026188361484871144 -0.0046248937735718348 -0.010522253835055423 -0.025065553389503621 -0.010228630377287036 0.019527439124074217
leaf_weight=29423.299201542512 318.38213573303074 108.48301519453526 358.83562612533569 2533.0272993510589 440.19814077951014 443.73629970895126 63.090005174279213 68.47404557466507 134.38186573982239 347.22651249170303 188.45907011069357 138.58691135793924 164.99117013812065 51.392327308654785
leaf_count=139277 9854 439 6436 8733 3534 13438 268 529 526 1034 986 554 681 227
internal_value=0.000758112 0.0365839 0.00031193 -6.42211e-05 0.000557988 -0.000249224 -0.00715082 -0.00870688 0.00962724 0.0161794 0.0293629 -0.00376175 0.00615091 0.0495019
internal_weight=34782.6 426.865 34355.7 33023.2 30358.6 29867 2664.59 2601.5 1332.48 894.521 547.295 437.96 299.373 491.59
internal_count=186516 10293 176223 166006 156476 152715 9530 9262 10217 8456 7422 1761 1207 3761
is_linear=0
shrinkage=0.05


Tree=101
num_leaves=15
num_cat=0
split_feature=0 0 9 16 18 0 4 0 17 11 24 9 21 0
split_gain=195.415 37.9984 96.2209 166.356 321.737 93.7383 451.974 289.508 67.0753 63.4358 29.873 27.3416 21.5139 19.7235
threshold=18065.500000000004 6638.5000000000009 1.0000000180025095e-35 1.0000000180025095e-35 1.0000000180025095e-35 4679.5000000000009 1.0000000180025095e-35 2465.5000000000005 1.0000000180025095e-35 1.0000000180025095e-35 1.0000000180025095e-35 1.0000000180025095e-35 1.0000000180025095e-35 4515.5000000000009
decision_type=2 2 2 2 2 2 2 2 2 2 2 2 2 2
left_child=1 5 3 4 -3 6 7 -1 9 -7 -5 -2 -4 -8
right_child=11 2 12 10 -6 8 13 -9 -10 -11 -12 -13 -14 -15
leaf_value=0.00050129522133761275 0.046698549425643207 0.047314966515986538 -0.017410565042670363 -0.0077491162107150915 -0.011904876034370336 -0.014096584046200962 0.052811790230511413 -0.036568534266364687 0.055346182017158269 0.048694440476162656 0.029836722253062577 0.013131283673991712 0.011249818738541997 0.018126945637314939
leaf_weight=29294.293271696195 254.68777390848845 627.56985780224204 415.08506719768047 734.01307052467018 360.58718256466091 1701.9504574993625 419.77507388219237 535.33705137530342 36.10213004425168 40.238816000521183 55.983197908848524 80.825009576976299 76.991857975721359 46.90523730404675
leaf_count=138616 8383 8752 1334 2802 1617 5738 3532 14082 155 268 204 350 226 212
internal_value=0.000758535 0.000387013 0.00663681 0.012051 0.0257149 -5.55385e-05 0.000599485 -0.000165182 -0.0112091 -0.0126192 -0.00505124 0.0386752 -0.0129126 0.0493719
internal_weight=34680.3 34344.8 2270.23 1778.15 988.157 32074.6 30296.3 29829.6 1778.29 1742.19 789.996 335.513 492.077 466.68
internal_count=186271 177538 14935 13375 10369 162603 156442 152698 6161 6006 3006 8733 1560 3744
is_linear=0
shrinkage=0.05


Tree=102
num_leaves=15
num_cat=0
split_feature=3 1 1 1 58 61 18 1 23 58 1 1 50 5
split_gain=58.4564 148.046 43.4474 427.623 27.8961 29.9733 22.3496 22.2373 16.9697 16.2031 15.6988 15.3666 9.7685 9.01716
threshold=1.0000000180025095e-35 21.500000000000004 22.500000000000004 21.500000000000004 1.0000000180025095e-35 1.0000000180025095e-35 1.0000000180025095e-35 1.0000000180025095e-35 1.0000000180025095e-35 1.0000000180025095e-35 6.5000000000000009 4.5000000000000009 1.0000000180025095e-35 1.0000000180025095e-35
decision_type=2 2 2 2 2 2 2 2 2 2 2 2 2 2
left_child=1 4 3 7 5 8 -7 12 -1 13 -6 -9 -2 -4
right_child=2 -3 9 -5 10 6 -8 11 -10 -11 -12 -13 -14 -15
leaf_value=0.0022067938987994271 -0.0052316024784175956 -0.046389066570271725 -0.0048257716873168731 0.054082409928438484 0.029915216357515002 -0.0017235533398414328 -0.0091883619198384892 0.0061930120011923851 -0.0022045899333596394 0.016935058171450999 0.003819599203357667 -0.0020101422275705951 0.0070614194250951988 0.005409183081104876
leaf_weight=8948.0256080273539 996.67396758683026 172.73345200717449 1413.3916734904051 440.68477231822908 57.73775627091527 11271.810234922916 1099.7223536428064 2977.3409355413169 2881.2613562885672 104.51750946231186 3141.9972070772201 705.76011155731976 191.93869226798415 252.95739688724279
leaf_count=43364 3916 5261 5071 3346 148 75284 7386 13643 14390 326 9245 3422 706 873
internal_value=0.000662015 -0.000378826 0.00471322 0.0069738 -8.70948e-05 -0.00066725 -0.0023878 0.00270223 0.00113222 -0.00206837 0.00429968 0.004621 -0.00324224 -0.00326976
internal_weight=34656.6 27573.3 7083.27 5312.4 27400.6 24200.8 12371.5 4871.71 11829.3 1770.87 3199.73 3683.1 1188.61 1666.35
internal_count=186381 155078 31303 25033 149817 140424 82670 21687 57754 6270 9393 17065 4622 5944
is_linear=0
shrinkage=0.05


Tree=103
num_leaves=15
num_cat=0
split_feature=3 1 1 1 1 16 9 57 18 1 21 61 64 57
split_gain=48.8552 146.182 43.64 411.599 27.9409 24.3673 24.1519 18.8657 18.2903 17.5174 15.5996 12.8385 11.7326 13.7695
threshold=1.0000000180025095e-35 21.500000000000004 22.500000000000004 21.500000000000004 1.0000000180025095e-35 1.0000000180025095e-35 1.0000000180025095e-35 1.0000000180025095e-35 1.0000000180025095e-35 4.5000000000000009 1.0000000180025095e-35 1.0000000180025095e-35 1.0000000180025095e-35 1.0000000180025095e-35
decision_type=2 2 2 2 2 2 2 2 2 2 2 2 2 2
left_child=1 5 3 4 -2 6 8 11 -1 -6 -8 -7 13 -4
right_child=2 -3 12 -5 9 7 10 -9 -10 -11 -12 -13 -14 -15
leaf_value=0.0012545480423809489 -0.0042679949014453435 -0.047024596299624376 0.0034954429325756587 0.053851978108593483 0.0062407063565057168 0.0068814861419772243 -0.010443334657729512 -0.0067010548470396213 -0.0033924380815882798 -0.0025397380595584464 0.0042034819135667425 -0.0034864183489690145 0.0075322102858361084 -0.0072068999065850667
leaf_weight=20541.163363806903 1185.4527794774622 166.19987803697586 414.63403651025146 421.60009915567935 2964.949556928128 526.24981302581728 787.95027978718281 2285.7737666536123 2359.8610753528774 702.00862320698798 235.61031417548656 687.53858559764922 244.93921845406294 1086.3618196938187
leaf_count=114165 4628 5245 1403 3351 13585 1964 3407 13171 13373 3390 1138 2882 826 3970
internal_value=0.000532942 -0.000414666 0.00425684 0.00652477 0.00240251 -0.00013049 0.000439587 -0.0040268 0.000775567 0.00455953 -0.00707102 0.00101065 -0.00259381 -0.00425013
internal_weight=34610.3 27590.3 7019.95 5274.01 4852.41 27424.1 23924.6 3499.56 22901 3666.96 1023.56 1213.79 1745.94 1501
internal_count=186498 155345 31153 24954 21603 150100 132083 18017 127538 16975 4545 4846 6199 5373
is_linear=0
shrinkage=0.05


Tree=104
num_leaves=15
num_cat=0
split_feature=0 9 0 0 4 0 10 16 9 18 15 21 24 39
split_gain=199.275 47.9386 39.8659 78.7083 432.947 296.733 76.9493 70.8616 153.942 251.614 69.5041 35.8838 23.1855 19.7806
threshold=16727.000000000004 1.0000000180025095e-35 6911.5000000000009 4679.5000000000009 1.0000000180025095e-35 2465.5000000000005 1.0000000180025095e-35 1.0000000180025095e-35 1.0000000180025095e-35 1.0000000180025095e-35 1.0000000180025095e-35 1.0000000180025095e-35 1.0000000180025095e-35 1.0000000180025095e-35
decision_type=2 2 2 2 2 2 2 2 2 2 2 2 2 2
left_child=2 -2 3 4 5 -1 10 8 9 -4 -5 12 -9 -13
right_child=1 -3 7 6 -6 -7 -8 11 -10 -11 -12 13 -14 -15
leaf_value=0.0001570162576974471 0.046423753854372335 0.0069625115532086172 0.047278293055071516 -0.013747941114500922 0.049155508584781932 -0.037971353649337181 0.055368770298048965 -0.0017403038837940591 -0.010194814796104056 -0.0090646256527875547 0.031638537382249955 -0.016515399986817326 0.033395941366534142 -0.062951900938052335
leaf_weight=29217.485817749053 286.31247344985604 105.66329969093204 531.56679610628635 1817.0703906896524 444.3900395706296 518.35152181144804 42.843664035201073 428.6432784050703 436.89857044070959 315.11368708498776 87.528924804180861 209.93361486215144 51.715915929526091 25.004597198218107
leaf_count=138430 9747 436 7611 6371 3727 14096 156 1576 1365 1375 278 760 174 108
internal_value=0.000429218 0.0358311 2.15556e-05 -0.000404796 0.000224003 -0.000508887 -0.0101446 0.00687102 0.0138949 0.0263229 -0.0116466 -0.00573491 0.00210402 -0.0217035
internal_weight=34518.5 391.976 34126.5 32127.7 30180.2 29735.8 1947.44 1998.88 1283.58 846.68 1904.6 715.297 480.359 234.938
internal_count=186210 10183 176027 163058 156253 152526 6805 12969 10351 8986 6649 2618 1750 868
is_linear=0
shrinkage=0.05


Tree=105
num_leaves=15
num_cat=0
split_feature=0 9 0 0 4 0 10 17 13 3 1 0 1 23
split_gain=188.188 42.0875 31.6805 55.597 409.138 270.037 96.5124 96.743 49.4598 33.0844 50.3513 22.3325 17.5842 12.4195
threshold=16107.500000000002 1.0000000180025095e-35 8299.0000000000018 4679.5000000000009 1.0000000180025095e-35 2514.5000000000005 1.0000000180025095e-35 1.0000000180025095e-35 1.0000000180025095e-35 1.0000000180025095e-35 21.500000000000004 4515.5000000000009 22.500000000000004 1.0000000180025095e-35
decision_type=2 2 2 2 2 2 2 2 2 2 2 2 2 2
left_child=2 -2 3 4 5 -1 7 -5 9 10 -4 -6 -11 -3
right_child=1 13 8 6 11 -7 -8 -9 -10 12 -12 -13 -14 -15
leaf_value=0.00046687259536747419 0.044312175888568277 0.021716830648399531 0.0030386207702387119 -0.0099104394528749078 0.052566233956301771 -0.04105519300372204 0.054642367209658975 0.054850222193084434 0.048999974705966273 0.030721417854974682 -0.10115941856803645 0.015022502542936678 -0.0054220325091504373 -0.010755259659648379
leaf_weight=29424.362851542421 293.92905966006219 76.55561438575387 958.91618627682328 2518.9788509029895 389.6929720081389 395.84711698070168 61.123427554965019 58.036610007286072 68.869719063863158 169.21277289558202 10.73600400239229 45.168422909453511 41.604779716581106 46.685805588960648
leaf_count=139523 10390 323 4942 8961 3567 13404 280 296 1534 2509 55 216 469 158
internal_value=0.00071545 0.0340539 0.000307119 1.01759e-05 0.000617267 -8.56685e-05 -0.00694975 -0.00843126 0.00811892 0.00569442 0.00178191 0.04871 0.0235966 0.00942833
internal_weight=34559.7 417.17 34142.5 32893.2 30255.1 29820.2 2638.14 2577.02 1249.34 1180.47 969.652 434.861 210.818 123.241
internal_count=186627 10871 175756 166247 156710 152927 9537 9257 9509 7975 4997 3783 2978 481
is_linear=0
shrinkage=0.05


Tree=106
num_leaves=15
num_cat=0
split_feature=0 0 13 12 15 0 4 0 14 17 9 0 1 0
split_gain=178.754 33.6964 51.8983 50.5446 42.5541 30.0904 390.475 264.659 95.0887 83.6538 23.0477 17.2357 4.48456 5.6148
threshold=18065.500000000004 8299.0000000000018 1.0000000180025095e-35 1.0000000180025095e-35 1.0000000180025095e-35 4679.5000000000009 1.0000000180025095e-35 2465.5000000000005 1.0000000180025095e-35 1.0000000180025095e-35 1.0000000180025095e-35 4515.5000000000009 13.500000000000002 20041.500000000004
decision_type=2 2 2 2 2 2 2 2 2 2 2 2 2 2
left_child=1 5 3 4 -3 6 7 -1 9 -7 -2 -8 -12 -14
right_child=10 2 -4 -5 -6 8 11 -9 -10 -11 12 -13 13 -15
leaf_value=9.3746995070050779e-05 0.046537261454258828 0.0011673065852656375 0.048327378165363262 0.050029744837122574 0.047509124628420607 -0.0081321120594362757 0.052379577262355738 -0.037057878013955971 0.057024854245179335 0.054404010034183062 0.026954010806853307 0.017462005295798454 -0.020484888810118208 0.016926348483076416
leaf_weight=29269.178878180683 224.07371633686125 1154.8456351337954 73.573942149989307 59.405296145007014 50.760900008492172 2549.8120458414778 363.26002397015691 486.35221340367571 58.656743936240673 53.634147934615612 43.049819607287645 40.554620878770947 14.365889318287371 27.972983457148075
leaf_count=138599 8460 7704 1897 971 1027 9094 3526 14098 176 291 206 193 55 104
internal_value=0.000359483 1.62254e-05 0.00778925 0.00539521 0.00315624 -0.000301016 0.000148843 -0.000514719 -0.00539568 -0.0068234 0.0381279 0.0489246 0.015777 0.00405267
internal_weight=34469.5 34160 1338.59 1265.01 1205.61 32821.4 30159.3 29755.5 2662.1 2603.45 309.462 403.815 85.3887 42.3389
internal_count=186401 177576 11599 9702 8731 165977 156416 152697 9561 9385 8825 3719 365 159
is_linear=0
shrinkage=0.05


Tree=107
num_leaves=15
num_cat=0
split_feature=0 9 0 13 12 0 10 15 11 61 1 60 1 0
split_gain=180.906 36.9586 27.1841 67.2395 61.4804 51.4703 74.6092 69.9314 50.3163 22.885 24.1487 22.1144 9.09581 6.92363
threshold=16107.500000000002 1.0000000180025095e-35 7220.5000000000009 1.0000000180025095e-35 1.0000000180025095e-35 4679.5000000000009 1.0000000180025095e-35 1.0000000180025095e-35 1.0000000180025095e-35 1.0000000180025095e-35 19.500000000000004 1.0000000180025095e-35 7.5000000000000009 18687.000000000004
decision_type=2 2 2 2 2 2 2 2 2 2 2 2 2 2
left_child=2 -2 5 4 8 9 7 -7 -4 11 -11 -1 -3 -14
right_child=1 12 3 -5 -6 6 -8 -9 -10 10 -12 -13 13 -15
leaf_value=0.002200124728923654 0.044452517339234304 0.038354697699920115 -0.00017363260303058167 0.045614869512319543 0.046910249637721217 -0.011320099179672442 0.054526451928379141 0.031665253793564545 0.050077449863781424 -0.0020786696549165988 0.0028451303971357713 -0.0053068457219601316 -0.01159300212141696 0.015362456790733928
leaf_weight=13206.069175195415 269.96728721354157 23.048254325985909 1520.2713425466791 100.22644910495728 77.155962867662311 1978.1544647403061 45.880692444741726 98.41921416297555 50.502133961766958 12758.349848855287 3093.1232118103653 1058.8127679000609 40.601157583296299 54.854639537632465
leaf_count=56900 10341 158 7607 1741 892 6924 186 323 1287 73317 18756 7427 126 184
internal_value=0.000376881 0.0342601 -1.14012e-05 0.00605932 0.00362737 -0.000340765 -0.00786447 -0.00926855 0.00147283 0.000189713 -0.00111776 0.00164259 0.0108628 0.0038959
internal_weight=34375.4 388.471 33987 1748.16 1647.93 32238.8 2122.45 2076.57 1570.77 30116.4 15851.5 14264.9 118.504 95.4558
internal_count=186169 10809 175360 11527 9786 163833 7433 7247 8894 156400 92073 64327 468 310
is_linear=0
shrinkage=0.05


Tree=108
num_leaves=15
num_cat=0
split_feature=3 57 60 61 18 55 50 7 22 12 70 28 46 31
split_gain=37.8218 33.4106 28.651 26.9906 26.0007 17.1467 16.1666 14.5939 14.0503 13.8088 11.8447 10.6217 9.51539 9.10128
threshold=1.0000000180025095e-35 1.0000000180025095e-35 1.0000000180025095e-35 1.0000000180025095e-35 1.0000000180025095e-35 1.0000000180025095e-35 1.0000000180025095e-35 1.0000000180025095e-35 1.0000000180025095e-35 1.0000000180025095e-35 1.0000000180025095e-35 1.0000000180025095e-35 1.0000000180025095e-35 1.0000000180025095e-35
decision_type=2 2 2 2 2 2 2 2 2 2 2 2 2 2
left_child=1 5 3 6 -5 9 -3 10 13 11 -4 -1 -10 -7
right_child=-2 2 7 4 -6 8 -8 -9 12 -11 -12 -13 -14 -15
leaf_value=0.0050824516601035222 0.0039688956545083113 0.0018405984185519695 -0.010092028437409958 -0.0022063659504188739 -0.011741910320074798 0.0022469394376392563 -0.0044845474882099796 -0.022521483374083811 -0.0049811738173719472 -0.0034502008804606875 0.016813883710243553 0.00053444966501777998 -0.022679463897417113 -0.012069854849551098
leaf_weight=5260.3589977463707 7003.1744461031631 7018.2541425325908 244.2839728477411 7818.6366277141497 785.94050936494023 1512.3947695419192 1179.0895512839779 226.99645878514275 743.6758924187161 687.77477680938318 48.153631996829063 1698.4681064207107 83.753525283653289 118.80219827592373
leaf_count=21083 31475 35099 2548 60933 6062 6194 6006 2466 3142 3219 455 6918 367 514
internal_value=0.00068964 -0.000147808 -0.00148072 -0.00112276 -0.0030786 0.00213685 0.000930366 -0.0130348 -0.00149495 0.00330463 -0.00561942 0.00397264 -0.00679783 0.00119747
internal_weight=34429.8 27426.6 17321.4 16801.9 8604.58 10105.2 8197.34 519.434 2458.63 7646.6 292.438 6958.83 827.429 1631.2
internal_count=186481 155006 113569 108100 66995 41437 41105 5469 10217 31220 3003 28001 3509 6708
is_linear=0
shrinkage=0.05


Tree=109
num_leaves=15
num_cat=0
split_feature=0 0 13 11 17 0 4 0 14 10 9 0 23 0
split_gain=149.852 31.5403 62.3056 47.8455 49.2488 41.5362 366.222 260.816 80.7387 66.5747 24.8397 18.8058 12.3527 1.58761
threshold=18065.500000000004 7220.5000000000009 1.0000000180025095e-35 1.0000000180025095e-35 1.0000000180025095e-35 4679.5000000000009 1.0000000180025095e-35 2514.5000000000005 1.0000000180025095e-35 1.0000000180025095e-35 1.0000000180025095e-35 4515.5000000000009 1.0000000180025095e-35 7529.5000000000009
decision_type=2 2 2 2 2 2 2 2 2 2 2 2 2 2
left_child=1 5 3 4 -3 6 7 -1 9 -7 -2 -8 -12 -4
right_child=10 2 13 -5 -6 8 11 -9 -10 -11 12 -13 -14 -15
leaf_value=0.00024920758127526386 0.045869484778807978 0.0013014358993969979 0.022939184386008504 0.050029677344612382 0.051021473661649601 -0.0096136626449486451 0.052250604995893381 -0.042114703045243326 0.058892103611429061 0.053937974108454495 0.025894376269357318 0.016367469121780841 -0.016337003185390542 0.046031788608343976
leaf_weight=29370.471140013076 204.59804512280971 1630.858959290199 11.44319919683039 54.447669909335673 50.376370582729578 2032.4617641177028 347.9335623383522 366.86392937367782 44.663059510290623 41.079645279794931 53.276960995048285 42.060655714944005 24.614439576864243 93.893095102161169
leaf_count=139419 8450 9030 61 1610 882 7125 3543 13422 120 175 250 207 96 2089
internal_value=0.000545943 0.000244852 0.0066083 0.00432957 0.00282069 -0.000118656 0.000357268 -0.000274827 -0.00688472 -0.00832923 0.036748 0.0484324 0.0125109 0.0437624
internal_weight=34369 34086.6 1841.02 1735.68 1681.24 32245.5 30127.3 29737.3 2118.2 2073.54 282.489 389.994 77.8914 105.336
internal_count=186479 177683 13672 11522 9912 164011 156591 152841 7420 7300 8796 3750 346 2150
is_linear=0
shrinkage=0.05


Tree=110
num_leaves=15
num_cat=0
split_feature=0 9 9 0 16 21 0 17 0 24 60 0 58 21
split_gain=149.646 42.4017 25.665 56.4984 137.598 43.4614 38.6112 56.31 26.3876 24.9222 23.4912 13.5761 21.0031 14.1866
threshold=16727.000000000004 1.0000000180025095e-35 1.0000000180025095e-35 6638.5000000000009 1.0000000180025095e-35 1.0000000180025095e-35 4679.5000000000009 1.0000000180025095e-35 4679.5000000000009 1.0000000180025095e-35 1.0000000180025095e-35 10575.000000000002 1.0000000180025095e-35 1.0000000180025095e-35
decision_type=2 2 2 2 2 2 2 2 2 2 2 2 2 2
left_child=2 -2 3 6 5 -5 10 -8 -4 -6 -1 12 -10 -13
right_child=1 -3 8 4 9 -7 7 -9 11 -11 -12 13 -14 -15
leaf_value=0.00037068938644787983 0.045332110481986404 0.0062901749375017402 0.0019891260747404624 0.017166647341488941 -0.0082348593916666945 0.044962605274059493 -0.0093874988740726036 0.054586424398400016 -0.021540246301605687 0.027897411475352726 -0.007332882336027878 -0.0071660506648090379 0.016455559356455773 0.037533231890846612
leaf_weight=28532.350502549205 231.66776038799435 99.705459292978048 439.81105362204835 698.87086392287165 744.19571856129915 176.04933544434607 1530.0617770995013 34.203643962740898 433.25378476828337 50.020010674372315 1024.1573897483759 182.92646760493517 38.973635353147984 18.651859261095524
leaf_count=146022 9748 430 3009 7118 2726 2167 5276 155 1504 175 7295 543 103 53
internal_value=0.000252696 0.0336392 -7.46069e-05 0.00017902 0.00913805 0.0228046 -0.000301768 -0.00795469 -0.00753599 -0.00592702 0.000103515 -0.013747 -0.0183762 -0.00286521
internal_weight=34234.9 331.373 33903.5 32789.9 1669.14 874.92 31120.8 1564.27 1113.62 794.216 29556.5 673.806 472.227 201.578
internal_count=186324 10178 176146 170934 12186 9285 158748 5431 5212 2901 153317 2203 1607 596
is_linear=0
shrinkage=0.05


Tree=111
num_leaves=15
num_cat=0
split_feature=3 1 1 1 1 1 57 60 28 47 51 43 12 9
split_gain=47.5488 158.082 39.9551 106.505 301.05 25.9096 20.1737 26.5503 21.6975 15.5702 18.7292 14.0173 13.3375 10.8535
threshold=1.0000000180025095e-35 21.500000000000004 2.5000000000000004 22.500000000000004 21.500000000000004 4.5000000000000009 1.0000000180025095e-35 1.0000000180025095e-35 1.0000000180025095e-35 1.0000000180025095e-35 1.0000000180025095e-35 1.0000000180025095e-35 1.0000000180025095e-35 1.0000000180025095e-35
decision_type=2 2 2 2 2 2 2 2 2 2 2 2 2 2
left_child=1 6 -2 4 5 -4 9 8 -8 12 -11 -9 -1 -5
right_child=2 -3 3 13 -6 -7 7 11 -10 10 -12 -13 -14 -15
leaf_value=0.00088035338269416624 -0.0006683508669725175 -0.05059177565895108 0.010186775492903461 -0.0016628328493092201 0.053675266102183622 -0.0017655240298639829 -0.0021374185613753215 -0.015757066088479817 0.0020350084542020744 0.0030910108349230729 0.01583819273604729 0.0099682324704961495 -0.006535469881260989 -0.027112042590809224
leaf_weight=6782.8150875996798 2803.6887992126867 156.79244758142158 1293.1948989517987 1714.1907109878957 396.2744983593002 697.5330182928592 12520.36632550694 446.01554056350142 4147.1269323676825 2262.4544797809795 329.37430134415627 59.381773023866117 664.82130828313529 41.952265964820981
leaf_count=27032 11851 5211 6341 6059 3383 3413 78806 4663 25721 8906 1238 613 3093 170
internal_value=0.000247283 -0.000690427 0.00394124 0.00705999 0.0139339 0.00600001 -0.000401056 -0.00144194 -0.0010992 0.00137938 0.00471643 -0.0127208 0.000217583 -0.00228587
internal_weight=34316 27369.1 6946.83 4143.15 2387 1990.73 27212.4 17172.9 16667.5 10039.5 2591.83 505.397 7447.64 1756.14
internal_count=186500 155283 31217 19366 13137 9754 150072 109803 104527 40269 10144 5276 30125 6229
is_linear=0
shrinkage=0.05


Tree=112
num_leaves=15
num_cat=0
split_feature=0 9 0 16 18 9 21 0 17 11 1 49 60 58
split_gain=132.094 45.2755 32.5934 74.9655 110.014 278.04 58.4407 55.2113 47.0278 47.5835 32.6663 19.8012 22.8193 15.979
threshold=16107.500000000002 1.0000000180025095e-35 6349.5000000000009 1.0000000180025095e-35 1.0000000180025095e-35 1.0000000180025095e-35 1.0000000180025095e-35 4679.5000000000009 1.0000000180025095e-35 1.0000000180025095e-35 9.5000000000000018 1.0000000180025095e-35 1.0000000180025095e-35 1.0000000180025095e-35
decision_type=2 2 2 2 2 2 2 2 2 2 2 2 2 2
left_child=2 -2 7 4 5 -4 -6 11 9 -9 -5 12 -1 -12
right_child=1 -3 3 10 6 -7 -8 8 -10 -11 13 -13 -14 -15
leaf_value=5.0549412761175953e-05 0.043336016119720697 0.005481933953166155 0.045343882222693935 0.012462846206367489 -0.018313617408011004 -0.0065827670029810006 0.033618757572947661 -0.011969398432485397 0.053979086013407618 0.047770541716582987 -0.013021145915918042 0.0039874063252544525 -0.0080063034965302694 0.018566395374400298
leaf_weight=25976.609220750164 236.87644285149872 118.74272914230824 559.14511270262301 189.93701457045972 325.10001508519053 477.17014974355698 64.01465418189764 1491.1897085360251 27.707258630543947 33.12717566639185 622.52187011390924 3116.6938364044763 908.61562184011564 41.922238323837519
leaf_count=133628 10320 485 7549 838 1282 1495 266 5058 134 217 2094 15948 6632 111
internal_value=0.000475835 0.0307472 0.00015676 0.00592889 0.012945 0.021451 -0.00970576 -0.000260458 -0.00945301 -0.0106406 -0.00577806 0.000215379 -0.000222028 -0.0110033
internal_weight=34189.4 355.619 33833.8 2279.81 1425.43 1036.32 389.115 31553.9 1552.02 1524.32 854.381 30001.9 26885.2 664.444
internal_count=186057 10805 175252 13635 10592 9044 1548 161617 5409 5275 3043 156208 140260 2205
is_linear=0
shrinkage=0.05


Tree=113
num_leaves=15
num_cat=0
split_feature=0 63 0 3 1 1 3 42 3 0 25 1 0 43
split_gain=123.635 26.331 25.5944 20.9719 84.8374 33.6776 14.6003 8.49339 7.81475 16.4532 7.59862 9.67771 6.26397 6.15272
threshold=18065.500000000004 1.0000000180025095e-35 12990.500000000002 1.0000000180025095e-35 21.500000000000004 22.500000000000004 1.0000000180025095e-35 1.0000000180025095e-35 1.0000000180025095e-35 24824.500000000004 1.0000000180025095e-35 10.500000000000002 99.500000000000014 1.0000000180025095e-35
decision_type=2 2 2 2 2 2 2 2 2 2 2 2 2 2
left_child=1 2 3 4 -1 -5 7 -4 9 -2 13 -12 -13 -3
right_child=8 10 6 5 -6 -7 -8 -9 -10 -11 11 12 -14 -15
leaf_value=-0.0010636102924943475 0.031488320584370857 0.0031770222858538847 0.01233133684238789 0.004216970543531099 -0.041994003142470954 -0.0043592079393589686 0.034288897588223261 -0.012713399960711009 0.046429210403795995 -0.039754500092579609 -0.023601002280448688 0.028723264291534517 -0.0026652573188738378 0.0085481010441468917
leaf_weight=22332.440886069089 155.41199873853475 4415.6607598531991 195.23685358464718 4482.4913243213668 126.3232232525479 1536.2677933983505 67.700337249785662 40.059137094765902 94.583641787059605 7.7167152930051079 54.174670533277094 16.451441565528512 177.16411206126213 606.05553187895566
leaf_count=127495 3812 16256 2371 16749 4690 4728 2071 454 4806 116 213 49 657 2178
internal_value=0.000417382 0.000155747 -0.000439236 -0.000593268 -0.00129569 0.00202757 0.013992 0.00803171 0.0348514 0.0278965 0.00340484 -0.00512789 0.000135699 0.00382681
internal_weight=34307.7 34050 28780.5 28477.5 22458.8 6018.76 302.996 235.296 257.712 163.129 5269.51 247.79 193.616 5021.72
internal_count=186645 177911 158558 153662 132185 21477 4896 2825 8734 3928 19353 919 706 18434
is_linear=0
shrinkage=0.05


Tree=114
num_leaves=15
num_cat=0
split_feature=0 0 13 0 4 0 14 11 11 12 3 0 0 21
split_gain=121.57 26.0115 73.1201 67.5939 359.787 221.458 65.69 62.1956 52.4329 54.587 11.5112 13.2884 9.33885 4.62689
threshold=17392.000000000004 6638.5000000000009 1.0000000180025095e-35 4515.5000000000009 1.0000000180025095e-35 2465.5000000000005 1.0000000180025095e-35 1.0000000180025095e-35 1.0000000180025095e-35 1.0000000180025095e-35 1.0000000180025095e-35 24824.500000000004 22147.500000000004 1.0000000180025095e-35
decision_type=2 2 2 2 2 2 2 2 2 2 2 2 2 2
left_child=1 3 8 4 5 -1 7 -5 9 -3 11 12 13 -2
right_child=10 2 -4 6 -6 -7 -8 -9 -10 -11 -12 -13 -14 -15
leaf_value=0.00033797366322315477 0.014596499272316717 -5.3153706729236911e-05 0.042245783425965244 -0.012399260091358884 0.052146594842882449 -0.035093325353195218 0.056077243435741775 0.049468792199354156 0.050269259006759451 0.039309487136520355 0.047143606349173278 -0.033647331875016943 0.045073969072250246 0.040521590298019015
leaf_weight=29198.822042888962 89.51409077970311 1868.0582674397156 126.39222626294941 1729.6655446710065 330.96456324309111 446.78224108344875 36.343230050057173 40.631745213642716 56.442825865931809 91.434654417447746 99.468905437737703 8.2126255836337787 56.677860013209283 21.145676727406681
leaf_count=138645 2045 9465 2143 6426 3520 13602 101 286 1598 1109 5205 115 1529 607
internal_value=0.000444671 0.000175781 0.00550714 -0.000183738 0.000382467 -0.000197169 -0.00957347 -0.0109521 0.00318395 0.00180272 0.0334934 0.0255358 0.0286231 0.019869
internal_weight=34200.6 33925.5 2142.33 31783.2 29976.6 29645.6 1806.64 1770.3 2015.94 1959.49 275.019 175.55 167.338 110.66
internal_count=186396 176895 14315 162580 155767 152247 6813 6712 12172 10574 9501 4296 4181 2652
is_linear=0
shrinkage=0.05


Tree=115
num_leaves=15
num_cat=0
split_feature=0 9 55 9 4 0 0 0 10 4 1 44 1 21
split_gain=112.946 43.1635 29.1863 21.2462 27.7801 198.614 152.838 20.6686 15.0685 21.1637 18.764 14.0723 9.40313 8.25538
threshold=16107.500000000002 1.0000000180025095e-35 1.0000000180025095e-35 1.0000000180025095e-35 1.0000000180025095e-35 4515.5000000000009 2514.5000000000005 11773.500000000002 1.0000000180025095e-35 1.0000000180025095e-35 19.500000000000004 1.0000000180025095e-35 7.5000000000000009 1.0000000180025095e-35
decision_type=2 2 2 2 2 2 2 2 2 2 2 2 2 2
left_child=2 -2 3 4 6 -6 -1 8 10 -10 -4 13 -3 -5
right_child=1 12 7 11 5 -7 -8 -9 9 -11 -12 -13 -14 -15
leaf_value=0.0010065315457336748 0.042570169105336536 0.034076673817226941 -0.0046774983909992967 -0.0079946602808706867 0.051754373755151961 0.0018742798662252835 -0.039315787908648071 0.019871354116501441 0.0025752558275945543 0.052165163240787842 0.0016886876301884784 -0.027592342796607851 -0.0021999435667575977 0.0042705435245943757
leaf_weight=21854.457895337604 215.04688984667882 21.007012739777565 6063.6168698649853 551.9092847709544 216.65504210349172 2402.9787328308448 236.56072242720984 100.80012323055416 698.83859057724476 21.204874183982611 1429.9264407043811 74.843456944450736 94.327533420175314 181.75464347517118
leaf_count=103503 10431 165 31086 2564 2503 12713 9248 1188 3336 162 7884 389 322 905
internal_value=0.00033561 0.0293842 5.10938e-05 0.00088934 0.00115041 0.00601775 0.000572982 -0.00252151 -0.00279871 0.00410597 -0.00346263 -0.00708154 0.0046436 -0.00495446
internal_weight=34163.9 330.381 33833.5 25519.2 24710.7 2619.63 22091 8314.39 8213.59 720.043 7493.54 808.507 115.335 733.664
internal_count=186399 10918 175481 131825 127967 15216 112751 43656 42468 3498 38970 3858 487 3469
is_linear=0
shrinkage=0.05


Tree=116
num_leaves=15
num_cat=0
split_feature=0 58 0 3 1 61 60 1 0 51 16 49 3 0
split_gain=104.447 30.8457 25.7741 43.2033 55.0726 25.1175 20.2541 17.2201 16.4733 8.51301 10.168 10.9959 8.17491 44.417
threshold=18065.500000000004 1.0000000180025095e-35 7906.5000000000009 1.0000000180025095e-35 21.500000000000004 1.0000000180025095e-35 1.0000000180025095e-35 22.500000000000004 4679.5000000000009 1.0000000180025095e-35 1.0000000180025095e-35 1.0000000180025095e-35 1.0000000180025095e-35 26368.500000000004
decision_type=2 2 2 2 2 2 2 2 2 2 2 2 2 2
left_child=1 2 5 4 -4 6 -1 -5 -7 10 11 -3 13 -2
right_child=12 9 3 7 -6 8 -8 -9 -10 -11 -12 -13 -14 -15
leaf_value=0.0015182245526380277 0.03030133424567601 0.0014976806468817167 0.0037234607228100723 0.033227134261701395 -0.094122774019828312 -0.0014481370626156544 -0.0058562386165775977 -0.00064051451772583064 -0.007234663137733216 0.011046279882803992 0.011480548558211429 0.01108279598878747 0.046416717193284884 -0.15912854565619661
leaf_weight=12823.765949934721 145.70969276595861 2425.527776951436 1111.8617750350386 181.42105708643794 13.569864399731157 13832.436135457363 1003.0027970895171 47.207795131020248 1349.1092007192783 454.32548160711303 371.70288615999743 340.39647372253239 84.141739805229008 2.1814132630825034
leaf_count=56356 3885 7440 7072 3774 73 86382 7430 690 4964 1321 1183 975 4919 13
internal_value=0.000503438 0.000274477 -0.000243922 0.00649624 0.00246117 -0.000558755 0.000982891 0.0262617 -0.0019628 0.0046553 0.00372667 0.00268088 0.0338632 0.0264572
internal_weight=34186.4 33954.3 30362.4 1354.06 1125.43 29008.3 13826.8 228.629 15181.5 3591.95 3137.63 2765.92 232.033 147.891
internal_count=186477 177660 166741 11609 7145 155132 63786 4464 91346 10919 9598 8415 8817 3898
is_linear=0
shrinkage=0.05


Tree=117
num_leaves=15
num_cat=0
split_feature=4 10 14 17 15 1 1 3 49 37 15 66 60 1
split_gain=45.3396 97.6547 100.51 98.7987 103.182 15.0228 135.932 257.219 15.1477 15.0166 13.3143 12.1476 11.8213 15.0278
threshold=1.0000000180025095e-35 1.0000000180025095e-35 1.0000000180025095e-35 1.0000000180025095e-35 1.0000000180025095e-35 21.500000000000004 22.500000000000004 1.0000000180025095e-35 1.0000000180025095e-35 1.0000000180025095e-35 1.0000000180025095e-35 1.0000000180025095e-35 1.0000000180025095e-35 6.5000000000000009
decision_type=2 2 2 2 2 2 2 2 2 2 2 2 2 2
left_child=5 2 3 4 -2 8 7 -7 12 -10 -8 -11 -1 -14
right_child=1 -3 -4 -5 -6 6 10 -9 9 11 -12 -13 13 -15
leaf_value=-0.0012467625283240991 -0.0005223432530541797 0.052689219028140256 0.053512039027457471 0.05250798762078545 0.037229264344006967 -0.035915521468331289 -0.0014835734681809252 0.053801127802217033 0.0035514022709184066 -0.013637370758392884 -0.016057196382191479 0.015536033977037556 0.0042611179650979877 -0.011290267770165056
leaf_weight=23837.466903908178 3954.4572540423833 102.4325543968007 97.29468540661037 95.022052497602999 188.67815550137311 108.98219490842894 1430.8243737630546 292.43584553897381 2592.7433225633577 221.10403731185943 175.03772397339344 41.646287655457854 207.49415695481002 611.84205967746675
leaf_count=121208 26011 1855 1191 1767 2588 4920 3911 1437 12955 1209 490 200 651 5386
internal_value=-3.74936e-05 0.00467395 0.00352762 0.00236778 0.00120543 -0.000745932 0.00342892 0.029415 -0.00105064 0.00239632 -0.00308109 -0.00897197 -0.00144991 -0.00735154
internal_weight=33957.5 4437.88 4335.45 4238.16 4143.14 29519.6 2007.28 401.418 27512.3 2855.49 1605.86 262.75 24656.8 819.336
internal_count=185779 33412 31557 30366 28599 152367 10758 6357 141609 14364 4401 1409 127245 6037
is_linear=0
shrinkage=0.05


Tree=118
num_leaves=15
num_cat=0
split_feature=3 1 1 1 1 1 57 60 14 43 1 11 69 18
split_gain=25.2925 103.543 39.0527 90.7896 282.425 23.7059 23.4596 23.739 23.7101 16.9762 16.8473 16.5454 13.7399 10.133
threshold=1.0000000180025095e-35 21.500000000000004 2.5000000000000004 22.500000000000004 21.500000000000004 4.5000000000000009 1.0000000180025095e-35 1.0000000180025095e-35 1.0000000180025095e-35 1.0000000180025095e-35 6.5000000000000009 1.0000000180025095e-35 1.0000000180025095e-35 1.0000000180025095e-35
decision_type=2 2 2 2 2 2 2 2 2 2 2 2 2 2
left_child=1 6 -2 4 5 -4 10 8 -8 -9 12 -12 -1 -5
right_child=2 -3 3 13 -6 -7 7 9 -10 -11 11 -13 -14 -15
leaf_value=0.0097389884613905339 -0.0016120161540129402 -0.042943914283585911 0.0091267742611621776 -0.0014811118996259634 0.053302732841141467 -0.0024096636212989778 -0.0014833431781126451 -0.015674946983384754 0.0069430541420906315 0.012443419284939103 0.00051630406959206983 0.0061143506640328159 0.043994791883383691 -0.016455936607491315
leaf_weight=143.01300022657961 2788.6338768918067 141.64568762527779 1266.0231151478365 1628.8813143745065 358.48953249771148 686.07454290706664 15697.167524734978 429.97660151310265 880.71700138412416 60.560179346241057 8177.8130998024717 1572.9990187752992 36.119912696070969 120.41392148844898
leaf_count=547 11914 5222 6322 5691 3335 3375 99155 4626 5327 615 33345 5935 117 548
internal_value=0.000228428 -0.000456758 0.00294343 0.00607207 0.0125758 0.00507308 -0.000232269 -0.00135643 -0.00103529 -0.0121853 0.00169998 0.00141991 0.0168521 -0.00252073
internal_weight=33988.5 27140 6848.52 4059.88 2310.59 1952.1 26998.4 17068.4 16577.9 490.537 9929.95 9750.81 179.133 1749.3
internal_count=186074 154889 31185 19271 13032 9697 149667 109723 104482 5241 39944 39280 664 6239
is_linear=0
shrinkage=0.05


Tree=119
num_leaves=15
num_cat=0
split_feature=0 58 9 0 16 0 21 36 9 0 4 0 0 23
split_gain=94.1752 30.7562 26.2268 50.6576 148.501 61.9824 26.8999 23.3983 21.4025 16.353 9.89486 17.3463 13.3577 9.33542
threshold=18065.500000000004 1.0000000180025095e-35 1.0000000180025095e-35 6085.5000000000009 1.0000000180025095e-35 4679.5000000000009 1.0000000180025095e-35 1.0000000180025095e-35 1.0000000180025095e-35 10059.500000000002 1.0000000180025095e-35 4515.5000000000009 2514.5000000000005 1.0000000180025095e-35
decision_type=2 2 2 2 2 2 2 2 2 2 2 2 2 2
left_child=1 2 3 5 -5 -1 7 -4 -2 -8 12 -12 -3 -10
right_child=8 10 6 4 -6 -7 9 -9 13 -11 11 -13 -14 -15
leaf_value=-0.00021057225991194772 0.043157839938784373 0.0040234264302118272 -0.010454672057270631 0.021176402757975537 -0.0070883407785771908 -0.012176112791449843 0.0013401434536212354 -0.044104917057662195 0.023610588199658281 0.041637299818873284 0.050001654079287021 0.0092056560486338031 -0.029995996146657877 -0.012777606111043009
leaf_weight=26167.71787400567 151.45789102185518 3271.6209774948657 724.15104833501391 981.88145656697452 880.73506788536906 1127.9863464282826 229.14320849184878 54.791177355218679 46.449807316064835 27.294348254799843 28.427031353116035 235.42220301181078 28.123695768881589 27.238533176481724
leaf_count=143762 8422 8736 3412 10493 3361 4009 1223 301 246 79 359 1125 671 111
internal_value=0.000295204 7.97672e-05 -0.000438771 -0.000160951 0.00781483 -0.000705472 -0.00825504 -0.0128752 0.0324536 0.00577431 0.00447214 0.0137732 0.00372448 0.0101689
internal_weight=33982.4 33757.3 30193.7 29158.3 1862.62 27295.7 1035.38 778.942 225.146 256.438 3563.59 263.849 3299.74 73.6883
internal_count=186310 177531 166640 161625 13854 147771 5015 3713 8779 1302 10891 1484 9407 357
is_linear=0
shrinkage=0.05


Tree=120
num_leaves=15
num_cat=0
split_feature=0 57 9 0 13 12 0 15 21 49 58 1 46 16
split_gain=92.0931 29.3035 19.2948 18.2003 30.9601 32.8187 19.6811 69.2918 15.2754 17.0319 15.2287 13.9907 13.6837 13.1812
threshold=18065.500000000004 1.0000000180025095e-35 1.0000000180025095e-35 8299.0000000000018 1.0000000180025095e-35 1.0000000180025095e-35 4679.5000000000009 1.0000000180025095e-35 1.0000000180025095e-35 1.0000000180025095e-35 1.0000000180025095e-35 1.5000000000000002 1.0000000180025095e-35 1.0000000180025095e-35
decision_type=2 2 2 2 2 2 2 2 2 2 2 2 2 2
left_child=1 8 -2 6 5 -5 11 -8 10 -10 12 -3 -1 -11
right_child=2 3 -4 4 -6 -7 7 -9 9 13 -12 -13 -14 -15
leaf_value=0.00046863841002157248 0.043131084342674049 -0.0055760635794661157 0.012044816639303587 0.001885156278276413 0.04730390623348063 0.050034453128021843 -0.0081592203086356552 0.036844288182816619 0.0038910157786060644 0.019441740717608399 0.0042487460293092532 -0.00039098488509525418 -0.0076306361869810276 -0.012284651650669505
leaf_weight=5474.3930543323513 144.32793797040358 1402.7520818859339 77.5637780521065 862.98099334724247 41.991753260605037 35.908657919615507 1838.7592223365791 88.72239263728261 2686.0454662474804 292.95956988446414 2638.4517520260997 17772.567076958716 575.39640301140025 36.159725151956081
leaf_count=24448 8401 4133 366 6466 1429 732 6878 327 10602 1064 8091 110608 2637 150
internal_value=0.000333757 0.000122178 0.0323675 -0.000951374 0.00584906 0.00386208 -0.00125484 -0.00606967 0.00214415 0.0052099 0.00107973 -0.000770565 -0.000302819 0.0159294
internal_weight=33969 33747.1 221.892 22043.7 940.881 898.89 21102.8 1927.48 11703.4 3015.16 8688.24 19175.3 6049.79 329.119
internal_count=186332 177565 8767 130573 8627 7198 121946 7205 46992 11816 35176 114741 27085 1214
is_linear=0
shrinkage=0.05


Tree=121
num_leaves=15
num_cat=0
split_feature=0 4 0 0 18 10 21 9 0 0 68 23 52 19
split_gain=83.6288 26.4538 305.307 211.48 92.206 79.1311 60.0749 24.1296 16.2678 16.8922 9.42566 7.99958 7.96058 10.1583
threshold=17392.000000000004 1.0000000180025095e-35 4515.5000000000009 2514.5000000000005 1.0000000180025095e-35 1.0000000180025095e-35 1.0000000180025095e-35 1.0000000180025095e-35 2369.5000000000005 1827.5000000000002 1.0000000180025095e-35 1.0000000180025095e-35 1.0000000180025095e-35 1.0000000180025095e-35
decision_type=2 2 2 2 2 2 2 2 2 2 2 2 2 2
left_child=1 3 -3 8 5 -4 -6 -2 9 -1 -10 -9 -5 -14
right_child=7 2 4 12 6 -7 -8 11 10 -11 -12 -13 13 -15
leaf_value=-1.8607027220965353e-05 0.041651921248125945 0.051963759807780667 0.0026520059148458035 -0.042341137830624306 -0.0211015133087833 0.052485911707498625 0.02033917427367693 0.02092452486257448 -0.0068296196583391214 0.0046734590655698573 -0.029388081402744223 -0.010423562415346987 -0.023427295970254225 0.077506979439524615
leaf_weight=26748.493381958455 154.12207887507975 306.10481236316264 3024.5438779126853 300.37781351036392 650.49210044182837 80.820224445313215 100.20120199397206 48.214799618348479 334.71401515882462 2065.3995823012665 52.977301241829991 33.888067927211523 32.888254828518257 1.7205554875545193
leaf_count=127439 9164 3550 16644 12176 2426 1029 410 253 1745 9648 291 132 1333 63
internal_value=0.000461202 0.000252941 0.00398432 -0.000272985 0.00016309 0.00396546 -0.0155504 0.0300444 0.00018082 0.000317874 -0.00997987 0.00801583 -0.0397151 -0.0163737
internal_weight=33935 33698.7 4162.16 29536.6 3856.06 3105.36 750.693 236.225 29201.6 28813.9 387.691 82.1029 334.987 34.6088
internal_count=186303 176754 24059 152695 20509 17673 2836 9549 139123 137087 2036 385 13572 1396
is_linear=0
shrinkage=0.05


Tree=122
num_leaves=15
num_cat=0
split_feature=4 10 17 13 15 49 23 1 1 3 12 63 55 16
split_gain=36.6727 88.358 89.2435 91.6275 93.0104 23.6321 18.867 16.0216 92.3863 227.451 15.1779 18.0956 14.9886 11.4806
threshold=1.0000000180025095e-35 1.0000000180025095e-35 1.0000000180025095e-35 1.0000000180025095e-35 1.0000000180025095e-35 1.0000000180025095e-35 1.0000000180025095e-35 21.500000000000004 22.500000000000004 1.0000000180025095e-35 1.0000000180025095e-35 1.0000000180025095e-35 1.0000000180025095e-35 1.0000000180025095e-35
decision_type=2 2 2 2 2 2 2 2 2 2 2 2 2 2
left_child=5 2 3 4 -2 7 -5 10 9 -9 12 -12 -1 -7
right_child=1 -3 -4 6 -6 13 -8 8 -10 -11 11 -13 -14 -15
leaf_value=-0.0001927251583015537 -0.0017218239020331011 0.051978185415142854 0.05229442080604333 0.034364060246024557 0.035466346498336208 0.0044998519444710821 0.0092181160826393417 -0.039314780547886841 -0.0019178919798783466 0.053351316740739875 -0.0072689344135737511 0.0046707608697086865 -0.0030893870484342096 -0.0063387444455785206
leaf_weight=16287.743434819393 3676.758824495133 94.182682100217789 89.871969717554748 242.41163542354479 175.19138940609992 2827.2829695222899 108.89360463060439 91.084672477096319 1435.3113587833941 235.87127444148064 1895.1313455700874 380.40913293510675 6151.9935649018735 266.55135679105297
leaf_count=82765 22046 1859 1834 3867 2600 14033 1468 4464 3919 1272 11642 1423 31821 1545
internal_value=6.29356e-05 0.00432822 0.00327101 0.00221063 -2.16946e-05 -0.000570001 0.0266179 -0.0010532 0.0035516 0.0274949 -0.00138166 -0.00527176 -0.000986965 0.0035643
internal_weight=33958.7 4387.31 4293.13 4203.26 3851.95 29571.4 351.305 26477.5 1762.27 326.956 24715.3 2275.54 22439.7 3093.83
internal_count=186558 33674 31815 29981 24646 152884 5335 137306 9655 5736 127651 13065 114586 15578
is_linear=0
shrinkage=0.05


Tree=123
num_leaves=15
num_cat=0
split_feature=0 9 63 18 0 25 25 0 4 0 0 25 0 0
split_gain=72.4737 29.862 23.5532 18.8401 53.9036 33.5297 31.5557 43.5723 20.1759 14.6917 10.4362 10.2765 7.33612 6.7873
threshold=18065.500000000004 1.0000000180025095e-35 1.0000000180025095e-35 1.0000000180025095e-35 2238.5000000000005 1.0000000180025095e-35 1.0000000180025095e-35 5608.5000000000009 1.0000000180025095e-35 235.50000000000003 24824.500000000004 1.0000000180025095e-35 54.500000000000007 67.500000000000014
decision_type=2 2 2 2 2 2 2 2 2 2 2 2 2 2
left_child=2 -2 3 6 9 -6 8 -8 -1 -5 -3 12 -4 -14
right_child=1 10 11 4 5 -7 7 -9 -10 -11 -12 -13 13 -15
leaf_value=-0.00074897192436296483 0.044291497605800083 0.011931070832008036 -0.01201955099380566 0.013574222344089613 -0.011362882073989986 -0.048797640703938855 0.0054055370175921519 0.043961064920921784 0.0037235752522695228 -0.00060589708427217831 -0.040791206301678692 -0.0066377767666675556 0.021186173920675688 0.0039492170505619198
leaf_weight=21919.498745653545 131.60749128134921 59.639069050550461 70.196720663458109 213.03217042423785 847.10893554752693 63.517583912936971 1256.2118222501595 76.858528704382479 2848.2866260791197 1245.8708444936201 10.112534143030642 240.65206491202116 56.849982436746359 4852.0713433574419
leaf_count=118736 8463 271 244 1020 6091 436 6735 573 18178 6461 79 910 172 17915
internal_value=0.00052667 0.0303598 0.000347468 -0.000218643 -0.00448652 -0.0140247 0.000168967 0.00765975 -0.000234501 0.00147259 0.00381893 0.00343468 0.00392274 0.00415311
internal_weight=33891.5 201.359 33690.2 28470.4 2369.53 910.627 26100.9 1333.07 24767.8 1458.9 69.7516 5219.77 4979.12 4908.92
internal_count=186284 8813 177471 158230 14008 6527 144222 7308 136914 7481 350 19241 18331 18087
is_linear=0
shrinkage=0.05


Tree=124
num_leaves=15
num_cat=0
split_feature=0 9 0 3 1 13 63 58 9 9 1 13 70 26
split_gain=69.0011 28.6116 21.776 34.7656 36.5067 22.2986 19.5707 14.1736 16.1089 10.2063 9.67256 8.58357 9.46218 9.17893
threshold=18065.500000000004 1.0000000180025095e-35 9574.5000000000018 1.0000000180025095e-35 21.500000000000004 1.0000000180025095e-35 1.0000000180025095e-35 1.0000000180025095e-35 1.0000000180025095e-35 1.0000000180025095e-35 6.5000000000000009 1.0000000180025095e-35 1.0000000180025095e-35 1.0000000180025095e-35
decision_type=2 2 2 2 2 2 2 2 2 2 2 2 2 2
left_child=2 -2 6 4 5 -4 7 8 -1 -5 -9 12 -8 -13
right_child=1 -3 3 9 -6 -7 11 10 -10 -11 -12 13 -14 -15
leaf_value=-0.00075343271181261325 0.044009027883488622 0.0039690731411217827 0.0026316203919561072 0.036177757549686898 -0.095745061770237963 0.048720239900146053 0.0027978775002583051 0.0115535540832407 -0.0087155511493481868 0.0074905254554432817 0.0017485372890431929 0.0014498461137467155 0.0095259954704904389 -0.0095186418291876955
leaf_weight=23989.286504919641 125.95675838040188 69.121433358639479 662.28814858105034 120.04104865388945 8.2113493755459768 26.335361365228891 3541.4283270165324 275.18710908293724 651.55091895814985 42.508722729980946 2825.0616744030267 739.89238186692819 612.43439681222662 255.89626357331872
leaf_count=136753 8457 355 4691 3675 42 953 12567 874 3678 200 8432 2687 2134 956
internal_value=0.000339348 0.0299144 0.00016752 0.00801998 0.00314597 0.0044623 -3.78898e-05 -0.000563404 -0.000964312 0.0287674 0.0026223 0.0027926 0.00379191 -0.00137554
internal_weight=33945.2 195.078 33750.1 859.385 696.835 688.624 32890.7 27741.1 24640.8 162.55 3100.25 5149.65 4153.86 995.789
internal_count=186454 8812 177642 9561 5686 5644 168081 149737 140431 3875 9306 18344 14701 3643
is_linear=0
shrinkage=0.05


Tree=125
num_leaves=15
num_cat=0
split_feature=0 9 0 12 13 11 0 14 10 49 63 30 23 1
split_gain=64.6514 26.5337 19.2898 39.6935 40.0334 33.7576 25.449 72.3003 68.8768 15.4591 15.8679 10.7609 10.3258 11.716
threshold=18065.500000000004 1.0000000180025095e-35 7906.5000000000009 1.0000000180025095e-35 1.0000000180025095e-35 1.0000000180025095e-35 4679.5000000000009 1.0000000180025095e-35 1.0000000180025095e-35 1.0000000180025095e-35 1.0000000180025095e-35 1.0000000180025095e-35 1.0000000180025095e-35 12.500000000000002
decision_type=2 2 2 2 2 2 2 2 2 2 2 2 2 2
left_child=2 -2 6 4 5 -4 9 8 -8 10 -1 -11 -3 -14
right_child=1 12 3 -5 -6 -7 7 -9 -10 11 -12 -13 13 -15
leaf_value=-0.00060744643024906672 0.043335021332264773 0.019703494063843835 0.00094659375043429871 0.048766123639264469 0.044227672365665445 0.049198352840445672 -0.0074081964785638679 0.054493229956299329 0.053904114626482286 0.0043114780414643126 0.0027161680203315794 -0.009233024983374763 0.015574877889994105 -0.048775238044788206
leaf_weight=22489.114706727676 121.06571421632543 42.176025480031967 1227.0974576142617 51.106590007431805 58.845549971796572 36.353109934367239 2358.7804731605574 49.062567196786404 45.7229466997087 2964.987504648976 4272.5817337185144 153.35030893236399 12.436451967805626 14.332427520304917
leaf_count=125332 8461 239 7632 1007 2021 1542 8499 159 248 15143 15227 805 52 59
internal_value=0.000320484 0.0293275 0.000156102 0.00595756 0.00426741 0.00237275 -9.04972e-05 -0.00498462 -0.00622039 0.000311532 -7.67402e-05 0.00364265 0.00446275 -0.0193948
internal_weight=33897 190.011 33707 1373.4 1322.3 1263.45 32333.6 2453.57 2404.5 29880 26761.7 3118.34 68.9449 26.7689
internal_count=186426 8811 177615 12202 11195 9174 165413 8906 8747 156507 140559 15948 350 111
is_linear=0
shrinkage=0.05


Tree=126
num_leaves=15
num_cat=0
split_feature=0 9 4 0 0 11 10 0 61 60 1 23 45 32
split_gain=63.986 21.5293 16.2906 299.79 194.291 95.9922 84.8419 14.2888 13.8987 9.00517 7.14465 4.34608 3.30735 17.489
threshold=18065.500000000004 1.0000000180025095e-35 1.0000000180025095e-35 4515.5000000000009 2514.5000000000005 1.0000000180025095e-35 1.0000000180025095e-35 2325.5000000000005 1.0000000180025095e-35 1.0000000180025095e-35 6.5000000000000009 1.0000000180025095e-35 1.0000000180025095e-35 1.0000000180025095e-35
decision_type=2 2 2 2 2 2 2 2 2 2 2 2 2 2
left_child=2 -2 4 -4 7 6 -5 8 -1 -9 -3 -12 -6 -14
right_child=1 10 3 5 12 -7 -8 9 -10 -11 11 -13 13 -15
leaf_value=0.0011666789875682446 0.042525024594279842 0.040387157987370595 0.051853252204828407 -0.0031848703400499294 -0.040987162190941062 0.050340289875150247 0.051748580865231979 -0.0070970435387224711 -0.0010415812146622283 -0.044977549688976631 0.010940786427959955 -0.016880870806843935 -0.036327493370104706 0.079651176089443138
leaf_weight=13534.622157192789 114.97688522050157 11.889756953343747 288.43047133367509 3679.2681371970102 291.71774819260463 88.218696155119687 70.65738573204726 515.75413764361292 15045.184964353219 15.231002070941029 31.957060519605875 23.454284485429525 22.273318114457656 2.8198474824894211
leaf_count=55850 8402 133 3546 18075 12334 1982 1043 2565 80340 140 129 80 940 109
internal_value=2.07585e-06 0.0294649 -0.00015885 0.0027828 -0.000571431 -0.000917317 -0.00213628 -0.000146935 4.1952e-06 -0.00826613 0.0068571 -0.000925939 -0.0394539 -0.0207413
internal_weight=33736.5 182.278 33554.2 4126.57 29427.6 3838.14 3749.93 29110.8 28579.8 530.985 67.3011 55.4113 316.811 25.0932
internal_count=185668 8744 176924 24646 152278 21100 19118 138895 136190 2705 342 209 13383 1049
is_linear=0
shrinkage=0.05


Tree=127
num_leaves=15
num_cat=0
split_feature=0 61 9 1 1 1 0 13 0 28 43 23 48 54
split_gain=56.8213 26.4521 21.4477 19.0604 28.297 41.3537 20.1091 40.3531 35.5094 17.8546 10.9488 14.0357 14.6039 13.5381
threshold=18065.500000000004 1.0000000180025095e-35 1.0000000180025095e-35 20.500000000000004 22.500000000000004 21.500000000000004 5846.5000000000009 1.0000000180025095e-35 4679.5000000000009 1.0000000180025095e-35 1.0000000180025095e-35 1.0000000180025095e-35 1.0000000180025095e-35 1.0000000180025095e-35
decision_type=2 2 2 2 2 2 2 2 2 2 2 2 2 2
left_child=1 10 -2 6 5 -5 8 -8 -3 -6 11 13 -13 -1
right_child=2 3 -4 4 9 -7 7 -9 -10 -11 -12 12 -14 -15
leaf_value=0.0012824257031360067 0.04172241919236408 -0.0019975912427653924 0.0063809015842265773 0.0033380189107195058 0.0004779048593489411 0.025726142334155228 0.0016201960131429624 0.037424559700340254 -0.014628200612898696 -0.014964979037415956 0.0050269573823115759 -0.00063215904154243603 -0.011016915691531111 0.0071410892421904532
leaf_weight=9316.9600347678643 110.09275862807408 13671.604238173924 70.641380717977881 999.95412808749825 781.46044709626585 258.99784325691871 1331.2493936624378 82.647103518247604 579.11228146776557 245.09312792029232 1913.43138062465 3021.7842215276323 380.28169645625167 1101.8796452167444
leaf_count=43094 8377 80109 363 6166 2506 4679 7411 1236 2024 858 8658 14196 1842 4935
internal_value=0.000137059 -1.33741e-05 0.02802 -0.00132517 0.00293947 0.00796058 -0.00194753 0.00373806 -0.00251186 -0.00322011 0.00148314 0.000992188 -0.00179586 0.00190265
internal_weight=33865.2 33684.5 180.734 17950.1 2285.51 1258.95 15664.6 1413.9 14250.7 1026.55 15734.3 13820.9 3402.07 10418.8
internal_count=186454 177714 8740 104989 14209 10845 90780 8647 82133 3364 72725 64067 16038 48029
is_linear=0
shrinkage=0.05


Tree=128
num_leaves=15
num_cat=0
split_feature=4 11 14 17 10 1 61 3 1 1 60 1 67 65
split_gain=33.7667 92.5971 91.1229 85.9831 84.5131 20.0066 25.2864 19.3611 254.434 50.6754 17.4494 14.9145 14.7021 14.3346
threshold=1.0000000180025095e-35 1.0000000180025095e-35 1.0000000180025095e-35 1.0000000180025095e-35 1.0000000180025095e-35 19.500000000000004 1.0000000180025095e-35 1.0000000180025095e-35 22.500000000000004 21.500000000000004 1.0000000180025095e-35 6.5000000000000009 1.0000000180025095e-35 1.0000000180025095e-35
decision_type=2 2 2 2 2 2 2 2 2 2 2 2 2 2
left_child=5 2 3 4 -2 6 10 9 -9 12 13 -12 -7 -1
right_child=1 -3 -4 -5 -6 7 -8 8 -10 -11 11 -13 -14 -15
leaf_value=0.00058770579006079153 0.0001068340552540541 0.049816694269929684 0.052897083476314194 0.052157971835653516 0.051395935428518981 0.0025805789617469534 -0.00244329931201266 0.053143585200594048 -0.00078448215413108764 -0.034486021456613163 0.0044448364084828627 -0.010479925284701031 -0.006730121652898137 0.0057528535984422381
leaf_weight=9039.9220770634711 3934.3983558891341 108.80128107825294 89.611058117821813 83.368749057874084 80.992097277194262 3183.8927972288802 12456.971741456538 252.58088555932045 1590.7157254833728 100.42295709368773 233.71878395043314 584.68659848347306 488.12634620629251 1576.762478929013
leaf_count=37716 25013 3556 1225 1804 1856 17399 71724 1441 4321 4994 730 5236 2798 6485
internal_value=0.000349395 0.00448982 0.00330075 0.00220379 0.0011539 -0.000253699 -0.000884909 0.00243145 0.00662991 0.000378782 0.00081281 -0.00621751 0.0013414 0.00135529
internal_weight=33805 4297.17 4188.37 4098.76 4015.39 29507.8 23892.1 5615.74 1843.3 3772.44 11435.1 818.405 3672.02 10616.7
internal_count=186298 33454 29898 28673 26869 152844 121891 30953 5762 25191 50167 5966 20197 44201
is_linear=0
shrinkage=0.05


Tree=129
num_leaves=15
num_cat=0
split_feature=0 9 0 16 21 0 12 24 0 1 9 65 0 67
split_gain=52.8478 15.6943 34.6118 111.625 53.893 50.0169 46.0837 24.4745 21.3574 15.6229 15.1168 13.4806 15.8719 15.6418
threshold=20041.500000000004 1.0000000180025095e-35 6085.5000000000009 1.0000000180025095e-35 1.0000000180025095e-35 4679.5000000000009 1.0000000180025095e-35 1.0000000180025095e-35 5027.5000000000009 21.500000000000004 1.0000000180025095e-35 1.0000000180025095e-35 1730.5000000000002 1.0000000180025095e-35
decision_type=2 2 2 2 2 2 2 2 2 2 2 2 2 2
left_child=1 2 5 4 -4 9 -7 -5 11 -1 -2 13 -13 -3
right_child=10 8 3 7 -6 6 -8 -9 -10 -11 -12 12 -14 -15
leaf_value=0.00012612927141403201 0.045855514554141441 0.010041066163227697 0.012962813169385044 -0.007459509146846479 0.04266107617917958 -0.0065875522008303315 -0.038216339762348235 0.024281869833385768 -0.011348733226570986 0.0047751012108921392 0.010124525052079458 -0.043894474688273823 0.0061357713960037306 -0.016656445075552428
leaf_weight=27488.328999159858 78.572436619084328 347.1655471897684 806.06331613706425 891.48891045805067 188.02273243898526 1054.5129225631244 128.39709965512156 64.196041264571249 660.24154167436063 1933.2849813308567 48.245482608675957 30.757722960785031 31.224049628013745 64.193716967711225
leaf_count=142711 6449 2259 9846 3591 2991 3756 455 251 2208 10968 251 170 274 453
internal_value=0.000358222 0.000236461 0.000437918 0.00689536 0.0186172 2.63118e-05 -0.01005 -0.0053042 -0.0055443 0.000431764 0.0324479 0.00255889 -0.0189939 0.00584456
internal_weight=33814.7 33687.9 32554.3 1949.77 994.086 30604.5 1182.91 955.685 1133.58 29421.6 126.818 473.341 61.9818 411.359
internal_count=186633 179933 174569 16679 12837 157890 4211 3842 5364 153679 6700 3156 444 2712
is_linear=0
shrinkage=0.05


Tree=130
num_leaves=15
num_cat=0
split_feature=4 11 14 17 10 49 60 11 53 35 17 1 37 8
split_gain=25.1792 88.0905 84.0218 82.3842 81.0924 20.7036 14.8707 15.6763 21.2109 13.1087 12.6166 12.542 10.9681 9.05829
threshold=1.0000000180025095e-35 1.0000000180025095e-35 1.0000000180025095e-35 1.0000000180025095e-35 1.0000000180025095e-35 1.0000000180025095e-35 1.0000000180025095e-35 1.0000000180025095e-35 1.0000000180025095e-35 1.0000000180025095e-35 1.0000000180025095e-35 21.500000000000004 1.0000000180025095e-35 1.0000000180025095e-35
decision_type=2 2 2 2 2 2 2 2 2 2 2 2 2 2
left_child=5 2 3 4 -2 6 10 9 -9 -8 11 -1 13 -7
right_child=1 -3 -4 -5 -6 12 7 8 -10 -11 -12 -13 -14 -15
leaf_value=-0.0014167564783556998 -0.0005483468501891706 0.049563747325157406 0.051432550269852856 0.052060858093589214 0.051154154946520453 0.0036560797803268544 -0.013415258588040142 -0.00041385372870854229 0.052536956281234753 0.0052809357776710869 0.0026823059215768559 0.0032919418845659557 -0.0060610103883552181 0.016658632774360364
leaf_weight=21593.240054432303 3940.8751116259955 100.70416281279176 84.809809123165905 77.828740300610662 76.327568437904119 2649.1298507242464 607.7497695600614 145.37831226643175 20.738455582410097 110.26645016414113 2424.4622732140124 1512.3529576682486 279.37795837270096 140.1983772800304
leaf_count=111052 25190 3535 1193 1795 1863 13296 4652 943 106 838 11286 8447 1515 678
internal_value=2.68375e-06 0.00358568 0.00246635 0.00143993 0.000446496 -0.000517626 -0.000969273 -0.00734065 0.00647148 -0.0105407 -0.000748347 -0.00110842 0.00336901 0.00431536
internal_weight=33763.4 4280.55 4179.84 4095.03 4017.2 29482.9 26414.2 884.133 166.117 718.016 25530.1 23105.6 3068.71 2789.33
internal_count=186389 33576 30041 28848 27053 152813 137324 6539 1049 5490 130785 119499 15489 13974
is_linear=0
shrinkage=0.05


Tree=131
num_leaves=15
num_cat=0
split_feature=0 9 57 61 3 0 9 28 60 39 21 16 0 0
split_gain=46.3743 17.8306 16.5081 19.7322 17.6881 32.6914 20.6663 12.53 15.3257 14.0411 10.4477 9.11499 22.9821 15.0474
threshold=18687.000000000004 1.0000000180025095e-35 1.0000000180025095e-35 1.0000000180025095e-35 1.0000000180025095e-35 6911.5000000000009 1.0000000180025095e-35 1.0000000180025095e-35 1.0000000180025095e-35 1.0000000180025095e-35 1.0000000180025095e-35 1.0000000180025095e-35 6085.5000000000009 10059.500000000002
decision_type=2 2 2 2 2 2 2 2 2 2 2 2 2 2
left_child=2 -2 10 7 6 -6 -5 9 -9 -4 -1 12 -12 -13
right_child=1 -3 3 4 5 -7 -8 8 -10 -11 11 13 -14 -15
leaf_value=0.00073807736860230988 0.041570160064824266 0.0064208602523394545 0.00059744830232371531 -0.0028193831437459752 1.7977890812227441e-05 0.025294692005199244 -0.015254995977004054 0.004775134563470413 -0.010496219664134018 -0.0059610489023296052 0.0044283765871213016 -0.00092233731143455617 0.034189767838594932 -0.047136076734594329
leaf_weight=8643.8998169433326 91.20967421354726 59.964740769937634 7029.4659951473586 8010.4675016696565 2808.8045342406258 133.02203286858276 347.71024184837006 2519.6488117510453 174.81222155084834 922.24773436039686 2569.2701174109243 339.63625695416704 65.578338187653571 17.580262424424291
leaf_count=35355 7839 308 35558 63721 9191 2530 1945 11806 1539 4778 9585 1380 748 110
internal_value=0.000222181 0.0277617 9.73859e-05 -0.000709819 -0.00216498 0.00116913 -0.00333848 0.000834765 0.00378083 -0.000163867 0.00161976 0.00416578 0.00518179 -0.00332196
internal_weight=33733.3 151.174 33582.1 21946.2 11300 2941.83 8358.18 10646.2 2694.46 7951.71 11636 2992.06 2634.85 357.217
internal_count=186393 8147 178246 131068 77387 11721 65666 53681 13345 40336 47178 11823 10333 1490
is_linear=0
shrinkage=0.05


Tree=132
num_leaves=15
num_cat=0
split_feature=0 9 18 0 4 0 21 4 0 0 17 0 25 1
split_gain=45.322 18.7978 14.0403 71.0252 65.5759 49.5047 45.3483 38.1854 182.352 134.369 67.0365 22.1279 17.9632 10.2339
threshold=18687.000000000004 1.0000000180025095e-35 1.0000000180025095e-35 4679.5000000000009 1.0000000180025095e-35 2514.5000000000005 1.0000000180025095e-35 1.0000000180025095e-35 4515.5000000000009 2514.5000000000005 1.0000000180025095e-35 5846.5000000000009 1.0000000180025095e-35 2.5000000000000004
decision_type=2 2 2 2 2 2 2 2 2 2 2 2 2 2
left_child=2 -2 7 4 5 -4 12 9 -9 13 -10 -8 -5 -1
right_child=1 -3 3 6 -6 -7 11 8 10 -11 -12 -13 -14 -15
leaf_value=-0.0029771159055743597 0.042363842326699111 0.0063124736963921617 0.0013140236244843593 -0.0184591309012779 0.046261529164251053 -0.041858714604361781 -0.018853680892885829 0.051510873429428221 0.0014316320785676686 -0.037406613903276369 0.052154061804435339 0.031736603425316125 -0.04747290293131854 0.00047554046625358039
leaf_weight=2347.5511185228825 87.90580016747117 61.621830159798265 1890.7791930250823 595.57390316668898 78.002858202904463 67.815263271331787 31.184001065790653 201.57012181635946 3006.1383161996491 238.89619170268998 65.585475422907621 65.676940123550594 58.224986124783754 24911.512969044037
leaf_count=6379 7841 313 9147 2295 675 3068 100 2864 17866 10411 1103 320 235 123755
internal_value=0.000272953 0.0276473 0.00015016 -0.00324733 0.00159998 -0.000201407 -0.0163831 0.000458 0.00556223 -0.000149777 0.00253125 0.015423 -0.0211115 0.000178099
internal_weight=33708 149.528 33558.5 2787.26 2036.6 1958.59 750.66 30771.3 3273.29 27498 3071.72 96.8609 653.799 27259.1
internal_count=186372 8154 178218 15840 12890 12215 2950 162378 21833 140545 18969 420 2530 130134
is_linear=0
shrinkage=0.05


Tree=133
num_leaves=15
num_cat=0
split_feature=0 1 58 11 4 38 1 0 0 13 0 36 0 68
split_gain=47.8798 21.8683 15.8534 13.7975 70.6142 26.3529 16.2257 16.2221 13.6897 13.144 11.8574 14.721 20.1954 12.7221
threshold=12990.500000000002 5.5000000000000009 1.0000000180025095e-35 1.0000000180025095e-35 1.0000000180025095e-35 1.0000000180025095e-35 1.0000000180025095e-35 4679.5000000000009 149.50000000000003 1.0000000180025095e-35 813.50000000000011 1.0000000180025095e-35 912.50000000000011 1.0000000180025095e-35
decision_type=2 2 2 2 2 2 2 2 2 2 2 2 2 2
left_child=2 -2 3 6 5 -5 8 -8 -1 -3 13 -12 -13 -4
right_child=1 9 10 4 -6 -7 7 -9 -10 -11 11 12 -14 -15
leaf_value=0.012156045653830825 0.039779493394156658 0.0088251996597549544 0.0023705551176533618 0.00012271895243822111 0.049907587134185347 0.01341209649885141 -9.9187213829436943e-05 -0.0039484268073847638 -0.0094332225998189703 0.048026579158563787 0.0083267810943458576 0.044979819654863411 -0.022046415450992143 -0.009044341842810338
leaf_weight=79.904950439929962 79.404745488893241 372.35879873670638 1899.979560399428 4090.4641655059531 75.091568143106997 409.4805427538231 21076.954984673997 3144.6587521785405 807.7290788916871 21.771910916548222 1234.3191416752525 12.163150906562803 77.511063553392887 279.06169253587723
leaf_count=189 5169 7325 5103 20733 1382 2023 121036 13221 2749 1727 4325 26 342 790
internal_value=0.00021854 0.0159884 -6.9491e-06 -0.000382393 0.0021427 0.00133472 -0.000842545 -0.000599071 -0.00747826 0.0111068 0.00317372 0.00690375 -0.0125594 0.000905214
internal_weight=33660.9 473.535 33187.3 29684.3 4575.04 4499.94 25109.2 24221.6 887.634 394.131 3503.03 1323.99 89.6742 2179.04
internal_count=186140 14221 171919 161333 24138 22756 137195 134257 2938 9052 10586 4693 368 5893
is_linear=0
shrinkage=0.05


Tree=134
num_leaves=15
num_cat=0
split_feature=0 9 1 1 3 0 0 57 64 13 0 13 60 0
split_gain=42.0301 26.3559 15.6718 95.7315 334.349 17.2811 15.5255 14.8884 15.9001 13.5557 13.2553 30.6186 15.0904 10.7846
threshold=17392.000000000004 1.0000000180025095e-35 22.500000000000004 21.500000000000004 1.0000000180025095e-35 4679.5000000000009 4679.5000000000009 1.0000000180025095e-35 1.0000000180025095e-35 1.0000000180025095e-35 8299.0000000000018 1.0000000180025095e-35 1.0000000180025095e-35 6349.5000000000009
decision_type=2 2 2 2 2 2 2 2 2 2 2 2 2 2
left_child=2 -2 3 10 5 -5 7 -4 -9 13 12 -12 -1 -8
right_child=1 -3 6 4 -6 -7 9 8 -10 -11 11 -13 -14 -15
leaf_value=-0.00026953904620984412 0.040547387036920152 0.0019957209201608406 0.0042527966832126242 -0.030881792003760563 0.052857923625741647 -0.072017043516793222 -0.049824842194766648 -0.0090153293979430022 0.007422531736901646 0.025888228937513049 0.0034423343532837183 0.047106636742313593 -0.0064285588141371258 -0.015691043074239863
leaf_weight=29240.96374956239 102.02050599688664 78.013885712251067 436.59193262644112 97.310657056747004 297.22525121551007 35.433747720671818 37.391624940559268 987.44002062268555 172.05634293705225 11.937651653774081 1065.0617970433086 40.734662395901978 1028.5474175391719 61.970523048192263
leaf_count=146710 9130 387 1185 4937 2562 261 163 2910 458 176 7943 1552 7356 667
internal_value=-8.18441e-05 0.0239452 -0.000211631 3.89568e-05 0.0234441 -0.0423185 -0.00487688 -0.00361007 -0.00657184 -0.0228495 -0.000282526 0.00509192 -0.000479026 -0.0289046
internal_weight=33692.7 180.034 33512.7 31805.3 429.97 132.744 1707.39 1596.09 1159.5 111.3 31375.3 1105.8 30269.5 99.3621
internal_count=186397 9517 176880 171321 7760 5198 5559 4553 3368 1006 163561 9495 154066 830
is_linear=0
shrinkage=0.05


Tree=135
num_leaves=15
num_cat=0
split_feature=0 9 0 16 18 0 4 17 0 4 25 21 36 9
split_gain=37.5523 19.421 36.658 87.6353 234.01 37.8857 229.565 25.4178 24.0762 24.9236 23.8004 15.3674 14.3939 13.909
threshold=18687.000000000004 1.0000000180025095e-35 5846.5000000000009 1.0000000180025095e-35 1.0000000180025095e-35 4679.5000000000009 1.0000000180025095e-35 1.0000000180025095e-35 4679.5000000000009 1.0000000180025095e-35 1.0000000180025095e-35 1.0000000180025095e-35 1.0000000180025095e-35 1.0000000180025095e-35
decision_type=2 2 2 2 2 2 2 2 2 2 2 2 2 2
left_child=1 2 5 4 -4 6 -1 -7 9 12 -5 -10 -3 -2
right_child=13 8 3 10 -6 7 -8 -9 11 -11 -12 -13 -14 -15
leaf_value=-0.00019101985404858859 0.039665404597931664 0.0019733276438150984 0.038656293111732659 -0.0047641942150458303 -0.0089629117089815597 -0.010595584434001033 0.046116745789001184 0.051538817337742793 -0.015567560236103265 0.045252788510609848 0.045916432232740126 0.0042049092498126555 -0.038474488148436972 0.0073341513511285435
leaf_weight=29104.707784161437 79.57554672122933 364.13189738034271 566.5340877417475 1000.0677847075276 472.45469388924539 1000.0960390532855 269.11575696058571 15.759068211540578 567.54463120363653 31.301755718886852 22.719440139830112 118.35554486326873 22.405189213110134 57.578970234841108
leaf_count=150013 7889 2566 9910 3772 2020 3511 3546 87 1927 215 93 379 203 309
internal_value=0.000229338 0.000122228 0.000344156 0.00679427 0.0170148 -9.36591e-05 0.000234796 -0.00958195 -0.00639717 0.00306029 -0.00359466 -0.0121546 -0.000464414 0.0262437
internal_weight=33692.3 33555.2 32451.5 2061.78 1038.99 30389.7 29373.8 1015.86 1103.74 417.839 1022.79 685.9 386.537 137.155
internal_count=186440 178242 172952 15795 11930 157157 153559 3598 5290 2984 3865 2306 2769 8198
is_linear=0
shrinkage=0.05


Tree=136
num_leaves=15
num_cat=0
split_feature=57 3 1 4 1 1 1 1 18 1 28 4 21 4
split_gain=20.5939 18.0397 71.3131 55.0032 22.9789 32.508 18.8273 20.4314 18.4892 17.7754 16.4922 13.3671 12.6424 12.7904
threshold=1.0000000180025095e-35 1.0000000180025095e-35 21.500000000000004 1.0000000180025095e-35 1.5000000000000002 22.500000000000004 22.500000000000004 1.0000000180025095e-35 1.0000000180025095e-35 12.500000000000002 1.0000000180025095e-35 1.0000000180025095e-35 1.0000000180025095e-35 1.0000000180025095e-35
decision_type=2 2 2 2 2 2 2 2 2 2 2 2 2 2
left_child=12 2 8 4 -3 -6 7 -5 10 -10 -2 -4 -1 -14
right_child=1 3 11 6 5 -7 -8 -9 9 -11 -12 -13 13 -15
leaf_value=0.00070800702423312145 -0.0018940704033745003 -0.0053235283966158627 -0.031770230795963604 -0.0026983252245842276 0.0063066172416589867 -0.0041975331826108958 -0.0015215555643305085 0.028204164160136325 -0.014564629351533598 -0.0029025083262045163 0.0018794475872527612 -0.073505815141005251 0.0034992447124389762 0.015406671692696878
leaf_weight=8678.8763065731619 11534.112484904006 1397.417012937367 71.262495466507971 64.282096993178129 1969.0956019889563 1175.5027130581439 99.163535804487765 312.71169444918633 491.54383546020836 972.66785907186568 3865.0577010232955 27.194967441260815 2729.74382072757 244.99131755251437
leaf_count=37005 75319 3892 3783 1232 6518 3261 1422 6972 3381 6400 24788 203 10175 2037
internal_value=-2.67091e-05 -0.000927583 -0.00170669 0.00170569 9.18268e-06 0.00237991 0.0178545 0.0229417 -0.00145763 -0.00682481 -0.00094689 -0.0439212 0.00167237 0.00448476
internal_weight=33633.6 21980 16961.8 5018.17 4542.02 3144.6 476.157 376.994 16863.4 1464.21 15399.2 98.4575 11653.6 2974.74
internal_count=186388 137171 113874 23297 13671 9779 9626 8204 109888 9781 100107 3986 49217 12212
is_linear=0
shrinkage=0.05


Tree=137
num_leaves=15
num_cat=0
split_feature=0 3 1 63 3 1 0 1 1 60 12 28 18 47
split_gain=34.1435 32.1482 30.0389 18.1934 12.5216 57.4935 16.2831 15.3217 15.137 14.4507 10.7308 10.4484 15.081 11.1212
threshold=12392.500000000002 1.0000000180025095e-35 21.500000000000004 1.0000000180025095e-35 1.0000000180025095e-35 21.500000000000004 5846.5000000000009 22.500000000000004 1.5000000000000002 1.0000000180025095e-35 1.0000000180025095e-35 1.0000000180025095e-35 1.0000000180025095e-35 1.0000000180025095e-35
decision_type=2 2 2 2 2 2 2 2 2 2 2 2 2 2
left_child=3 2 10 4 5 9 8 -8 -6 -1 -2 13 -13 -5
right_child=1 -3 -4 11 6 -7 7 -9 -10 -11 -12 12 -14 -15
leaf_value=-0.00095577743973348822 0.0054262418773533784 0.035292465489057533 -0.11970371404338315 0.0026421506338838957 -0.0032865506758113466 -0.038421165056075006 0.01904487521599138 -0.010174035667101768 0.0023561018130612934 -0.0076788831947701107 0.047285780789727339 0.0078134817242780114 -0.012038358076863546 -0.0035288180486933449
leaf_weight=21145.604533235542 362.01500520855188 119.75119414553046 3.7223168089985839 2878.7630434844177 1712.0462368503213 103.2973362468183 218.35612205369398 55.719030288979411 3880.9220601608977 829.69133000727743 15.016671345569192 1207.3174838959239 103.01105961366557 977.1289363829419
leaf_count=120331 6713 7555 19 10425 5048 4678 2531 441 13083 6790 702 4191 421 3614
internal_value=-0.000140154 0.0128084 0.00566304 -0.00033626 -0.000840198 -0.00138578 0.0012128 0.0130893 0.000628568 -0.00120995 0.00721413 0.00238933 0.00624485 0.00107784
internal_weight=33612.4 500.505 380.754 33111.9 27945.6 22078.6 5867.04 274.075 5592.97 21975.3 377.032 5166.22 1310.33 3855.89
internal_count=186542 14989 7434 171553 152902 131799 21103 2972 18131 127121 7415 18651 4612 14039
is_linear=0
shrinkage=0.05


Tree=138
num_leaves=15
num_cat=0
split_feature=0 9 58 4 0 0 3 1 0 1 60 9 0 32
split_gain=33.522 22.7083 15.9781 12.1604 16.3197 13.431 10.7542 80.4027 27.0226 22.0787 15.2635 12.8663 12.6447 8.07724
threshold=17392.000000000004 1.0000000180025095e-35 1.0000000180025095e-35 1.0000000180025095e-35 2465.5000000000005 4515.5000000000009 1.0000000180025095e-35 21.500000000000004 9574.5000000000018 22.500000000000004 1.0000000180025095e-35 1.0000000180025095e-35 1531.5000000000002 1.0000000180025095e-35
decision_type=2 2 2 2 2 2 2 2 2 2 2 2 2 2
left_child=2 -2 6 4 13 -5 7 10 9 -8 -1 -10 -9 -4
right_child=1 -3 3 5 -6 -7 8 12 11 -11 -12 -13 -14 -15
leaf_value=-0.00033126406670745781 0.03896372587125925 0.0022064985310475396 0.0019939735890038795 0.049213356655901291 -0.030374104296841377 0.010007376766253203 0.0028670275596583191 -0.029204732147407493 0.033154288620153287 -0.0039764621648931053 -0.0077743324185374982 -0.0027693720377057998 -0.064617291805821084 0.010252439423082195
leaf_weight=22785.694603957236 92.152829117141664 76.776702221482992 2880.9828404318541 23.199976983480155 36.411789841717109 236.93147125234827 4541.8406293690205 69.864528078585863 96.917709259316325 1590.5097478125244 709.2708325991407 33.239806037396193 41.746043779421598 329.12375102564692
leaf_count=129917 9110 390 7752 388 733 1094 16392 3690 3219 4739 6498 163 1271 846
internal_value=0.000218016 0.0223692 0.000105232 0.00329761 0.00246182 0.0136791 -0.000269653 -0.000758316 0.00157219 0.00109172 -0.000556278 0.0240289 -0.0429064 0.00284362
internal_weight=33544.7 168.93 33375.7 3506.65 3246.52 260.131 29869.1 23606.6 6262.51 6132.35 23495 130.158 111.611 3210.11
internal_count=186202 9500 176702 10813 9331 1482 165889 141376 24513 21131 136415 3382 4961 8598
is_linear=0
shrinkage=0.05


Tree=139
num_leaves=15
num_cat=0
split_feature=0 55 9 23 0 58 1 35 58 0 18 0 21 0
split_gain=29.3812 15.4022 13.5722 12.5644 18.5135 16.7784 12.7678 22.1118 12.0374 9.75189 9.62645 28.8922 33.7892 19.5995
threshold=20738.500000000004 1.0000000180025095e-35 1.0000000180025095e-35 1.0000000180025095e-35 119.50000000000001 1.0000000180025095e-35 19.500000000000004 1.0000000180025095e-35 1.0000000180025095e-35 376.50000000000006 1.0000000180025095e-35 788.50000000000011 1.0000000180025095e-35 5399.5000000000009
decision_type=2 2 2 2 2 2 2 2 2 2 2 2 2 2
left_child=1 10 -2 6 5 -5 9 -8 -6 -3 13 -12 -13 -1
right_child=2 3 -4 4 8 -7 7 -9 -10 -11 11 12 -14 -15
leaf_value=0.00066428294250567451 0.045383038950125847 0.0013726161070316625 0.0058942065773241181 0.016852876947686567 -0.0078821912659103235 -0.035844929036918258 0.0011608656888042199 0.019999981231168459 0.0050811215447486222 -0.0032583855756435133 0.0064562695007294862 -0.010613301304400875 0.006944346518002735 0.0060515981859668071
leaf_weight=21319.638492739759 51.035615565488115 1726.6495709344745 37.977288765832782 141.37429064325988 1670.5754007713404 15.954485684633253 1004.0468956106342 183.38630645931698 199.87894196342677 3324.0128793334588 636.68868891894817 1109.5804522889666 363.00528098572977 1832.4918936400209
leaf_count=109364 5800 8162 216 698 9897 50 5916 1010 624 18714 3023 6968 2094 13900
internal_value=0.000259869 0.000183272 0.0287878 -0.00169007 -0.00510814 0.0113162 -0.000578341 0.00408475 -0.00649494 -0.00167525 0.000796299 -0.00243668 -0.00628341 0.00109093
internal_weight=33616.3 33527.3 89.0129 8265.88 2027.78 157.329 6238.1 1187.43 1870.45 5050.66 25261.4 2109.27 1472.59 23152.1
internal_count=186436 180420 6016 45071 11269 748 33802 6926 10521 26876 135349 12085 9062 123264
is_linear=0
shrinkage=0.05


Tree=140
num_leaves=15
num_cat=0
split_feature=0 9 9 0 16 18 0 11 0 57 69 61 49 21
split_gain=28.6668 21.5857 13.7091 28.9976 82.4045 205.092 26.7952 32.9055 23.436 16.4638 12.3292 20.6678 12.217 12.0859
threshold=18065.500000000004 1.0000000180025095e-35 1.0000000180025095e-35 6349.5000000000009 1.0000000180025095e-35 1.0000000180025095e-35 4679.5000000000009 1.0000000180025095e-35 4515.5000000000009 1.0000000180025095e-35 1.0000000180025095e-35 1.0000000180025095e-35 1.0000000180025095e-35 1.0000000180025095e-35
decision_type=2 2 2 2 2 2 2 2 2 2 2 2 2 2
left_child=2 -2 3 6 5 -5 12 -8 10 -6 -4 -12 -1 -10
right_child=1 -3 8 4 9 -7 7 -9 13 -11 11 -13 -14 -15
leaf_value=-0.00020694514123422767 0.040440808223733526 0.0014631959630951531 9.0675149872646176e-05 0.041513072656003853 0.0073186621185768706 -0.0080942179202173736 -0.0082170346467064764 0.045858798176061005 -0.014281708290326618 -0.0085694219410488975 -0.0046727326528353905 0.050787915854012003 0.0031364543915049269 0.0032891269551193788
leaf_weight=26253.872686430113 75.872226814739406 66.175647048279643 342.33866468979977 433.26395800337195 219.64611936081201 399.97923786286265 1319.0705966164824 27.762484444305301 560.34913293411955 624.80277452850714 32.764676340855658 33.141737656202167 3048.6860084778164 118.12910737050697
leaf_count=137999 8426 347 2439 8915 796 1748 4564 227 1948 2465 194 241 15545 388
internal_value=8.4249e-05 0.0224195 -1.13702e-05 0.000174397 0.00657302 0.0177191 -0.000176056 -0.00706916 -0.00553252 -0.00443307 0.00392759 0.0235585 0.000141003 -0.0112221
internal_weight=33555.9 142.048 33413.8 32327.1 1677.69 833.243 30649.4 1346.83 1086.72 844.449 408.245 65.9064 29302.6 678.478
internal_count=186242 8773 177469 172259 13924 10663 158335 4791 5210 3261 2874 435 153544 2336
is_linear=0
shrinkage=0.05


Tree=141
num_leaves=15
num_cat=0
split_feature=0 9 63 57 9 0 0 47 51 23 22 28 0 37
split_gain=26.2823 19.8126 15.377 12.683 12.1073 25.8628 15.9996 10.876 12.5734 9.71766 8.83413 5.23375 8.94117 8.4588
threshold=18687.000000000004 1.0000000180025095e-35 1.0000000180025095e-35 1.0000000180025095e-35 1.0000000180025095e-35 5846.5000000000009 4679.5000000000009 1.0000000180025095e-35 1.0000000180025095e-35 1.0000000180025095e-35 1.0000000180025095e-35 1.0000000180025095e-35 6911.5000000000009 1.0000000180025095e-35
decision_type=2 2 2 2 2 2 2 2 2 2 2 2 2 2
left_child=2 -2 3 7 5 -5 -6 10 -9 -3 -1 12 -4 -13
right_child=1 9 11 4 6 -7 -8 8 -10 -11 -12 13 -14 -15
leaf_value=0.0012415809693333911 0.041302949819467839 0.01899829057695902 0.001085435807047729 -0.0015672545035714113 0.0030136381482273236 0.005645057379284819 -0.01348061934277589 0.0023731247233536906 0.01261478665946726 -0.02109506202645399 -0.0023667393573179535 0.0037901068835816359 0.013658973331039981 0.016545535137045552
leaf_weight=4850.3159331048373 66.558078637113795 34.02747212536633 3735.9152532129083 16110.542665061308 221.32535556587391 1345.9236268575769 435.08525902591646 2262.7024167990312 344.57891889405437 25.588489370420575 2607.2337517850101 1175.1690852076281 145.96692861639895 145.33251721831039
leaf_count=20197 7844 214 13351 102595 1937 10665 1508 9298 1339 109 11116 4307 1131 490
internal_value=7.6494e-05 0.0227635 -9.9403e-06 -0.000471078 -0.0012618 -0.00101088 -0.00792304 0.000951908 0.00373098 0.00172523 -2.0072e-05 0.00248733 0.00156162 0.00520541
internal_weight=33506.3 126.174 33380.1 28177.7 18112.9 17456.5 656.411 10064.8 2607.28 59.616 7457.55 5202.38 3881.88 1320.5
internal_count=186101 8167 177934 158655 116705 113260 3445 41950 10637 323 31313 19279 14482 4797
is_linear=0
shrinkage=0.05


Tree=142
num_leaves=15
num_cat=0
split_feature=0 58 1 63 28 0 50 16 9 0 4 0 0 40
split_gain=27.8702 14.2211 14.9853 13.1245 17.6477 11.6913 11.8901 11.5109 10.9936 9.47059 8.91763 19.0063 14.2643 7.17502
threshold=18687.000000000004 1.0000000180025095e-35 1.0000000180025095e-35 1.0000000180025095e-35 1.0000000180025095e-35 149.50000000000003 1.0000000180025095e-35 1.0000000180025095e-35 1.0000000180025095e-35 24824.500000000004 1.0000000180025095e-35 2465.5000000000005 4515.5000000000009 1.0000000180025095e-35
decision_type=2 2 2 2 2 2 2 2 2 2 2 2 2 2
left_child=1 2 5 7 -5 -1 -7 -4 -2 -10 11 13 -12 -3
right_child=8 10 3 4 -6 6 -8 -9 9 -11 12 -13 -14 -15
leaf_value=0.0085668619022840394 0.037765150028813178 0.0017738933103622714 -0.00045086323182838025 0.00022985652503138105 0.0072759686162664639 -0.010666595331936807 0.0044127606363487696 -0.003737067670218067 0.016993569766231651 -0.033385547561963672 0.049079720007008935 -0.033590434714240683 0.0079679436850190726 0.010650343661373823
leaf_weight=115.48662415146828 63.460011705756187 2979.7689244393259 21070.023282438051 3482.4189568420406 1192.1327752158977 803.34427759610116 155.51770203793421 3049.6621405661572 50.618157051503658 10.423288865014909 22.306519191712141 35.998188644181937 231.1802278587129 245.57374013587832
leaf_count=279 7809 8025 128511 13296 4362 2950 528 17412 237 86 388 727 1173 627
internal_value=-0.000170549 -0.000258955 -0.000612992 -0.000396552 0.00202797 -0.00640817 -0.00821883 -0.000866504 0.0233475 0.0079915 0.00274893 0.00204481 0.0117644 0.00245283
internal_weight=33507.9 33383.4 29868.6 28794.2 4674.55 1074.35 958.862 24119.7 124.501 61.0414 3514.83 3261.34 253.487 3225.34
internal_count=186410 178278 167338 163581 17658 3757 3478 145923 8132 323 10940 9379 1561 8652
is_linear=0
shrinkage=0.05


Tree=143
num_leaves=15
num_cat=0
split_feature=0 3 1 12 13 1 57 55 0 11 1 47 18 0
split_gain=23.8154 38.357 37.6685 26.7877 26.5392 18.3192 14.9151 11.5375 14.605 15.8104 12.2334 11.2647 10.9744 25.0198
threshold=8299.0000000000018 1.0000000180025095e-35 21.500000000000004 1.0000000180025095e-35 1.0000000180025095e-35 22.500000000000004 1.0000000180025095e-35 1.0000000180025095e-35 1965.5000000000002 1.0000000180025095e-35 20.500000000000004 1.0000000180025095e-35 1.0000000180025095e-35 2238.5000000000005
decision_type=2 2 2 2 2 2 2 2 2 2 2 2 2 2
left_child=6 2 3 4 -2 -3 7 11 10 -10 -9 -1 -8 -14
right_child=1 5 -4 -5 -6 -7 12 8 9 -11 -12 -13 13 -15
leaf_value=0.0012718734720954645 0.000948847376048711 0.032611902593985533 -0.087943173330546631 0.048176315616605868 0.043894228425378191 -0.0021645999802254487 -0.00047268877650499846 -0.0012329969942110189 -0.013021012272171242 0.035541914067374017 0.01015626828207844 0.0054099183269151977 -0.00023912359437076714 -0.012988489290398253
leaf_weight=6375.5678188744932 1017.6246448853053 181.13887262041681 10.290746599435804 32.066276792436838 36.295009383466095 47.656890249811113 19187.63021779526 2101.5055771023035 347.04614968947135 16.66140036447905 264.55344405304641 2215.8126131673343 1108.1094073029235 588.57068093470298
leaf_count=24884 8087 8152 63 918 1855 1328 111010 7410 2260 110 1114 8421 6194 4587
internal_value=0.000248975 0.00681576 0.00291961 0.00386074 0.00246801 0.0253903 -2.14143e-05 0.00143996 -0.00139138 -0.010705 4.42105e-05 0.00233963 -0.000813639 -0.00466687
internal_weight=33530.5 1325.07 1096.28 1085.99 1053.92 228.796 32205.5 11321.1 2729.77 363.708 2366.06 8591.38 20884.3 1696.68
internal_count=186393 20403 10923 10860 9942 9480 165990 44199 10894 2370 8524 33305 121791 10781
is_linear=0
shrinkage=0.05


Tree=144
num_leaves=15
num_cat=0
split_feature=0 3 0 63 12 0 0 1 25 0 28 0 70 33
split_gain=23.4141 16.1938 30.7167 13.4915 13.5686 38.188 36.9879 12.5345 8.60219 10.346 7.68604 11.0174 11.0773 9.99439
threshold=13575.500000000002 1.0000000180025095e-35 26368.500000000004 1.0000000180025095e-35 1.0000000180025095e-35 7220.5000000000009 2000.5000000000002 21.500000000000004 1.0000000180025095e-35 36.500000000000007 1.0000000180025095e-35 1077.5000000000002 1.0000000180025095e-35 1.0000000180025095e-35
decision_type=2 2 2 2 2 2 2 2 2 2 2 2 2 2
left_child=3 2 7 4 8 6 -6 -2 -1 -10 -5 12 -12 -13
right_child=1 -3 -4 10 5 -7 -8 -9 9 -11 11 13 -14 -15
leaf_value=-0.00042761118882083396 0.0097611763454606825 0.031949114410519973 -0.14348914977473945 0.0010905791137730794 -0.0019327136923561782 0.041705558594186579 -0.017604727333433587 -0.090046672192115124 -0.036541248983134877 0.004285023044263812 0.0061890076866345234 0.00047885389162573343 0.021499666000199449 -0.034053136302481461
leaf_weight=24212.861631368753 271.28462559217587 82.873984012054279 2.3609038684517136 3845.9394002796616 1967.3706314293668 43.705285048112273 464.6788965552114 2.1901178881525984 14.720127918757496 1259.8240131950006 783.36772901564837 376.49585799872875 138.51363543234766 21.186662061139941
leaf_count=131464 6547 7035 13 14081 10141 579 4804 11 82 6865 2478 1648 402 125
internal_value=1.13088e-05 0.0126991 0.00682103 -0.000126451 -0.000560141 -0.00409325 -0.00493309 0.00863671 -0.0002168 0.00378523 0.00222096 0.00551219 0.00851025 -0.00144165
internal_weight=33487.4 358.71 275.836 33128.7 27963.2 2475.75 2432.05 273.475 25487.4 1274.54 5165.5 1319.56 921.881 397.683
internal_count=186275 13606 6571 172669 153935 15524 14945 6558 138411 6947 18734 4653 2880 1773
is_linear=0
shrinkage=0.05


Tree=145
num_leaves=15
num_cat=0
split_feature=0 3 0 0 4 0 0 0 31 5 9 0 9 0
split_gain=24.0698 18.6118 38.1894 15.0379 69.4876 242.877 70.3631 13.1848 15.2696 13.5784 9.47583 8.91899 8.15375 6.48451
threshold=21467.500000000004 1.0000000180025095e-35 9574.5000000000018 2154.5000000000005 1.0000000180025095e-35 4515.5000000000009 2514.5000000000005 1610.5000000000002 1.0000000180025095e-35 1.0000000180025095e-35 1.0000000180025095e-35 24824.500000000004 1.0000000180025095e-35 610.50000000000011
decision_type=2 2 2 2 2 2 2 2 2 2 2 2 2 2
left_child=1 3 13 7 6 -6 -5 9 -9 -1 -2 -12 -4 -3
right_child=10 2 12 4 5 -7 -8 8 -10 -11 11 -13 -14 -15
leaf_value=-0.00015745431189827044 0.046163650142278162 3.9238503710681434e-05 0.034934701592356614 -0.0072367232706539207 0.051731074351346829 -0.0033639836898712084 -0.036610241040222438 0.0023347561928794822 0.01871467952419421 -0.0037999532963438084 0.025895090823836939 -0.028977235635801638 0.0085203480287914506 0.0031849277815413808
leaf_weight=17266.998892274685 36.609504861291498 3495.9640453755856 102.74008343392052 843.41932965721935 212.04974936880171 3272.9598042822909 268.18715379014611 1696.8199091833085 154.35468596313149 3002.607366848737 22.742009565234184 9.817301878705619 41.77185688354075 3082.0782642420381
leaf_count=91293 5178 10126 5114 4778 2427 16342 12562 8895 803 15996 120 81 243 12506
internal_value=-0.000215949 -0.000277325 0.00207408 -0.000869033 -0.00347095 2.22175e-06 -0.0143499 -0.000328232 0.00370991 -0.000697191 0.0290377 0.0089795 0.0274105 0.00151338
internal_weight=33509.1 33440 6722.55 26717.4 4596.62 3485.01 1111.61 22120.8 1851.17 20269.6 69.1688 32.5593 144.512 6578.04
internal_count=186464 181085 27989 153096 36109 18769 17340 116987 9698 107289 5379 201 5357 22632
is_linear=0
shrinkage=0.05


Tree=146
num_leaves=15
num_cat=0
split_feature=9 0 21 0 16 18 0 4 10 69 16 0 21 38
split_gain=18.4392 44.7071 18.4367 16.0123 60.2813 192.477 35.4828 206.99 27.5529 16.0078 15.6518 15.5562 15.4857 14.5235
threshold=1.0000000180025095e-35 14789.500000000002 1.0000000180025095e-35 5846.5000000000009 1.0000000180025095e-35 1.0000000180025095e-35 4679.5000000000009 1.0000000180025095e-35 1.0000000180025095e-35 1.0000000180025095e-35 1.0000000180025095e-35 5027.5000000000009 1.0000000180025095e-35 1.0000000180025095e-35
decision_type=2 2 2 2 2 2 2 2 2 2 2 2 2 2
left_child=1 3 11 6 5 -5 7 -1 -8 -4 -3 13 -6 -2
right_child=2 10 9 4 12 -7 8 -9 -10 -11 -12 -13 -14 -15
leaf_value=-5.1942913770925081e-05 0.0029807049041566122 0.039931241724772748 -0.00027859473963574226 0.036163802677545778 0.0004093723916930901 -0.0090056046720993262 -0.010305529862436517 0.045882098921659793 0.049863566761702102 0.03109483807831075 0.00221972808524333 -0.014072664803347594 -0.012972359650829927 -0.039686888589144091
leaf_weight=28931.296100281761 276.69067429727875 95.278900827979669 228.28834059322253 474.32312905974686 668.25742620415986 467.48481882363558 996.98077257419936 246.35309442691505 18.420457903295755 48.464088617824018 38.694956204853952 599.08907361328602 318.54637673869729 20.487309714779258
leaf_count=149599 1953 10227 1196 6909 2276 1721 3525 3497 90 241 1424 2132 1100 185
internal_value=0.000196414 0.000420433 -0.00595876 0.000299761 0.00471556 0.0137573 1.75499e-05 0.000337447 -0.00916601 0.0053076 0.0291364 -0.00943967 -0.00391909 -8.40119e-05
internal_weight=33428.7 32255.6 1173.02 32121.7 1928.61 941.808 30193.1 29177.6 1015.4 276.752 133.974 896.267 986.804 297.178
internal_count=186075 180368 5707 168717 12006 8630 156711 153096 3615 1437 11651 4270 3376 2138
is_linear=0
shrinkage=0.05


Tree=147
num_leaves=15
num_cat=0
split_feature=0 18 0 4 21 0 22 4 0 0 11 0 15 52
split_gain=18.8495 15.7259 40.9313 55.3314 40.8538 36.8092 28.2303 18.5614 161.525 108.068 63.6143 15.7641 10.9292 8.02439
threshold=20041.500000000004 1.0000000180025095e-35 4679.5000000000009 1.0000000180025095e-35 1.0000000180025095e-35 2154.5000000000005 1.0000000180025095e-35 1.0000000180025095e-35 4515.5000000000009 2514.5000000000005 1.0000000180025095e-35 5846.5000000000009 1.0000000180025095e-35 1.0000000180025095e-35
decision_type=2 2 2 2 2 2 2 2 2 2 2 2 2 2
left_child=1 7 3 5 6 -3 -4 9 -9 12 -10 -6 -1 -11
right_child=-2 2 4 -5 11 -7 -8 8 10 13 -12 -13 -14 -15
leaf_value=0.00072541843804077067 0.023006863658164584 0.001402579678535733 -0.025937529278826463 0.04427567912117323 -0.011131713602172827 -0.018802442874007761 -0.0041861174102305982 0.051183366731057271 0.00030558963541225671 -0.03806494479123014 0.049378718109368475 0.029906541581893927 -0.0023758793154935527 -0.0070207855259103091
leaf_weight=24045.0956478226 89.594825545558706 1689.5732715474442 411.66172812669538 67.975289110094309 35.009192300960422 259.09712241496891 234.31298053171486 171.3780926996842 2932.4391785995103 196.14662984467577 66.561835829401389 67.053517743013799 3220.383336706087 23.843126598047093
leaf_count=114767 6708 8162 1615 659 111 4028 965 2927 17885 9314 2246 375 15557 1091
internal_value=0.00023071 0.000168965 -0.00344199 0.000264977 -0.0134227 -0.00129217 -0.0180664 0.000494718 0.00411664 7.68039e-05 0.00141085 0.0158583 0.000359044 -0.0347473
internal_weight=33510.1 33420.5 2764.68 2016.65 748.037 1948.67 645.975 30655.8 3170.38 27485.5 2999 102.063 27265.5 219.99
internal_count=186410 179702 15915 12849 3066 12190 2580 163787 23058 140729 20131 486 130324 10405
is_linear=0
shrinkage=0.05


Tree=148
num_leaves=15
num_cat=0
split_feature=0 9 0 46 3 4 0 0 55 0 6 66 5 62
split_gain=16.4366 16.2521 13.8295 26.4937 16.3433 22.0521 24.1653 21.794 21.7407 21.7297 13.9412 16.7052 13.5345 12.4255
threshold=18687.000000000004 1.0000000180025095e-35 104.50000000000001 1.0000000180025095e-35 1.0000000180025095e-35 1.0000000180025095e-35 2514.5000000000005 4679.5000000000009 1.0000000180025095e-35 530.50000000000011 1.0000000180025095e-35 1.0000000180025095e-35 1.0000000180025095e-35 1.0000000180025095e-35
decision_type=2 2 2 2 2 2 2 2 2 2 2 2 2 2
left_child=2 -2 3 10 8 6 -6 -7 -4 -10 11 -1 13 -5
right_child=1 -3 4 12 5 7 -8 -9 9 -11 -12 -13 -14 -15
leaf_value=0.0048828439132599785 0.038399976609959557 0.0005612733481827328 -6.1544176689912829e-05 -0.017653949094814301 0.0012471446394144957 0.047009378682684802 -0.049183814906113316 0.0087064469331381619 3.6000331072403854e-05 -0.0060044571769254347 0.011759510938345898 -0.013421841679052955 -0.047896598363561034 0.010468907400395456
leaf_weight=977.46958089526743 54.290630343835801 58.361672228202224 18971.627779703471 117.02712361793965 5679.7173465192318 39.150932427961379 22.854179613292217 510.35104553261772 2552.3242145515978 3572.2592362312134 649.67015217524022 141.86369562987238 23.771085174754262 58.061517650261521
leaf_count=4596 7805 330 107841 609 16370 1193 936 6928 13646 21964 2984 713 136 234
internal_value=-7.8907e-06 0.0189743 -7.26431e-05 0.00399215 -0.000327926 0.00195919 0.00103644 0.0115159 -0.000897758 -0.0034876 0.00593885 0.00255301 -0.0132682 -0.00832158
internal_weight=33428.8 112.652 33316.1 1967.86 31348.3 6252.07 5702.57 549.502 25096.2 6124.58 1769 1119.33 198.86 175.089
internal_count=186285 8135 178150 9272 168878 25427 17306 8121 143451 35610 8293 5309 979 843
is_linear=0
shrinkage=0.05


Tree=149
num_leaves=15
num_cat=0
split_feature=0 63 0 10 17 0 55 49 9 0 70 30 10 61
split_gain=24.2513 9.24141 11.9407 67.2488 65.6673 13.2083 17.3913 14.2083 6.99931 8.55021 5.97947 7.77413 6.49887 5.70875
threshold=20041.500000000004 1.0000000180025095e-35 2238.5000000000005 1.0000000180025095e-35 1.0000000180025095e-35 1827.5000000000002 1.0000000180025095e-35 1.0000000180025095e-35 1.0000000180025095e-35 24824.500000000004 1.0000000180025095e-35 1.0000000180025095e-35 1.0000000180025095e-35 1.0000000180025095e-35
decision_type=2 2 2 2 2 2 2 2 2 2 2 2 2 2
left_child=1 2 5 4 -4 7 -7 -1 -2 13 -3 12 -12 -10
right_child=8 10 3 -5 -6 6 -8 -9 9 -11 11 -13 -14 -15
leaf_value=-0.00097255374309105887 0.040691620324931684 0.00089688707457433571 -0.0045395700453302792 0.049539238917212236 0.049649975286112064 0.0077693608637808866 -0.0054288016287551213 0.0031616070840702992 0.047311832270008604 -0.025576466176391338 0.0051798362782887099 -0.018304816216484044 0.021007924305738699 0.006395036156684613
leaf_weight=20031.184762843885 41.324865322792903 4411.1785874024499 4253.5952701007482 58.852720986586064 55.655506258830428 1020.7364910403267 329.49361130036414 2317.8970079179853 14.106941025704144 10.632730215787886 658.34733969345689 31.386506558628753 71.149565428961068 20.41792980954051
leaf_count=102208 6416 16557 37297 1245 1191 5093 1695 11475 65 81 2426 126 226 105
internal_value=-0.000269183 -0.000338367 -0.00069626 -0.00309813 -0.00382834 -0.000253452 0.00454701 -0.000543664 0.0260218 0.0120063 0.00160358 0.00569404 0.00675023 0.0239749
internal_weight=33326 33239.5 28067.4 4368.1 4309.25 23699.3 1350.23 22349.1 86.4825 45.1576 5172.06 760.883 729.497 34.5249
internal_count=186206 179539 160204 39733 38488 120471 6788 113683 6667 251 19335 2778 2652 170
is_linear=0
shrinkage=0.05


Tree=150
num_leaves=15
num_cat=0
split_feature=0 1 1 3 0 57 0 64 0 5 39 1 52 15
split_gain=16.9712 12.6372 99.4848 288.612 14.8858 13.073 16.2947 15.1144 12.1619 10.7018 17.2614 10.8653 8.11303 7.89433
threshold=20041.500000000004 22.500000000000004 21.500000000000004 1.0000000180025095e-35 1531.5000000000002 1.0000000180025095e-35 2369.5000000000005 1.0000000180025095e-35 1827.5000000000002 1.0000000180025095e-35 1.0000000180025095e-35 1.0000000180025095e-35 1.0000000180025095e-35 1.0000000180025095e-35
decision_type=2 2 2 2 2 2 2 2 2 2 2 2 2 2
left_child=1 2 9 4 -4 6 12 13 -9 11 -11 -1 -3 -7
right_child=-2 5 3 -5 -6 7 -8 8 -10 10 -12 -13 -14 -15
leaf_value=-0.0048626800681377596 0.022202104599695835 0.0076823565265747009 -0.026805124208558219 0.052655717821889658 -0.064524967759758745 -0.0076337293746220865 -0.030531299808466025 0.011568500432438022 -0.026003488394346803 -0.0034457142020816126 0.0058705515176077985 0.00050997601008778736 -0.016050471296697243 -0.021592103402907955
leaf_weight=975.85792783182114 85.437961012357846 395.73943831026554 75.037276444025338 279.28181962878443 41.616887467214838 944.3793125981465 32.746647021267563 156.85046555101871 23.98126733629033 4034.575039712945 566.1454743493814 25659.145480097039 38.670552134513855 112.98848433932289
leaf_count=3443 6804 947 3892 2753 1321 3268 430 369 210 21697 3022 137783 105 398
internal_value=7.56576e-05 1.82864e-05 0.000244378 0.0251184 -0.0406959 -0.00417304 0.00294951 -0.0068605 0.00647023 -7.17127e-05 -0.00229827 0.000312957 0.00553768 -0.00914429
internal_weight=33422.5 33337 31631.7 395.936 116.654 1705.36 467.157 1238.2 180.832 31235.7 4600.72 26635 434.41 1057.37
internal_count=186442 179638 173911 7966 5213 5727 1482 4245 579 165945 24719 141226 1052 3666
is_linear=0
shrinkage=0.05


Tree=151
num_leaves=15
num_cat=0
split_feature=58 9 0 0 61 65 0 0 4 31 0 21 42 42
split_gain=15.5675 18.0256 34.2655 16.1919 13.3249 11.5196 10.9859 10.8294 24.0587 22.1927 12.9579 18.4568 12.3157 9.67865
threshold=1.0000000180025095e-35 1.0000000180025095e-35 14789.500000000002 1476.5000000000002 1.0000000180025095e-35 1.0000000180025095e-35 8299.0000000000018 4679.5000000000009 1.0000000180025095e-35 1.0000000180025095e-35 10575.000000000002 1.0000000180025095e-35 1.0000000180025095e-35 1.0000000180025095e-35
decision_type=2 2 2 2 2 2 2 2 2 2 2 2 2 2
left_child=1 2 4 13 5 -1 -6 8 9 -3 12 -12 -9 -2
right_child=3 7 -4 -5 6 -7 -8 10 -10 -11 11 -13 -14 -15
leaf_value=0.00048284574551341595 0.0027772355298090641 -0.0077008915172317302 0.026938086194799517 0.0098462873897257452 -0.0013016375932604503 0.0045690231725914266 0.0068537487207426017 -0.019686656656990979 0.044870179693154974 0.034464611597870579 -0.0061087895438656824 0.037704094123147638 0.0035503043569013767 -0.0056914414288701219
leaf_weight=11666.062691617873 2393.2422615513206 303.37352307408582 117.17796957097016 752.65152424527332 14568.013822824694 2023.1317165247165 424.00440646614879 345.8600894222036 26.963798483833671 33.7786621497944 231.16010983288288 25.815636770799756 67.907879412174225 391.77135635912418
leaf_count=55632 6407 2380 11012 3803 89186 9458 4152 1262 192 214 818 126 223 1099
internal_value=0.000208783 -0.000163139 6.99488e-05 0.00334437 -4.07572e-05 0.00108703 -0.00107055 -0.00664337 0.000299703 -0.00338698 -0.0104073 -0.00157828 -0.0158736 0.00158432
internal_weight=33370.9 29833.3 28798.4 3537.67 28681.2 13689.2 14992 1034.86 364.116 337.152 670.744 256.976 413.768 2785.01
internal_count=185964 174655 169440 11309 158428 65090 93338 5215 2786 2594 2429 944 1485 7506
is_linear=0
shrinkage=0.05


Tree=152
num_leaves=15
num_cat=0
split_feature=4 0 0 14 11 17 57 63 0 0 47 55 18 25
split_gain=18.7934 213.451 134.674 65.1869 67.185 67.4693 11.7663 11.1244 12.6191 12.5369 9.22073 17.1183 13.6307 5.33505
threshold=1.0000000180025095e-35 4515.5000000000009 2514.5000000000005 1.0000000180025095e-35 1.0000000180025095e-35 1.0000000180025095e-35 1.0000000180025095e-35 1.0000000180025095e-35 2281.5000000000005 1761.5000000000002 1.0000000180025095e-35 1.0000000180025095e-35 1.0000000180025095e-35 1.0000000180025095e-35
decision_type=2 2 2 2 2 2 2 2 2 2 2 2 2 2
left_child=2 -2 6 4 5 -3 10 8 -8 -9 12 -12 -1 -5
right_child=1 3 -4 13 -6 -7 7 9 -10 -11 11 -13 -14 -15
leaf_value=-0.00018707564420337452 0.051321332293167835 -0.0021394858564916038 -0.035515143212652034 0.053429468027260223 0.048554218519952612 0.051630851275875328 -0.0011945560810268806 0.00071889207430697241 -0.010641880573369388 0.010720437136533258 0.0059762464569232399 -0.0033625774571224053 0.0082728385433908352 -0.0053676156339248354
leaf_weight=7239.6996823102236 217.12412602314726 3661.8946069399826 269.8649157078471 60.829644527751952 67.875167324906215 58.284026754554361 14944.529089501128 2978.1826762966812 361.05357326380908 349.19190123677254 2064.6424714419991 642.86686324514449 508.64547448325902 3.9296635263599446
leaf_count=25899 3532 23841 13419 1083 3313 1735 88875 10012 2289 1124 7129 2328 1767 49
internal_value=1.9478e-05 0.00320315 -0.000421963 0.000478855 -0.000377837 -0.00128342 -9.51842e-05 -0.000848466 -0.0014181 0.00177141 0.00124716 0.00375843 0.000369277 0.0498342
internal_weight=33428.6 4069.94 29358.7 3852.81 3788.05 3720.18 29088.8 18633 15305.6 3327.37 10455.9 2707.51 7748.35 64.7593
internal_count=186395 33553 152842 30021 28889 25576 139423 102300 91164 11136 37123 9457 27666 1132
is_linear=0
shrinkage=0.05


Tree=153
num_leaves=15
num_cat=0
split_feature=0 13 0 11 15 14 14 10 17 12 57 60 0 31
split_gain=15.7122 61.5279 43.5697 42.3677 42.17 41.5913 36.3454 28.9809 29.4364 7.36636 8.6413 11.3267 8.4045 12.9053
threshold=6085.5000000000009 1.0000000180025095e-35 4679.5000000000009 1.0000000180025095e-35 1.0000000180025095e-35 1.0000000180025095e-35 1.0000000180025095e-35 1.0000000180025095e-35 1.0000000180025095e-35 1.0000000180025095e-35 1.0000000180025095e-35 1.0000000180025095e-35 1476.5000000000002 1.0000000180025095e-35
decision_type=2 2 2 2 2 2 2 2 2 2 2 2 2 2
left_child=2 3 9 4 5 -2 7 8 -4 10 -1 -12 13 -11
right_child=1 -3 6 -5 -6 -7 -8 -9 -10 12 11 -13 -14 -15
leaf_value=0.0015109154656716601 -0.0012431444844888107 0.037282106834033289 -0.012256122651387922 0.049715191902253444 0.035906063908140107 0.049593732788155015 0.050732132694458143 0.049462039399385094 0.051161897700742143 -0.0020275905233969709 -0.00013163758414061418 -0.0075961389270944608 -0.0074317884738680524 0.012612948673085872
leaf_weight=9633.5178139833733 2181.4017301255371 129.0403747940436 1249.6578816208057 44.523299751104787 82.414530325913802 39.988859177101403 23.803361350670457 18.938857950270176 17.602402245625854 1912.1850927509367 16731.179217970232 523.13258792390116 638.78077728813514 162.37703805509955
leaf_count=37356 14716 4078 4419 3149 2165 1046 73 106 119 9283 98232 4908 6139 781
internal_value=-2.71328e-05 0.0038034 -0.000334243 0.00194866 0.00100435 -0.000306089 -0.00925394 -0.0104026 -0.0113356 6.07986e-05 0.000311392 -0.000358381 -0.00242166 -0.000876143
internal_weight=33388.5 2477.37 30911.2 2348.33 2303.81 2221.39 1310 1286.2 1267.26 29601.2 26887.8 17254.3 2713.34 2074.56
internal_count=186570 25154 161416 21076 17927 15762 4717 4644 4538 156699 140496 103140 16203 10064
is_linear=0
shrinkage=0.05


Tree=154
num_leaves=15
num_cat=0
split_feature=0 13 12 11 10 57 9 0 1 50 61 0 5 40
split_gain=19.2012 33.1452 34.9876 22.9538 22.0121 13.8195 14.7716 24.9517 15.8509 12.3711 11.6865 11.0389 9.32581 8.87634
threshold=7906.5000000000009 1.0000000180025095e-35 1.0000000180025095e-35 1.0000000180025095e-35 1.0000000180025095e-35 1.0000000180025095e-35 1.0000000180025095e-35 5399.5000000000009 8.5000000000000018 1.0000000180025095e-35 1.0000000180025095e-35 667.50000000000011 1.0000000180025095e-35 1.0000000180025095e-35
decision_type=2 2 2 2 2 2 2 2 2 2 2 2 2 2
left_child=5 2 3 4 -2 13 9 11 -9 10 -7 -8 -11 -1
right_child=1 -3 -4 -5 -6 6 7 8 -10 12 -12 -13 -14 -15
leaf_value=0.00061358951316863464 0.00073774139068022437 0.044834631689745746 0.046833515560058832 0.048401451526693319 0.048587217326057947 0.00089280685939656639 -0.038345817292442325 0.0039391568428815008 -0.035065759900757699 -0.0027612407720669896 -0.0017150328502341225 0.00032958146115614936 -0.010676748217004277 0.0057822631445687556
leaf_weight=10308.565171705675 1281.9549769521691 50.74048682814464 45.215362290386111 25.779123335843906 23.495261788368225 8465.1403611634159 18.634982585906982 33.097865641117096 118.0772248506546 2526.9127491053659 8720.6920005923603 305.43642850837205 435.67524190130644 902.48271080339327
leaf_count=40412 11023 3733 1906 2885 1534 41427 117 120 467 14950 59131 2320 2646 3493
internal_value=-0.000128309 0.00554339 0.00406348 0.00257673 0.00163546 -0.000382744 -0.0011508 -0.00985444 -0.0265564 -0.00094503 -0.000430525 -0.00200548 -0.0039285 0.00103014
internal_weight=33261.9 1427.19 1376.44 1331.23 1305.45 31834.7 20623.7 475.247 151.175 20148.4 17185.8 324.071 2962.59 11211
internal_count=186164 21081 17348 15442 12557 165083 121178 3024 587 118154 100558 2437 17596 43905
is_linear=0
shrinkage=0.05


Tree=155
num_leaves=15
num_cat=0
split_feature=4 14 11 10 17 64 1 31 57 62 1 1 3 5
split_gain=14.2504 59.0338 60.341 61.7131 58.8519 10.8377 23.0691 12.9763 13.0242 9.68373 9.12446 96.0735 129.69 10.6829
threshold=1.0000000180025095e-35 1.0000000180025095e-35 1.0000000180025095e-35 1.0000000180025095e-35 1.0000000180025095e-35 1.0000000180025095e-35 20.500000000000004 1.0000000180025095e-35 1.0000000180025095e-35 1.0000000180025095e-35 22.500000000000004 21.500000000000004 1.0000000180025095e-35 1.0000000180025095e-35
decision_type=2 2 2 2 2 2 2 2 2 2 2 2 2 2
left_child=5 2 3 4 -2 10 7 9 -9 -7 11 -1 -13 -12
right_child=1 -3 -4 -5 -6 6 -8 8 -10 -11 13 12 -14 -15
leaf_value=-0.00081002756149780491 -0.00030072239129050435 0.050576812527215555 0.048382222637243524 0.050675657266434804 0.051186072629531121 -0.0019638587108537467 0.011758778704334828 0.024029289768562053 0.0026055714730835451 0.0040231333070457438 -0.0065930001957410465 -0.026072156673209376 0.052509462854815364 0.0055765847635960127
leaf_weight=23446.26260605827 3754.7458152568433 62.807115089381114 68.171592335449532 61.183773566735908 55.334635677747428 2399.9056630479172 532.16438760934398 111.28561061434448 193.43857603706419 938.78324823454022 1148.318017533049 72.941289075301029 181.85175700485706 213.10285790171474
leaf_count=121758 25071 1167 3534 1862 1800 12794 2896 381 1126 4318 3214 4292 1220 562
internal_value=6.96824e-05 0.00286746 0.00209418 0.00126678 0.000460266 -0.000313376 0.00204473 0.000623036 0.0104825 -0.000279717 -0.000706318 -0.000477566 0.0299994 -0.0046854
internal_weight=33240.3 4002.24 3939.44 3871.26 3810.08 29238.1 4175.58 3643.41 304.724 3338.69 25062.5 23701.1 254.793 1361.42
internal_count=185995 33434 32267 28733 26871 152561 21515 18619 1507 17112 131046 127270 5512 3776
is_linear=0
shrinkage=0.05


Tree=156
num_leaves=15
num_cat=0
split_feature=0 58 10 0 0 17 0 11 1 0 0 3 0 47
split_gain=12.5469 10.8582 14.1586 50.8742 13.814 12.3542 47.4239 12.8508 11.9686 9.80125 8.90025 23.7395 8.46198 9.65079
threshold=22147.500000000004 1.0000000180025095e-35 1.0000000180025095e-35 1531.5000000000002 1312.5000000000002 1.0000000180025095e-35 2781.5000000000005 1.0000000180025095e-35 15.500000000000002 1610.5000000000002 26368.500000000004 1.0000000180025095e-35 1227.5000000000002 1.0000000180025095e-35
decision_type=2 2 2 2 2 2 2 2 2 2 2 2 2 2
left_child=1 2 5 8 12 7 -7 -1 -4 -5 -2 -12 13 -3
right_child=10 4 3 9 -6 6 -8 -9 -10 -11 11 -13 -14 -15
leaf_value=-0.0015633201544019385 0.034917860387823615 -0.00064734820219004277 0.0049342483286233928 0.076459991539946537 0.0080365855161964542 0.0016792241478208688 0.050855178095987857 0.0013824758938813179 -0.0021808249232560914 0.03145122194649607 -0.12924460513342759 0.027992617197751181 -0.018183225590530361 0.0062160008065167355
leaf_weight=20060.114676058758 40.600756272440776 1891.8528952933848 1351.8025301024318 14.211805358529089 873.94568786746822 2470.3900393052027 49.021872272249311 4539.2939772822428 1048.8656891221181 81.118044937262312 2.3073448929935676 7.8822665060870349 56.494691098108888 701.25655382499099
leaf_count=117218 3376 5165 6281 51 3914 12343 1342 25421 5713 1546 12 1326 165 1839
internal_value=4.21537e-06 -3.42156e-05 -0.000346433 0.00325643 0.00258928 -0.000678146 0.00265587 -0.0010197 0.00182602 0.0388852 0.0245951 -0.0159808 0.00079018 0.00121039
internal_weight=33189.2 33138.4 29614.8 2496 3523.55 27118.8 2519.41 24599.4 2400.67 95.3299 50.7904 10.1896 2649.6 2593.11
internal_count=185712 180998 169915 13591 11083 156324 13685 142639 11994 1597 4714 1338 7169 7004
is_linear=0
shrinkage=0.05


Tree=157
num_leaves=15
num_cat=0
split_feature=0 1 13 33 12 0 4 0 0 14 0 53 32 0
split_gain=10.6897 16.1405 10.5367 9.88251 9.71587 8.88982 78.5351 215.925 64.623 59.9851 9.97079 14.249 15.4284 9.20407
threshold=12990.500000000002 5.5000000000000009 1.0000000180025095e-35 1.0000000180025095e-35 1.0000000180025095e-35 2325.5000000000005 1.0000000180025095e-35 4515.5000000000009 2514.5000000000005 1.0000000180025095e-35 1610.5000000000002 1.0000000180025095e-35 1.0000000180025095e-35 530.50000000000011
decision_type=2 2 2 2 2 2 2 2 2 2 2 2 2 2
left_child=5 -2 3 4 -3 10 8 -8 -7 -9 13 -12 -13 -1
right_child=1 2 -4 -5 -6 6 7 9 -10 -11 11 12 -14 -15
leaf_value=0.0012223576458392702 0.033842462696431451 -0.0017798632788142252 0.046643691361488181 0.030430272508441658 0.04578724737704714 -0.0058150400178713681 0.051233868375501201 -0.0023829546116388989 -0.036164160138449225 0.050451699079574169 0.0024826522412075727 0.019271761672762712 -0.0244059099250831 -0.00070712142848616648
leaf_weight=15241.157237416133 54.063139608129859 285.01946389046498 13.290129500441251 28.343573060585186 10.153787714894859 526.63730325596407 204.52510573994368 3355.1446411744691 262.36572767409962 53.595951984636486 2665.7639646502212 216.0202242443338 21.442754308693111 10395.713900106028
leaf_count=72615 5141 5974 1747 580 790 2732 3507 15401 13527 435 12685 989 111 50140
internal_value=0.000529594 0.00873906 0.00462129 0.00275659 5.48901e-06 0.000431924 -0.00165919 0.00146275 -0.01594 -0.00153768 0.000754523 0.00353115 0.0152419 0.00043996
internal_weight=33333.2 390.87 336.807 323.517 295.173 32942.4 4402.27 3613.27 789.003 3408.74 28540.1 2903.23 237.463 25636.9
internal_count=186374 14232 9091 7344 6764 172142 35602 19343 16259 15836 136540 13785 1100 122755
is_linear=0
shrinkage=0.05


Tree=158
num_leaves=15
num_cat=0
split_feature=3 1 4 1 1 1 1 1 1 1 49 13 15 65
split_gain=12.7192 92.4496 20.9137 44.8064 27.446 18.729 12.8659 216.912 15.1366 15.6019 12.1735 11.8402 9.41559 8.81993
threshold=1.0000000180025095e-35 21.500000000000004 1.0000000180025095e-35 22.500000000000004 21.500000000000004 1.0000000180025095e-35 21.500000000000004 22.500000000000004 4.5000000000000009 2.5000000000000004 1.0000000180025095e-35 1.0000000180025095e-35 1.0000000180025095e-35 1.0000000180025095e-35
decision_type=2 2 2 2 2 2 2 2 2 2 2 2 2 2
left_child=1 10 6 4 5 -4 8 -8 9 -2 13 -5 -9 -1
right_child=2 -3 3 11 -6 -7 7 12 -10 -11 -12 -13 -14 -15
leaf_value=-0.0010772864239261143 -0.0013467823181143111 -0.046149703287886562 -0.0069627802357413258 -0.020744519864733343 0.051354967384865752 0.019482148952879391 0.05242645298959317 -0.00029615487915274949 -0.0076853543598188251 0.0057266263520209075 0.002817515899310508 0.029720848282143782 -0.012501871006883568 0.0016487626968122579
leaf_weight=20203.956960707204 2559.4539474193007 109.4475174889667 85.009046991588548 110.58740478614345 54.641386042349041 306.75466652656905 208.77019834518433 1418.741302468814 610.93084332719445 1119.863781850785 2784.3398666710127 12.091985600301994 176.81054663378745 3476.9542145577725
leaf_count=114956 7252 5184 1675 1532 1947 7387 1457 3869 1968 3481 15151 340 489 19589
internal_value=-9.97064e-06 -0.000499764 0.00194311 0.0111012 0.0184493 0.0137407 0.00108629 0.00462747 -0.000403731 0.000807103 -0.000309242 -0.0155703 -0.00165571 -0.000676981
internal_weight=33238.4 26574.7 6663.66 569.084 446.405 391.764 6094.57 1804.32 4290.25 3679.32 26465.3 122.679 1595.55 23680.9
internal_count=186277 154880 31397 12881 11009 9062 18516 5815 12701 10733 149696 1872 4358 134545
is_linear=0
shrinkage=0.05


Tree=159
num_leaves=15
num_cat=0
split_feature=0 3 0 55 3 0 0 19 58 47 0 29 61 32
split_gain=12.5175 13.0649 24.154 8.83514 12.7236 19.6308 19.5814 10.2452 9.79957 9.22893 7.53918 7.60314 6.92262 13.0209
threshold=12990.500000000002 1.0000000180025095e-35 26368.500000000004 1.0000000180025095e-35 1.0000000180025095e-35 530.50000000000011 460.50000000000006 1.0000000180025095e-35 1.0000000180025095e-35 1.0000000180025095e-35 260.50000000000006 1.0000000180025095e-35 1.0000000180025095e-35 1.0000000180025095e-35
decision_type=2 2 2 2 2 2 2 2 2 2 2 2 2 2
left_child=3 2 -2 8 5 6 -5 -7 12 -10 11 -6 -1 -14
right_child=1 -3 -4 4 10 7 -8 -9 9 -11 -12 -13 13 -15
leaf_value=0.00088965809302985529 0.0058257810900097734 0.027532980584182028 -0.12438923617089566 -0.0010326974684962478 -0.006407245631738584 -0.0045113693708880983 0.011903837458012087 -0.017041738529595164 0.0014409426662713972 0.0081797613277080506 0.0041624016929255794 0.016990964538502618 -0.00032989947342112054 -0.0059915097873101605
leaf_weight=10569.847165326239 309.27496049716137 74.604041120503098 2.6037661032751194 2631.4423969062045 329.73911679536104 3326.2765424950048 328.08425222709775 170.72581962822005 1971.5375971980393 683.74008067138493 1271.5391331997234 37.826764971017838 10446.797844026471 1123.9214930420276
leaf_count=49892 6963 7199 13 14077 985 20147 1686 1067 6002 2005 4919 98 64249 7098
internal_value=-5.40535e-05 0.00888021 0.00434457 -0.0001593 -0.00159336 -0.00259205 0.000404944 -0.00512781 0.000308953 0.00317863 0.00233973 -0.00395973 -3.533e-05 -0.00088031
internal_weight=33278 386.483 311.879 32891.5 8095.63 6456.53 2959.53 3497 24795.8 2655.28 1639.11 367.566 22140.6 11570.7
internal_count=186400 14175 6976 172225 42979 36977 15763 21214 129246 8007 6002 1083 121239 71347
is_linear=0
shrinkage=0.05


Tree=160
num_leaves=15
num_cat=0
split_feature=0 49 27 61 48 0 15 11 0 4 10 0 66 21
split_gain=10.3711 8.6632 9.88362 13.4306 14.8905 7.57527 30.1197 25.019 15.2266 191.548 29.5351 6.66827 7.06106 6.22833
threshold=22147.500000000004 1.0000000180025095e-35 1.0000000180025095e-35 1.0000000180025095e-35 1.0000000180025095e-35 6638.5000000000009 1.0000000180025095e-35 1.0000000180025095e-35 4515.5000000000009 1.0000000180025095e-35 1.0000000180025095e-35 14164.000000000002 1.0000000180025095e-35 1.0000000180025095e-35
decision_type=2 2 2 2 2 2 2 2 2 2 2 2 2 2
left_child=1 5 11 13 -5 8 7 -7 9 -1 -10 -3 -13 -4
right_child=-2 2 3 4 -6 6 -8 -9 10 -11 -12 12 -14 -15
leaf_value=-0.00063842129101354195 0.022990623491130478 0.00052649781799078167 -0.0026337910934736992 0.013223727377286353 -0.01491760744521955 0.00084144411745278578 0.038504007836449583 0.048756453931966537 -0.0061775626557442689 0.051148965339723719 0.051469464063265857 -0.016346075422383127 -0.11293496072569312 0.0093378489717524348
leaf_weight=26234.930431473651 47.724477981915697 2217.4962731628912 429.16708495374769 580.56700588297099 50.319477075478062 1709.9963881858857 56.129771939478815 26.685662885894999 1547.8382701685186 178.77720466721803 21.551279937848449 11.354904925217848 1.4010419801343239 144.35657457029447
leaf_count=136984 4735 11434 2022 3382 314 13620 1483 2070 6004 3179 143 424 69 649
internal_value=-6.03688e-05 -9.41849e-05 0.00228317 0.00593098 0.0109591 -0.000368481 0.00278139 0.00160534 -0.000570378 -0.000285983 -0.00535367 0.000311447 -0.0343935 0.000390493
internal_weight=33258.3 33210.6 3434.66 1204.41 630.886 29775.9 1792.81 1736.68 27983.1 26413.7 1569.39 2230.25 12.7559 573.524
internal_count=186512 181777 18294 6367 3696 163483 17173 15690 146310 140163 6147 11927 493 2671
is_linear=0
shrinkage=0.05


Tree=161
num_leaves=15
num_cat=0
split_feature=9 4 18 16 12 21 22 58 21 1 44 26 52 1
split_gain=9.67686 19.3446 55.9238 160.906 71.8734 36.4117 52.2259 18.9499 14.5324 12.4826 8.42933 14.7161 7.76191 6.64124
threshold=1.0000000180025095e-35 1.0000000180025095e-35 1.0000000180025095e-35 1.0000000180025095e-35 1.0000000180025095e-35 1.0000000180025095e-35 1.0000000180025095e-35 1.0000000180025095e-35 1.0000000180025095e-35 1.0000000180025095e-35 1.0000000180025095e-35 1.0000000180025095e-35 1.0000000180025095e-35 21.500000000000004
decision_type=2 2 2 2 2 2 2 2 2 2 2 2 2 2
left_child=1 13 3 4 -3 6 -4 -5 9 -2 12 -12 -11 -1
right_child=8 2 5 7 -6 -7 -8 -9 -10 10 11 -13 -14 -15
leaf_value=-0.00030945652226429783 -0.045754046232903724 0.03287832913327287 -0.021913777183602504 -0.0041735883328259029 0.0021898151543329435 0.019423157400268964 0.0059542369866034386 0.017528823096888132 0.005591584079968008 -0.0066064380797901659 -0.036878366159214485 0.0083655601455419545 0.010298493072209338 0.0027914519057348135
leaf_weight=26946.424917966127 19.872755890712142 663.80034666450229 443.40552280610427 1342.7957209018059 267.79439402674325 109.92384890560061 269.84655451006256 107.7383722611703 277.50193655933253 700.60607618989889 53.28373054927215 26.392451848834753 74.28364317282103 1843.8917354940204
leaf_count=138988 107 16321 2160 6395 3214 716 1448 443 1442 3346 298 111 352 10585
internal_value=0.000137348 0.000299506 0.0039835 0.00786518 0.0240685 -0.00724533 -0.0113768 -0.00255068 -0.00436302 -0.00752487 -0.00658342 -0.0219735 -0.00497469 -0.000110767
internal_weight=33147.6 31995.6 3205.3 2382.13 931.595 823.176 713.252 1450.53 1151.94 874.439 854.566 79.6762 774.89 28790.3
internal_count=185926 180270 30697 26373 19535 4324 3608 6838 5656 4214 4107 409 3698 149573
is_linear=0
shrinkage=0.05


Tree=162
num_leaves=15
num_cat=0
split_feature=0 3 0 1 58 0 36 1 1 1 3 64 55 26
split_gain=10.0308 18.1934 21.733 16.3236 10.0595 9.82381 16.141 15.417 9.31452 87.0998 211.648 9.85739 9.38812 9.16214
threshold=14164.000000000002 1.0000000180025095e-35 26368.500000000004 21.500000000000004 1.0000000180025095e-35 1403.5000000000002 1.0000000180025095e-35 13.500000000000002 22.500000000000004 21.500000000000004 1.0000000180025095e-35 1.0000000180025095e-35 1.0000000180025095e-35 1.0000000180025095e-35
decision_type=2 2 2 2 2 2 2 2 2 2 2 2 2 2
left_child=4 2 3 -2 8 13 -7 -8 9 12 -11 -10 -1 -6
right_child=1 -3 -4 -5 5 6 7 -9 11 10 -12 -13 -14 -15
leaf_value=9.1749739178740601e-05 0.0066514976818202237 0.034502347320106638 -0.11737299893226723 -0.10146827705359712 -0.00063661351931008827 0.0094097380737532908 0.010712885954922875 -0.042845553779291591 -0.0056403701651192659 -0.036628182424317708 0.052314107497246881 0.0056280228979914068 -0.002051794570346167 0.0059939130055570063
leaf_weight=20741.041674030479 219.17961603752337 56.563919489039108 2.69141927268356 2.5493668392300597 2020.4543606266379 721.83356361836195 23.724142829887569 29.030595640419051 1376.9296489553526 94.464136268245056 223.37653862708248 225.07105958648026 6776.0294178980403 700.96020873449743
leaf_count=113004 6179 6664 13 13 5487 3076 124 163 4381 4907 2185 678 37705 1858
internal_value=3.30378e-05 0.0094232 0.00297712 0.00495839 -4.7363e-05 0.00248798 0.00745223 -0.0190088 -0.000348541 -0.000135099 0.025848 -0.00405471 -0.00043615 0.0010728
internal_weight=33213.9 280.984 224.42 221.729 32932.9 3496 774.588 52.7547 29436.9 27834.9 317.841 1602 27517.1 2721.41
internal_count=186437 12869 6205 6192 173568 10708 3363 287 162860 157801 7092 5059 150709 7345
is_linear=0
shrinkage=0.05


Tree=163
num_leaves=15
num_cat=0
split_feature=9 0 0 18 16 0 4 12 25 0 4 31 69 0
split_gain=7.41927 21.3792 10.9185 47.1455 168.156 25.6413 154.947 35.8355 24.9454 9.79673 20.5028 14.6038 12.3013 9.99564
threshold=1.0000000180025095e-35 16107.500000000002 5846.5000000000009 1.0000000180025095e-35 1.0000000180025095e-35 4679.5000000000009 1.0000000180025095e-35 1.0000000180025095e-35 1.0000000180025095e-35 4515.5000000000009 1.0000000180025095e-35 1.0000000180025095e-35 1.0000000180025095e-35 7906.5000000000009
decision_type=2 2 2 2 2 2 2 2 2 2 2 2 2 2
left_child=1 2 5 4 -4 6 -1 -7 -5 10 11 12 -2 -11
right_child=9 -3 3 8 -6 7 -8 -9 -10 13 -12 -13 -14 -15
leaf_value=-0.00023736022821137047 -0.0081387291759920568 0.026587890325567826 0.034681329805947236 -0.0066367741678877703 -0.0028314658000561099 -0.0045813302891153599 0.043797892314068831 -0.033758477425419549 -0.048732706868974907 -0.014354560833684525 0.050099485722092912 0.027070411583150045 0.016745228678447379 -0.0025953041412625738
leaf_weight=28793.876701124245 283.43898091069423 74.954729530378245 421.68642439227551 428.44616548996419 1018.3234169445932 884.5543089879211 200.16197323380038 118.52773975883611 37.402320124208927 303.3995282552205 20.239554210565984 42.109015369787812 59.205995277152397 446.13085719570518
leaf_count=149677 2092 10428 7819 1673 3597 3210 3524 404 146 1185 203 242 380 1552
internal_value=-4.98301e-05 9.23939e-05 2.93124e-05 0.003698 0.00817007 -0.000203892 6.81397e-05 -0.00805919 -0.0101137 -0.00398581 0.00227654 -0.000362485 -0.00380279 -0.00736807
internal_weight=33132.5 31977.9 31903 1905.86 1440.01 29997.1 28994 1003.08 465.848 1154.52 404.994 384.754 342.645 749.53
internal_count=186132 180478 170050 13235 11416 156815 153201 3614 1819 5654 2917 2714 2472 2737
is_linear=0
shrinkage=0.05


Tree=164
num_leaves=15
num_cat=0
split_feature=1 1 1 3 0 13 0 63 0 56 5 16 1 44
split_gain=12.2063 8.60522 69.9599 259.898 9.73794 9.50774 9.59289 9.33555 9.14605 7.65731 7.20775 10.2696 9.46179 7.19541
threshold=1.0000000180025095e-35 22.500000000000004 21.500000000000004 1.0000000180025095e-35 4679.5000000000009 1.0000000180025095e-35 11146.500000000002 1.0000000180025095e-35 3032.5000000000005 1.0000000180025095e-35 1.0000000180025095e-35 1.0000000180025095e-35 9.5000000000000018 1.0000000180025095e-35
decision_type=2 2 2 2 2 2 2 2 2 2 2 2 2 2
left_child=9 2 10 8 7 6 -6 -3 -4 -1 11 -2 -12 -9
right_child=1 4 3 -5 5 -7 -8 13 -10 -11 12 -13 -14 -15
leaf_value=-0.0035045925718645097 0.0010819219269085243 -0.0033235284996847116 -0.032747494327089864 0.052127980140938751 -0.029352178048427359 0.024660667727918292 0.0085836534801027181 0.0047335064936102674 -0.067005638013866983 -0.01784125358404037 0.0027455749112501012 -0.0019678304075077756 -0.0027412390351140101 0.033777717546778954
leaf_weight=1063.8993326688651 22400.896823341376 1432.6984511166811 75.721799295395613 235.74736676423345 82.625624492764473 11.451807910809292 20.326740426709875 153.02653946168721 27.931907858001068 101.1955871602986 1019.8934525306104 3147.3607311928645 3411.3741343624424 23.874743217602372
leaf_count=4192 124999 4091 4633 3351 471 321 881 431 567 428 5382 16922 19525 56
internal_value=0.000260927 0.000443781 0.000639203 0.0231789 -0.00299136 -0.0170225 -0.0218517 -0.00198413 -0.0425312 -0.00476405 0.000383264 0.000706152 -0.00147807 0.00882117
internal_weight=33208 32042.9 30318.9 339.401 1724 114.404 102.952 1609.6 103.654 1165.09 29979.5 25548.3 4431.27 176.901
internal_count=186250 181630 175379 8551 6251 1673 1352 4578 5200 4620 166828 141921 24907 487
is_linear=0
shrinkage=0.05


Tree=165
num_leaves=15
num_cat=0
split_feature=3 1 4 1 1 1 4 34 22 1 1 15 60 43
split_gain=8.10049 45.8881 20.586 28.3372 24.2375 15.4172 12.5961 11.3509 14.1658 10.8029 187.785 16.1656 9.98248 15.5737
threshold=1.0000000180025095e-35 21.500000000000004 1.0000000180025095e-35 22.500000000000004 21.500000000000004 1.0000000180025095e-35 1.0000000180025095e-35 1.0000000180025095e-35 1.0000000180025095e-35 21.500000000000004 22.500000000000004 1.0000000180025095e-35 1.0000000180025095e-35 1.0000000180025095e-35
decision_type=2 2 2 2 2 2 2 2 2 2 2 2 2 2
left_child=1 12 9 4 5 -4 7 -3 -9 -2 -11 -12 -1 -14
right_child=2 6 3 -5 -6 -7 -8 8 -10 10 11 -13 13 -15
leaf_value=0.00011353786242414254 -0.00042378103723835045 -0.030102944447126058 -0.0061738809936392339 -0.010157327394832882 0.050944850207013552 0.018334216830351587 -0.063504222964654286 -0.021460848565328067 0.094103371209956627 0.05200556030058489 0.00045244808871722014 -0.015687693924517583 -0.0079985902373500249 0.012683767036601033
leaf_weight=25588.312312482391 4298.8427150957286 66.162062807474285 81.809617399703711 120.67611765186302 46.522929244674742 289.63765829766635 25.581822782754898 5.7989801454823446 3.4808802589541301 183.23137664049864 1424.4187993584201 173.0921576442197 732.55709114531055 103.0025576655753
leaf_count=142474 12709 4457 1650 1822 1883 7369 251 368 222 1472 3876 486 6346 863
internal_value=0.000199076 -0.000191398 0.00176383 0.011123 0.0172767 0.0129343 -0.0336596 -0.0228412 0.0268247 0.000932918 0.00420649 -0.00130507 -6.21733e-05 -0.00543688
internal_weight=33143.1 26524.9 6618.23 538.646 417.97 371.447 101.024 75.4419 9.27986 6079.59 1780.74 1597.51 26423.9 835.56
internal_count=186248 154981 31267 12724 10902 9019 5298 5047 590 18543 5834 4362 149683 7209
is_linear=0
shrinkage=0.05


Tree=166
num_leaves=15
num_cat=0
split_feature=3 1 0 0 0 34 1 14 58 22 1 1 1 55
split_gain=11.2989 51.5102 29.6158 17.0518 18.9941 12.8656 12.4796 28.1397 16.3595 11.786 10.6486 17.1623 198.427 9.49611
threshold=1.0000000180025095e-35 21.500000000000004 10575.000000000002 927.50000000000011 840.50000000000011 1.0000000180025095e-35 6.5000000000000009 1.0000000180025095e-35 1.0000000180025095e-35 1.0000000180025095e-35 1.0000000180025095e-35 22.500000000000004 21.500000000000004 1.0000000180025095e-35
decision_type=2 2 2 2 2 2 2 2 2 2 2 2 2 2
left_child=1 6 10 4 5 -3 7 8 -1 -6 -2 12 -12 -8
right_child=2 3 -4 -5 9 -7 13 -9 -10 -11 11 -13 -14 -15
leaf_value=0.00052959141936767681 -0.0030584930852299505 -0.033409042515993227 0.026773110860880519 -0.058851154409757592 0.16116773097150749 0.039080710346470503 4.4133272987461262e-06 0.053157964757191006 0.030041970033712503 -0.024984382070184982 0.0013518682361716783 -0.0018807417095429207 0.051911650257130251 -0.0022187190791088016
leaf_weight=358.04563117679209 1139.92733049253 44.623111085966229 115.41108503995929 45.029316701926291 1.3591773230582469 6.2128046741709104 19648.192700068234 30.914027156308293 53.05182577855885 0.96135131735354651 3457.8558106985874 1706.0408631991595 204.59987216535956 6356.7810672107153
leaf_count=2121 3497 2763 8260 2024 85 339 110778 148 133 58 12352 5102 2127 36681
internal_value=-7.12495e-05 -0.000532241 0.00177599 -0.0364972 -0.0168239 -0.0239668 -0.000397344 0.00792407 0.0044018 0.0997492 0.00132868 0.00226063 0.00418975 -0.000539084
internal_weight=33169 26545.2 6623.83 98.1858 53.1564 50.8359 26447 442.011 411.097 2.32053 6508.42 5368.5 3662.46 26005
internal_count=186468 155130 31338 5269 3245 3102 149861 2402 2254 143 23078 19581 14479 147459
is_linear=0
shrinkage=0.05


Tree=167
num_leaves=15
num_cat=0
split_feature=57 47 0 0 1 1 13 28 60 35 0 11 3 1
split_gain=16.1313 10.9028 8.72089 9.94567 18.8063 9.0225 9.93394 8.64546 15.758 16.3182 15.2759 12.4999 12.3384 32.4842
threshold=1.0000000180025095e-35 1.0000000180025095e-35 179.50000000000003 212.50000000000003 7.5000000000000009 20.500000000000004 1.0000000180025095e-35 1.0000000180025095e-35 1.0000000180025095e-35 1.0000000180025095e-35 800.50000000000011 1.0000000180025095e-35 1.0000000180025095e-35 21.500000000000004
decision_type=2 2 2 2 2 2 2 2 2 2 2 2 2 2
left_child=1 2 5 4 -4 6 -1 12 9 -9 -10 -11 13 -2
right_child=7 -3 3 -5 -6 -7 -8 8 10 11 -12 -13 -14 -15
leaf_value=-0.0031441354565235041 -0.0018300550260412531 0.0042506116134178942 0.037285691082743093 0.00096615172292903071 0.0047651052270985123 0.009238745520833605 -0.01940392691122847 0.0027042618431951152 -0.029770292515707404 -0.0025910643039471241 0.00015486716736544192 -0.020905542869071821 0.0012826269607214898 -0.040675945784505792
leaf_weight=961.14628638327122 12443.46272937092 2982.2044056567829 51.104449450969696 6969.0554871580098 305.83963848650455 128.57969893980771 103.2034672498703 4476.8744271215983 79.232878993265331 662.03641453001183 91.007808691472746 107.50545069039799 3717.5413890114287 53.053781982278451
leaf_count=3373 82708 12509 130 31082 1093 556 387 27631 761 4096 899 711 17597 2960
internal_value=0.000136269 0.00164922 0.000738162 0.00138379 0.00951231 -0.00322458 -0.00473748 -0.00066821 0.0010611 0.001548 -0.0138653 -0.00517342 -0.00124596 -0.00199822
internal_weight=33131.8 11501.1 8518.93 7326 356.944 1192.93 1064.35 21630.7 5416.66 5246.42 170.241 769.542 16214.1 12496.5
internal_count=186493 49130 36621 32305 1223 4316 3760 137363 34098 32438 1660 4807 103265 85668
is_linear=0
shrinkage=0.05


Tree=168
num_leaves=15
num_cat=0
split_feature=63 62 0 53 0 3 0 57 35 43 35 64 17 22
split_gain=11.0275 12.5101 11.2431 14.4349 10.5476 10.8938 26.4652 11.5637 10.3416 7.88347 9.05361 8.27102 8.1987 7.25815
threshold=1.0000000180025095e-35 1.0000000180025095e-35 765.50000000000011 1.0000000180025095e-35 270.50000000000006 1.0000000180025095e-35 9574.5000000000018 1.0000000180025095e-35 1.0000000180025095e-35 1.0000000180025095e-35 1.0000000180025095e-35 1.0000000180025095e-35 1.0000000180025095e-35 1.0000000180025095e-35
decision_type=2 2 2 2 2 2 2 2 2 2 2 2 2 2
left_child=1 4 3 8 -1 7 -7 -6 -3 -2 11 12 -11 -12
right_child=9 2 -4 -5 5 6 -8 -9 -10 10 13 -13 -14 -15
leaf_value=-0.0034049532097199416 0.0012783261541938918 0.0042080597730459052 -0.0010678998460149853 -0.0062019091180372131 0.00063918480395601526 0.0011984139487381988 0.02844252267283244 -0.0026401926773891508 -0.0022053510632057227 0.0099661161021343606 -0.020724469093401844 -0.0059660164826818322 0.033280499273599315 0.0089036082914548467
leaf_weight=4367.242397705093 4527.499496934237 4194.0625199479982 3843.6546087609604 439.30717180948704 4472.6009812585544 3081.0972665429581 90.800052025937475 6735.4144495539367 738.69591546338052 427.96494405262638 47.224185784580186 73.031354698934592 40.663477027555928 35.40395191218704
leaf_count=24107 17684 18021 24153 1949 20758 11379 5661 57242 3191 1613 198 292 129 124
internal_value=-0.000120065 -0.000511719 0.000996595 0.00247364 -0.00125319 -0.000599497 0.00198703 -0.0013316 0.00324738 0.00200544 0.00726822 0.00961933 0.0120557 -0.00807496
internal_weight=33114.7 27962.9 9215.72 5372.07 18747.2 14379.9 3171.9 11208 4932.76 5151.79 624.288 541.66 468.628 82.6281
internal_count=186501 166461 47314 23161 119147 95040 17040 78000 21212 20040 2356 2034 1742 322
is_linear=0
shrinkage=0.05


Tree=169
num_leaves=15
num_cat=0
split_feature=25 18 4 0 1 32 0 57 51 0 13 14 11 12
split_gain=10.344 33.8057 35.3901 18.6897 15.5241 10.8966 13.6152 9.6187 9.29686 8.6059 31.7523 27.041 26.8082 12.6404
threshold=1.0000000180025095e-35 1.0000000180025095e-35 1.0000000180025095e-35 788.50000000000011 18.500000000000004 1.0000000180025095e-35 8716.5000000000018 1.0000000180025095e-35 1.0000000180025095e-35 6638.5000000000009 1.0000000180025095e-35 1.0000000180025095e-35 1.0000000180025095e-35 1.0000000180025095e-35
decision_type=2 2 2 2 2 2 2 2 2 2 2 2 2 2
left_child=9 2 4 7 -2 6 -5 -3 -6 13 11 12 -11 -1
right_child=1 3 -4 5 8 -7 -8 -9 -10 10 -12 -13 -14 -15
leaf_value=-0.00029435474507448451 0.00039144519233180421 0.038664780203647213 0.032376829244440457 -0.030414322607480771 0.014833871535935989 0.0095491652524766907 -0.093129048076833823 -0.011992131945661379 -0.010172485804300996 -1.9683063920681557e-05 0.033796261689338108 0.050220056876546432 0.048747738743319897 -0.0039031942527182513
leaf_weight=26779.632889164379 1039.7635253183544 15.470705747604368 114.26654636545572 74.836412774282508 342.93775051517878 13.408602400915695 9.2417995743453485 20.943963321857154 40.967909723869525 1794.5405942603247 78.359315803390928 27.044946532929316 27.630047172191553 2667.1966718856711
leaf_count=138580 5202 46 1284 483 1827 72 94 125 252 14919 3788 965 2923 15681
internal_value=-0.000205203 0.00362577 0.00572758 -0.0203782 0.00356743 -0.0317071 -0.0383215 0.00998756 0.0121459 -0.000409452 0.00282632 0.00149643 0.000746122 -0.000621353
internal_weight=33046.2 1671.84 1537.94 133.901 1423.67 97.4868 84.0782 36.4147 383.906 31374.4 1927.57 1849.22 1822.17 29446.8
internal_count=186241 9385 8565 820 7281 649 577 171 2079 176856 22595 18807 17842 154261
is_linear=0
shrinkage=0.05


Tree=170
num_leaves=15
num_cat=0
split_feature=25 54 58 41 49 58 62 31 1 36 1 1 62 42
split_gain=11.2516 10.7429 12.4773 14.0429 9.60714 9.02103 13.0226 12.1359 8.69818 7.33035 12.1514 11.2322 8.05503 7.2955
threshold=1.0000000180025095e-35 1.0000000180025095e-35 1.0000000180025095e-35 1.0000000180025095e-35 1.0000000180025095e-35 1.0000000180025095e-35 1.0000000180025095e-35 1.0000000180025095e-35 22.500000000000004 1.0000000180025095e-35 12.500000000000002 8.5000000000000018 1.0000000180025095e-35 1.0000000180025095e-35
decision_type=2 2 2 2 2 2 2 2 2 2 2 2 2 2
left_child=4 9 3 -3 5 6 7 -1 -8 -2 11 -11 -12 -6
right_child=1 2 -4 -5 13 -7 8 -9 -10 10 12 -13 -14 -15
leaf_value=-0.0019923693271637166 0.0035605250769454207 0.025165873399266382 -0.025244080005865917 -0.021405001966880624 0.0032377387483121692 0.0020155452783051889 0.0013247954958329846 0.0027473216833741412 -0.0068165440485977377 -0.017129322470037383 -0.012793112091780499 0.031552455157824427 -0.052774157168446335 -0.0034637000351975169
leaf_weight=16604.024996685097 1377.8613426059019 140.80843144177925 16.066672187764198 17.504723546560854 2810.0748805791372 2974.5651395790046 6705.5773129630834 1469.2550375028513 343.96660147677176 20.39573463704437 52.302430144278333 25.768325956072658 16.051399296498857 473.86297330562957
leaf_count=102699 7756 776 64 111 15251 9646 36520 8974 1246 103 329 133 105 2643
internal_value=-7.59166e-05 0.00392599 0.0156335 0.0199145 -0.000288589 -0.000587697 -0.000895991 -0.00160693 0.000926647 0.00254845 -0.00955406 0.0101372 -0.0228074 0.00226998
internal_weight=33048.1 1666.76 174.38 158.313 31381.3 28097.4 25122.8 18073.3 7049.54 1492.38 114.518 46.1641 68.3538 3283.94
internal_count=186356 9377 951 887 176979 159085 149439 111673 37766 8426 670 236 434 17894
is_linear=0
shrinkage=0.05


Tree=171
num_leaves=15
num_cat=0
split_feature=0 60 28 0 35 68 64 15 38 61 68 35 40 39
split_gain=11.9907 7.39115 12.611 12.0907 11.8044 11.3163 10.1437 8.11256 7.54758 6.36965 16.6577 12.6231 10.7858 7.74039
threshold=21467.500000000004 1.0000000180025095e-35 1.0000000180025095e-35 1860.5000000000002 1.0000000180025095e-35 1.0000000180025095e-35 1.0000000180025095e-35 1.0000000180025095e-35 1.0000000180025095e-35 1.0000000180025095e-35 1.0000000180025095e-35 1.0000000180025095e-35 1.0000000180025095e-35 1.0000000180025095e-35
decision_type=2 2 2 2 2 2 2 2 2 2 2 2 2 2
left_child=1 9 4 8 6 -5 -3 -6 -4 10 12 -12 -1 -11
right_child=-2 2 3 5 7 -7 -8 -9 -10 13 11 -13 -14 -15
leaf_value=0.00089427538694875736 0.023423999502419541 -0.0014141116798302331 -0.022380085692095097 0.012385703899680906 0.0076178070269562375 -0.045312065422602257 -0.018724905331091366 0.044755650143273852 0.0083232352337873679 -0.0011669073666527774 -0.0053468601862798953 0.0055409053288578494 0.0063103188672807625 0.0020216105700120702
leaf_weight=11338.731192570762 52.463747262489051 629.99007987091318 192.03469999600202 61.516499095247127 121.00682408944704 8.8435373867396248 96.79605983174406 15.859185584820805 21.818368650041521 15343.096271132934 1663.3805438053096 316.05639722757041 999.39551731536631 2171.9976147034904
leaf_count=51707 5404 4739 1383 535 896 97 760 117 139 93619 7839 1387 4466 13076
internal_value=-0.000235821 -0.000274167 -0.00421414 -0.0133301 -0.00120227 0.00460033 -0.00374219 0.0122145 -0.0192234 -0.000131966 0.000650291 -0.00360649 0.00133345 -0.000771415
internal_weight=33033 32980.5 1147.87 284.213 863.652 70.36 726.786 136.866 213.853 31832.7 14317.6 1979.44 12338.1 17515.1
internal_count=186164 180760 8666 2154 6512 632 5499 1013 1522 172094 65399 9226 56173 106695
is_linear=0
shrinkage=0.05


Tree=172
num_leaves=15
num_cat=0
split_feature=19 65 61 32 54 26 1 25 1 44 11 47 1 1
split_gain=5.29009 14.9417 11.2225 14.8026 8.51341 8.48029 7.21203 6.38334 16.6593 6.99701 12.9101 10.084 6.92953 5.59931
threshold=1.0000000180025095e-35 1.0000000180025095e-35 1.0000000180025095e-35 1.0000000180025095e-35 1.0000000180025095e-35 1.0000000180025095e-35 14.500000000000002 1.0000000180025095e-35 13.500000000000002 1.0000000180025095e-35 1.0000000180025095e-35 1.0000000180025095e-35 7.5000000000000009 1.0000000180025095e-35
decision_type=2 2 2 2 2 2 2 2 2 2 2 2 2 2
left_child=13 7 5 4 -4 6 -3 9 12 11 -11 -2 -9 -1
right_child=1 2 3 -5 -6 -7 -8 8 -10 10 -12 -13 -14 -15
leaf_value=-0.0034950826799770569 -0.010053777712307756 0.039229291651443697 -0.013234579144117201 0.044051893287249511 0.025847066511108553 -0.0045881522575225769 0.011601342126858063 0.0055128754570942309 0.028408128081209107 -0.0027830741108786383 0.036595688343992752 0.00018324379451888117 -0.042806160237645718 0.00014671508469752092
leaf_weight=1092.5118151460774 817.27917047694791 48.747964861919172 102.67605876550078 14.412309598992577 15.154377807397394 29.485440047341399 47.23719088640064 13.708456009859221 43.890002078842372 100.45134441892151 25.214571154443547 340.68136394710746 14.66970296949148 30332.123573833262
leaf_count=4326 4778 207 662 79 79 150 242 72 235 591 120 1908 100 172539
internal_value=-0.000123414 -0.00291459 0.00810046 -0.00206859 -0.00803301 0.01875 0.0258926 -0.00501264 0.00935696 -0.0058283 0.00534472 -0.0070444 -0.0200718 1.99968e-05
internal_weight=33038.2 1613.61 257.713 132.243 117.83 125.471 95.9852 1355.89 72.2682 1283.63 125.666 1157.96 28.3782 31424.6
internal_count=186088 9223 1419 820 741 599 449 7804 407 7397 711 6686 172 176865
is_linear=0
shrinkage=0.05


Tree=173
num_leaves=15
num_cat=0
split_feature=58 4 0 0 9 42 0 0 69 23 9 61 9 0
split_gain=10.5007 9.6346 11.077 8.94558 8.47288 7.83596 16.0024 11.5387 10.8965 10.5635 15.3574 8.03708 7.30299 7.21564
threshold=1.0000000180025095e-35 1.0000000180025095e-35 10575.000000000002 20041.500000000004 1.0000000180025095e-35 1.0000000180025095e-35 305.50000000000006 184.50000000000003 1.0000000180025095e-35 1.0000000180025095e-35 1.0000000180025095e-35 1.0000000180025095e-35 1.0000000180025095e-35 61.500000000000007
decision_type=2 2 2 2 2 2 2 2 2 2 2 2 2 2
left_child=3 13 -3 5 -4 9 7 -7 -8 11 -11 -1 -5 -2
right_child=1 2 4 12 -6 6 8 -9 -10 10 -12 -13 -14 -15
leaf_value=0.0010096071708892845 -0.014100800779755117 0.015923529237501774 0.0047796260505937344 0.036571605983571308 -0.049793618758454221 0.0016950147609824818 0.00094944161927590907 0.01145502462152112 -0.0074299518974206228 -0.0019648414051939745 -0.015206164483052698 -0.001055953858520544 0.0032752294686453549 0.0022394676912741046
leaf_weight=9004.9635842409916 68.031804485246539 219.02843318646774 17.663388053770177 28.526892933878116 10.733941320329906 613.27953388541937 2791.9763814226026 598.00874202977866 449.56107708753552 5950.4480690544005 226.37705768353771 9870.1374941895483 37.731649747118354 3200.0691773265135
leaf_count=43871 196 1078 780 6179 50 3068 16589 2905 2708 34798 1108 63481 248 9224
internal_value=3.43143e-05 0.00261731 0.0121105 -0.000272841 -0.0168407 -0.000314351 0.00161816 0.00651897 -0.000214609 -0.000657894 -0.00245251 -7.05114e-05 0.0179412 0.0018951
internal_weight=33086.5 3515.53 247.426 29571 28.3973 29504.8 4452.83 1211.29 3241.54 25051.9 6176.83 18875.1 66.2585 3268.1
internal_count=186283 11328 1908 174955 830 168528 25270 5973 19297 143258 35906 107352 6427 9420
is_linear=0
shrinkage=0.05


Tree=174
num_leaves=15
num_cat=0
split_feature=1 56 21 13 16 0 0 0 21 9 21 0 21 22
split_gain=9.17779 9.09873 11.6021 8.83827 8.11463 19.6525 19.8883 18.3368 60.1681 34.5249 16.5788 28.8907 12.9087 11.9014
threshold=1.0000000180025095e-35 1.0000000180025095e-35 1.0000000180025095e-35 1.0000000180025095e-35 1.0000000180025095e-35 265.50000000000006 188.50000000000003 6349.5000000000009 1.0000000180025095e-35 1.0000000180025095e-35 1.0000000180025095e-35 10059.500000000002 1.0000000180025095e-35 1.0000000180025095e-35
decision_type=2 2 2 2 2 2 2 2 2 2 2 2 2 2
left_child=1 -1 3 -3 7 6 12 -2 9 -9 13 -12 -6 -7
right_child=4 2 -4 -5 5 10 -8 8 -10 -11 11 -13 -14 -15
leaf_value=-0.003056582130897044 0.00013985260203136683 -0.040477093687144333 0.0076960525807701604 0.0002475243929434614 0.0017273479083920848 0.0022588939686326286 0.022484520363737211 0.0091680838298314037 0.030330114908487006 -0.0090097126742213571 -0.0061615040577005838 -0.039553182201486445 -0.047136390929517553 -0.0043843587542292456
leaf_weight=1063.0371185195399 26649.938047834905 50.685626627877355 28.421446062391624 17.933149264194071 90.376508565619588 1395.3908114181831 156.07818787265569 608.81715414847713 214.93973890109919 455.95146640762687 889.39598028466571 68.936493942514062 14.879923081956802 1302.6031716255238
leaf_count=4205 140920 252 102 70 441 8001 715 13034 4279 1587 4637 590 89 7112
internal_value=-3.74196e-05 -0.00440391 -0.0189817 -0.0299833 0.000121769 -0.00200895 0.0112114 0.000420704 0.00626476 0.0013829 -0.00295668 -0.00860222 -0.00555904 -0.000948933
internal_weight=33007.4 1160.08 97.0402 68.6188 31847.3 3917.66 261.335 27929.6 1279.71 1064.77 3656.33 958.332 105.256 2697.99
internal_count=186034 4629 424 322 181405 21585 1245 159820 18900 14621 20340 5227 530 15113
is_linear=0
shrinkage=0.05


Tree=175
num_leaves=15
num_cat=0
split_feature=64 1 1 3 0 5 0 11 0 1 0 0 0 42
split_gain=12.9182 12.7566 70.5212 149.936 17.314 10.1978 9.91089 26.3749 23.2172 9.76362 9.84689 15.4404 9.67267 14.9382
threshold=1.0000000180025095e-35 22.500000000000004 21.500000000000004 1.0000000180025095e-35 927.50000000000011 1.0000000180025095e-35 5846.5000000000009 1.0000000180025095e-35 4679.5000000000009 20.500000000000004 2000.5000000000002 1476.5000000000002 388.50000000000006 1.0000000180025095e-35
decision_type=2 2 2 2 2 2 2 2 2 2 2 2 2 2
left_child=1 2 6 4 -4 -3 8 -8 -1 12 11 -11 13 -2
right_child=9 5 3 -5 -6 -7 7 -9 -10 10 -12 -13 -14 -15
leaf_value=-0.00017852044445181535 -0.0036861875630498316 -0.0065275106113195664 -0.0083533137138512171 0.051717180290612855 -0.054975388001304394 0.0048790864960270306 0.0024158534311263793 0.049229298077871082 -0.0082702535963536886 0.0086040185448420722 -0.0061786922823170989 0.038694799247254878 0.0035419414286235553 0.010529977231120315
leaf_weight=23692.332117974758 1220.262279741466 1239.8541912515648 42.427982527762651 176.51199459505733 37.253077964414842 231.93118612817489 2068.2672583893873 29.536146643571556 919.93448866251856 440.3224463891238 92.719136564992368 46.370335658546537 2695.7412743419409 216.74827725440264
leaf_count=124896 5818 4589 2717 2899 1764 794 17088 2330 3211 2245 1184 218 15764 1003
internal_value=0.000205167 -0.000196642 5.08353e-05 0.0261075 -0.0305616 -0.00472791 -0.000200059 0.00309811 -0.000481289 0.00262962 0.00870256 0.0115444 0.0017763 -0.00153609
internal_weight=33150.2 28438 26966.3 256.193 79.6811 1471.79 26710.1 2097.8 24612.3 4712.16 579.412 486.693 4132.75 1437.01
internal_count=186520 160288 154905 7380 4481 5383 147525 19418 128107 26232 3647 2463 22585 6821
is_linear=0
shrinkage=0.05


Tree=176
num_leaves=15
num_cat=0
split_feature=0 0 1 63 49 37 12 0 65 18 0 59 1 22
split_gain=9.27154 8.44115 12.2645 7.93623 8.54882 13.2329 11.472 34.4572 10.1712 10.0309 9.04973 6.40791 7.45275 8.51141
threshold=21467.500000000004 26368.500000000004 6.5000000000000009 1.0000000180025095e-35 1.0000000180025095e-35 1.0000000180025095e-35 1.0000000180025095e-35 7220.5000000000009 1.0000000180025095e-35 1.0000000180025095e-35 1669.5000000000002 1.0000000180025095e-35 18.500000000000004 1.0000000180025095e-35
decision_type=2 2 2 2 2 2 2 2 2 2 2 2 2 2
left_child=3 -2 -3 4 6 10 9 -8 -7 -1 -6 -5 -13 -14
right_child=1 2 -4 11 5 8 7 -9 -10 -11 -12 12 13 -15
leaf_value=-1.8236558855642227e-05 0.030626208200778729 0.032358791811768699 -0.075335709319158325 0.0026530843508758956 0.0048006044406738559 -0.0045041247070187525 -0.0050082454940161497 0.042033448510625099 -0.032820222320503044 -0.0036589829497173086 -0.002296507790417221 0.00061628712961537668 -0.016506180919494417 0.0022891071524357397
leaf_weight=20694.882913185982 41.31227956537623 4.560480914777143 4.1733682337217033 4092.3290667633992 2061.4790989337489 227.83206193323713 2134.4979865450878 38.658083817688748 35.935897358693182 2081.2734248123597 573.57241476222407 830.08281836507376 153.53282224794384 98.350366234080866
leaf_count=117817 3988 1017 343 15638 10126 1363 13371 1147 219 12874 4538 2913 668 385
internal_value=-1.66595e-05 0.021276 -0.0215546 -4.95722e-05 -0.000383705 0.0021859 -0.000682338 -0.00415248 -0.00847131 -0.000351072 0.00325549 0.00174846 -0.00167239 -0.00918734
internal_weight=33072.5 50.0461 8.73385 33022.4 27848.1 2898.82 24949.3 2173.16 263.768 22776.2 2635.05 5174.3 1081.97 251.883
internal_count=186407 5348 1360 181059 161455 16246 145209 14518 1582 130691 14664 19604 3966 1053
is_linear=0
shrinkage=0.05


Tree=177
num_leaves=15
num_cat=0
split_feature=63 16 4 0 0 21 0 4 0 22 44 0 60 50
split_gain=14.86 8.44715 19.5165 111.012 80.4393 60.7392 12.3816 17.107 42.9983 14.6227 12.2467 8.51641 7.59165 7.26353
threshold=1.0000000180025095e-35 1.0000000180025095e-35 1.0000000180025095e-35 4515.5000000000009 2514.5000000000005 1.0000000180025095e-35 2369.5000000000005 1.0000000180025095e-35 4515.5000000000009 1.0000000180025095e-35 1.0000000180025095e-35 104.50000000000001 1.0000000180025095e-35 1.0000000180025095e-35
decision_type=2 2 2 2 2 2 2 2 2 2 2 2 2 2
left_child=1 2 4 -4 12 -5 10 9 -9 -8 11 -3 -1 -12
right_child=-2 6 3 5 -6 -7 7 8 -10 -11 13 -13 -14 -15
leaf_value=-0.00016096493593669066 0.0024205896432495542 -0.038751063736072566 0.050884102885637994 -0.0022741368839718354 -0.035322810792931335 0.020759092226016306 -0.04148958610079994 0.049898891894731769 -0.0064372844248992275 -0.0020805375957847591 0.0065052998437300745 -0.0013667496539239183 -0.0049450824024881409 0.030237639323647689
leaf_weight=21178.319161956664 5177.3382964690682 14.36216563452035 120.07677518832497 1698.0177446565358 164.63695764215663 343.21221127628814 60.602987172547728 33.820215745829046 1250.6498680724762 38.272308137617074 177.10950870672241 1856.2677591256797 862.02039861259982 38.679231185466051
leaf_count=106932 20045 80 2466 16772 9510 4654 2009 562 5572 1020 902 9552 5951 192
internal_value=-3.88598e-05 -0.000496373 -0.000167642 0.00436692 -0.000609187 0.00160694 -0.00280416 -0.00647044 -0.00491628 -0.0264088 -0.000371396 -0.00167433 -0.000348293 0.0108791
internal_weight=33013.4 27836 24366.3 2161.31 22205 2041.23 3469.76 1383.35 1284.47 98.8753 2086.42 1870.63 22040.3 215.789
internal_count=186219 166174 146285 23892 122393 21426 19889 9163 6134 3029 10726 9632 112883 1094
is_linear=0
shrinkage=0.05


Tree=178
num_leaves=15
num_cat=0
split_feature=63 9 0 0 4 50 16 0 16 0 25 18 0 28
split_gain=9.76303 9.30294 16.986 12.6085 14.2092 13.8319 10.1239 9.37253 43.008 19.7745 7.61783 9.14334 8.27474 7.53998
threshold=1.0000000180025095e-35 1.0000000180025095e-35 16107.500000000002 4515.5000000000009 1.0000000180025095e-35 1.0000000180025095e-35 1.0000000180025095e-35 5846.5000000000009 1.0000000180025095e-35 2281.5000000000005 1.0000000180025095e-35 1.0000000180025095e-35 1761.5000000000002 1.0000000180025095e-35
decision_type=2 2 2 2 2 2 2 2 2 2 2 2 2 2
left_child=1 2 7 4 5 -3 -4 9 -9 -1 12 -12 13 -2
right_child=10 3 6 -5 -6 -7 -8 8 -10 -11 11 -13 -14 -15
leaf_value=-0.00032519251320984368 -4.4475418353299401e-05 -0.0046501044311419428 0.038051576018322486 -0.0094548257793467747 0.049105080248853891 0.022380010769466673 -0.0064619848915257287 0.011613183225570256 -0.0043964158973810513 -0.0058211823713974365 -0.0040002876703603097 -0.040027537692433175 0.0064575327245387937 0.0049177797064077723
leaf_weight=23436.814541017171 2999.0713561754674 260.53191184299067 44.299164151248988 643.28073878807481 14.610775797627864 56.786336621735245 17.426344494568184 791.98707447922789 889.83980287052691 1758.5298952312442 225.50911359582096 18.137771198526025 928.07739757967647 1026.8686013445258
leaf_count=119985 9790 2035 8217 2405 155 369 1116 8752 3215 20348 883 93 6144 3250
internal_value=-0.000210378 -0.000580868 -0.000407095 -0.00537578 0.0025341 0.000242236 0.0255818 -0.000467731 0.00314507 -0.000709005 0.00177907 -0.00683491 0.00220402 0.00122212
internal_weight=33111.8 27914.1 26938.9 975.21 331.929 317.318 61.7255 26877.2 1681.83 25195.3 5197.66 243.647 4954.02 4025.94
internal_count=186757 166597 161633 4964 2559 2404 9333 152300 11967 140333 20160 976 19184 13040
is_linear=0
shrinkage=0.05


Tree=179
num_leaves=15
num_cat=0
split_feature=4 11 17 10 15 1 1 3 55 24 5 39 10 31
split_gain=8.46177 49.4948 48.4103 49.1063 45.5252 7.6807 65.0417 115.529 8.70126 14.6166 11.368 12.423 10.9431 10.4264
threshold=1.0000000180025095e-35 1.0000000180025095e-35 1.0000000180025095e-35 1.0000000180025095e-35 1.0000000180025095e-35 21.500000000000004 22.500000000000004 1.0000000180025095e-35 1.0000000180025095e-35 1.0000000180025095e-35 1.0000000180025095e-35 1.0000000180025095e-35 1.0000000180025095e-35 1.0000000180025095e-35
decision_type=2 2 2 2 2 2 2 2 2 2 2 2 2 2
left_child=5 2 3 4 -2 8 7 -7 10 12 13 -12 -10 -1
right_child=1 -3 -4 -5 -6 6 -8 -9 9 -11 11 -13 -14 -15
leaf_value=8.5461128079925152e-05 -0.00091466949290175566 0.048602011750490247 0.050893743617839361 0.049959784138409388 0.028258178711633292 -0.026189922642707364 -0.00071402694956486379 0.051636283677542666 -0.0036150371381082191 0.0048030892448561709 -0.0040685511024629662 0.0057378593094497866 0.0035633889877813548 0.004535266442045458
leaf_weight=16193.431425847579 3607.8120574571658 55.503025046957191 47.899687813012861 49.178145983722061 137.87809492158704 67.814072066685185 1613.5822897097096 155.67767902463675 5390.7706122770905 683.93544991407543 2649.2908116336912 366.88614347018301 588.09871132113039 1431.9014585288242
leaf_count=83508 23725 3522 1807 1874 2581 4963 4390 1439 28948 3575 13978 1896 2787 7332
internal_value=-4.21107e-05 0.00214535 0.00146189 0.000824702 0.000166433 -0.000334793 0.00279377 0.02801 -0.000545382 -0.00211628 -3.82405e-05 -0.0028742 -0.00290847 0.000447205
internal_weight=33039.7 3898.27 3842.77 3794.87 3745.69 29141.4 1837.07 223.492 27304.3 6662.8 20641.5 3016.18 5978.87 17625.3
internal_count=186325 33509 29987 28180 26306 152816 10792 6402 142024 35310 106714 15874 31735 90840
is_linear=0
shrinkage=0.05


Tree=180
num_leaves=15
num_cat=0
split_feature=18 21 4 11 14 10 54 68 25 58 36 35 49 56
split_gain=7.92688 35.2028 19.3587 44.5992 44.414 45.4546 14.6594 16.2184 14.0554 12.5076 11.4386 11.1242 11.7343 10.7574
threshold=1.0000000180025095e-35 1.0000000180025095e-35 1.0000000180025095e-35 1.0000000180025095e-35 1.0000000180025095e-35 1.0000000180025095e-35 1.0000000180025095e-35 1.0000000180025095e-35 1.0000000180025095e-35 1.0000000180025095e-35 1.0000000180025095e-35 1.0000000180025095e-35 1.0000000180025095e-35 1.0000000180025095e-35
decision_type=2 2 2 2 2 2 2 2 2 2 2 2 2 2
left_child=2 8 -1 4 5 -4 7 10 11 13 -3 -2 -13 -10
right_child=1 6 3 -5 -6 -7 -8 -9 9 -11 -12 12 -14 -15
leaf_value=5.2336324781407431e-05 -0.0062592885514466401 0.0029576622660064241 0.0017796980863875975 0.048509801681716695 0.047743620971087281 0.049883607285201297 0.02618157906558179 0.023081393429132208 -0.031635870852106632 0.022990471141240879 -0.026724670596126373 0.0071459782599854402 -0.028192229993512868 0.013510954293549819
leaf_weight=27244.469484099303 1578.4810025918996 489.02466681681108 2931.9883103795582 54.838906686578412 54.468770842649974 48.947803758550435 88.351790683460422 97.838433685945347 107.91628837224562 13.638794417027382 33.761407497571781 278.46106240549125 24.663844696711749 14.448640847578643
leaf_count=140682 9797 2872 22723 3559 1202 1878 450 500 711 52 229 1634 167 76
internal_value=0.00024566 -0.00233623 0.000477798 0.00422756 0.00341183 0.00258604 0.00724114 0.00450701 -0.00570358 -0.0211701 0.000993421 -0.004575 0.00418743 -0.0262387
internal_weight=33061.3 2726.59 30334.7 3090.24 3035.4 2980.94 708.976 620.625 2017.61 136.004 522.786 1881.61 303.125 122.365
internal_count=186532 16488 170044 29362 25803 24601 4051 3601 12437 839 3101 11598 1801 787
is_linear=0
shrinkage=0.05


Tree=181
num_leaves=15
num_cat=0
split_feature=0 12 13 15 14 0 4 0 0 14 0 19 0 21
split_gain=9.71582 31.0599 28.5396 20.97 21.5006 16.6085 49.0303 190.344 63.7611 29.3809 14.5138 11.8611 21.2637 9.15025
threshold=7220.5000000000009 1.0000000180025095e-35 1.0000000180025095e-35 1.0000000180025095e-35 1.0000000180025095e-35 2281.5000000000005 1.0000000180025095e-35 4515.5000000000009 2514.5000000000005 1.0000000180025095e-35 1827.5000000000002 1.0000000180025095e-35 1894.5000000000002 1.0000000180025095e-35
decision_type=2 2 2 2 2 2 2 2 2 2 2 2 2 2
left_child=5 2 3 4 -2 10 8 -8 -7 -9 -1 13 -13 -12
right_child=1 -3 -4 -5 -6 6 7 9 -10 -11 11 12 -14 -15
leaf_value=-0.00019344043490223222 -0.00059799214498016382 0.041577397319441566 0.036794915225373349 0.034830217918418956 0.049098076210423502 -0.0054935328373505003 0.05094900695557613 -0.0047279328928333487 -0.035456379876536478 0.046803023936056773 0.003214852964628135 0.034956712538133622 -0.027377158066333541 0.011652848189159178
leaf_weight=26487.535119454842 1494.1517919305479 51.250500163179822 57.164175330777653 43.814917780808173 21.085863882675767 660.73829700658098 169.92368502216414 1983.2513042860664 242.04611457115971 27.058337356895208 1250.1166630834341 16.463366162963212 63.288796409964561 432.04202270554379
leaf_count=127728 13493 1971 3858 2062 994 3391 3531 7445 13471 117 5930 74 323 2013
internal_value=-8.34534e-05 0.00363434 0.0024062 0.00112252 0.000125498 -0.000281419 -0.00376542 0.000293504 -0.0135572 -0.00401141 9.89292e-05 0.00449186 -0.0142359 0.00538769
internal_weight=32999.9 1667.47 1616.22 1559.05 1515.24 31332.5 3083.02 2180.23 902.784 2010.31 28249.4 1761.91 79.7522 1682.16
internal_count=186401 22378 20407 16549 14487 164023 27955 11093 16862 7562 136068 8340 397 7943
is_linear=0
shrinkage=0.05


Tree=182
num_leaves=15
num_cat=0
split_feature=0 4 0 0 10 14 52 33 0 22 52 12 54 21
split_gain=7.52529 54.9715 174.702 60.9526 47.7222 47.1297 10.8029 18.6895 9.52138 8.75036 13.6482 11.1526 10.1033 9.54255
threshold=2281.5000000000005 1.0000000180025095e-35 4515.5000000000009 2514.5000000000005 1.0000000180025095e-35 1.0000000180025095e-35 1.0000000180025095e-35 1.0000000180025095e-35 1827.5000000000002 1.0000000180025095e-35 1.0000000180025095e-35 1.0000000180025095e-35 1.0000000180025095e-35 1.0000000180025095e-35
decision_type=2 2 2 2 2 2 2 2 2 2 2 2 2 2
left_child=8 3 -3 -2 5 -4 -5 -8 -1 11 12 -10 -11 -13
right_child=1 2 4 6 -6 -7 7 -9 9 10 -12 13 -14 -15
leaf_value=-3.0625403818536382e-05 -0.0052589354302081679 0.050882980771532763 -0.0029051728977814487 -0.038685204481162652 0.050695179135746393 0.046670841426102463 -0.018482968931481991 0.11268769387059284 0.0083808348761594629 -0.0013254846405878166 0.019632811391885257 -0.017415061233060771 -0.023781600293359722 0.0086514657097221843
leaf_weight=26507.804992772173 647.04508354049176 164.52020814153366 3593.6814239507075 209.42470405355562 42.073621244751848 47.589366792002693 23.517746616038497 2.0550176169490433 966.89709392935038 501.07914202846587 70.498185470700264 83.137530408799648 54.670064502395689 59.440626626834273
leaf_count=127678 3373 3581 27259 12120 1773 1132 1280 104 4544 2394 308 419 277 289
internal_value=-0.00010478 -0.00195035 0.000631439 -0.0132012 -0.0016263 -0.00224461 -0.0349547 -0.0040981 0.000204354 0.00379088 -0.00093378 0.00645618 -0.00357328 -0.0065634
internal_weight=32973.4 4729.91 3847.86 882.043 3683.34 3641.27 234.997 25.5728 28243.5 1735.72 626.247 1109.48 555.749 142.578
internal_count=186531 50622 33745 16877 30164 28391 13504 1384 135909 8231 2979 5252 2671 708
is_linear=0
shrinkage=0.05


Tree=183
num_leaves=15
num_cat=0
split_feature=0 12 13 3 1 1 12 0 1 1 61 55 1 0
split_gain=6.02376 24.5207 25.9013 19.5276 19.2815 8.74407 7.5956 21.8351 16.4692 13.5106 13.4507 13.0701 8.76054 15.4959
threshold=8716.5000000000018 1.0000000180025095e-35 1.0000000180025095e-35 1.0000000180025095e-35 21.500000000000004 22.500000000000004 1.0000000180025095e-35 2000.5000000000002 19.500000000000004 9.5000000000000018 1.0000000180025095e-35 1.0000000180025095e-35 1.0000000180025095e-35 222.50000000000003
decision_type=2 2 2 2 2 2 2 2 2 2 2 2 2 2
left_child=6 2 3 4 -2 -5 12 8 -8 -9 -11 -10 13 -1
right_child=1 -3 -4 5 -6 -7 7 9 11 10 -12 -13 -14 -15
leaf_value=0.0067195360997225999 -0.00093766277826715376 0.048962179933702499 0.047157002629972022 0.024914020415165685 -0.076400816478747663 -0.0034918954506799947 -0.0024056233140203548 0.0018078584636247411 0.0033412446182200296 -0.0065604347150155619 -0.025265013412178641 0.023349632496809339 0.00038752886192241814 -0.0077197244167291502
leaf_weight=242.45139370858669 873.54747916571796 28.203708107117563 30.52214395115152 110.34661645436427 7.5479191020131102 35.504488741629757 1918.1375299021602 136.63541208347306 325.4488086742349 182.76931251923088 203.93140859575942 108.14009189046919 27994.385865838267 785.35459255240858
leaf_count=591 7742 1773 3581 5576 53 919 9201 1208 1716 1841 2450 528 146734 2476
internal_value=0.000102849 0.00376368 0.00251308 0.00114162 -0.00167 0.0180225 -2.18668e-05 -0.00247282 -0.000415516 -0.0116993 -0.0164642 0.00837372 0.000221012 -0.0043104
internal_weight=32982.9 1085.67 1057.47 1026.95 881.095 145.851 31897.3 2875.06 2351.73 523.336 386.701 433.589 29022.2 1027.81
internal_count=186389 19644 17871 14290 7795 6495 166745 16944 11445 5499 4291 2244 149801 3067
is_linear=0
shrinkage=0.05


Tree=184
num_leaves=15
num_cat=0
split_feature=55 1 3 1 34 66 46 11 1 47 5 1 6 44
split_gain=7.89916 10.1346 10.7578 36.4036 16.3617 8.09177 10.1684 13.8103 9.46584 11.9073 9.41332 7.66771 7.52177 7.11093
threshold=1.0000000180025095e-35 21.500000000000004 1.0000000180025095e-35 22.500000000000004 1.0000000180025095e-35 1.0000000180025095e-35 1.0000000180025095e-35 1.0000000180025095e-35 19.500000000000004 1.0000000180025095e-35 1.0000000180025095e-35 7.5000000000000009 1.0000000180025095e-35 1.0000000180025095e-35
decision_type=2 2 2 2 2 2 2 2 2 2 2 2 2 2
left_child=5 -2 4 -4 -3 -1 8 10 11 -10 -8 -7 -6 -5
right_child=1 2 3 13 12 6 7 -9 9 -11 -12 -13 -14 -15
leaf_value=0.0012605129913489355 -0.0013446208988540985 -0.044032450602627442 0.050680955569982658 0.00090637784610119213 0.10891083004603404 0.0017328800979543705 0.014159334001872099 -0.016571867421738131 -0.0013426277018834154 0.01369608572574117 -0.013115673200964446 -0.0050114832891080645 -0.026705040580832014 0.022136884929549846
leaf_weight=21428.979379862198 7615.7673118693056 19.501230980968106 43.733185337565374 368.80245100229513 1.9894019135972476 533.67101534584071 262.93856135336682 53.044401089544408 422.93595088925213 189.99388580222148 35.147656628047116 1995.0799483435694 1.0548077847342938 43.177553431596607
leaf_count=120277 42902 1138 797 1330 95 2635 1442 310 2597 1076 209 11377 56 141
internal_value=0.000456031 -0.000900976 0.00615167 0.00783918 -0.0268423 0.000896775 -0.00133454 0.00672329 -0.00223698 0.00333374 0.0109102 -0.00358802 0.0669363 0.00317966
internal_weight=33015.8 8094.03 478.259 455.713 22.5454 24921.8 3492.81 351.131 3141.68 612.93 298.086 2528.75 3.04421 411.98
internal_count=186382 46459 3557 2268 1289 139923 19646 1961 17685 3673 1651 14012 151 1471
is_linear=0
shrinkage=0.05


Tree=185
num_leaves=15
num_cat=0
split_feature=11 4 35 63 46 58 41 50 17 59 1 1 34 43
split_gain=8.75729 42.4389 18.4467 9.2946 7.45078 12.373 7.21019 12.662 9.2667 9.03455 7.46004 49.749 8.32173 7.17049
threshold=1.0000000180025095e-35 1.0000000180025095e-35 1.0000000180025095e-35 1.0000000180025095e-35 1.0000000180025095e-35 1.0000000180025095e-35 1.0000000180025095e-35 1.0000000180025095e-35 1.0000000180025095e-35 1.0000000180025095e-35 22.500000000000004 21.500000000000004 1.0000000180025095e-35 1.0000000180025095e-35
decision_type=2 2 2 2 2 2 2 2 2 2 2 2 2 2
left_child=3 2 4 6 -2 -6 10 9 -9 -8 11 -1 -12 -4
right_child=1 -3 13 -5 5 -7 7 8 -10 -11 12 -13 -14 -15
leaf_value=-0.00026752242128704818 0.0035759853936997796 0.047259997661769408 -0.0038462254637594098 0.0019664769908897678 -0.0068280290233106028 0.018788390284569658 -0.006720482545077653 0.0079327355857910908 -0.022147601664086046 0.0010397125676724563 -0.0026213690265776812 0.025712958442672101 -0.015877941752590378 -0.019273613862314701
leaf_weight=19837.262780944584 3904.0703323874623 50.513504643051419 661.68293397594243 4389.067990247393 359.27542583737522 53.25916725769639 1468.4058582967846 323.10185416508466 26.839938202523626 503.2758422952611 1000.1607400021749 184.98693388648098 133.38776976871304 84.145301063545048
leaf_count=117029 18654 3536 3220 17255 1888 132 9514 1971 180 2442 3716 5815 520 418
internal_value=0.000203819 0.00210573 0.00164593 -0.000145206 0.00290067 -0.00348345 -0.000540049 -0.0031845 0.00556909 -0.00474015 -0.000249713 -2.62148e-05 -0.00419393 -0.00561024
internal_weight=32979.4 5112.95 5062.43 27866.5 4316.6 412.535 23477.4 2321.62 349.942 1971.68 21155.8 20022.2 1133.55 745.828
internal_count=186290 27848 24312 158442 20674 2020 141187 14107 2151 11956 127080 122844 4236 3638
is_linear=0
shrinkage=0.05


Tree=186
num_leaves=15
num_cat=0
split_feature=1 1 3 0 16 1 0 1 9 66 0 39 50 0
split_gain=9.57813 62.3734 172.3 12.1238 12.375 8.97593 16.4542 11.5572 8.81795 8.34386 9.10806 8.04634 10.1678 13.4762
threshold=22.500000000000004 21.500000000000004 1.0000000180025095e-35 3032.5000000000005 1.0000000180025095e-35 4.5000000000000009 9134.5000000000018 2.5000000000000004 1.0000000180025095e-35 1.0000000180025095e-35 99.500000000000014 1.0000000180025095e-35 1.0000000180025095e-35 1582.5000000000002
decision_type=2 2 2 2 2 2 2 2 2 2 2 2 2 2
left_child=1 5 3 4 -3 6 7 -1 -8 10 -7 12 -2 -14
right_child=11 2 -4 -5 -6 9 8 -9 -10 -11 -12 -13 13 -15
leaf_value=0.00016090668133348976 -0.004090426352447751 -0.028248450548183836 0.0515332778168901 -0.063749072771751028 0.04261073894171287 0.0043123438543725221 0.0358960389236853 0.0060646562211856443 -0.00036630421133256161 -0.0023128880866985476 -1.8932402459517516e-05 -0.013157265876483436 0.012163686179483067 -0.017461293608645522
leaf_weight=2742.1622761352919 1250.6263631799957 60.842143182409927 185.06997925875476 22.563757450086996 5.9544328107731408 1283.8674475699663 54.428174691624008 1187.1890587266535 24.005231922492385 3777.2876464513829 21932.824975779164 188.74321172013879 210.86230617761612 45.960865424596705
leaf_count=8718 4628 4230 3340 575 435 6295 5105 4307 216 21413 125175 746 497 352
internal_value=0.000205968 0.000404468 0.0240933 -0.0326778 -0.0213965 0.000194003 0.00240169 0.00194572 0.0249327 -0.000133848 0.00022076 -0.00345226 -0.00222921 0.00681486
internal_weight=32972.4 31276.2 274.43 89.3603 66.7966 31001.8 4007.78 3929.35 78.4334 26994 23216.7 1696.19 1507.45 256.823
internal_count=186032 179809 8580 5240 4665 171229 18346 13025 5321 152883 131470 6223 5477 849
is_linear=0
shrinkage=0.05


Tree=187
num_leaves=15
num_cat=0
split_feature=20 25 28 34 44 34 43 32 41 0 1 1 64 0
split_gain=6.39876 13.1745 10.4897 15.5868 11.9027 8.98017 8.84034 14.1557 8.78639 7.82935 7.65358 7.49591 7.05992 6.14405
threshold=1.0000000180025095e-35 1.0000000180025095e-35 1.0000000180025095e-35 1.0000000180025095e-35 1.0000000180025095e-35 1.0000000180025095e-35 1.0000000180025095e-35 1.0000000180025095e-35 1.0000000180025095e-35 21467.500000000004 18.500000000000004 9.5000000000000018 1.0000000180025095e-35 28234.500000000004
decision_type=2 2 2 2 2 2 2 2 2 2 2 2 2 2
left_child=1 2 8 4 -4 6 7 -3 12 -2 -5 -10 -1 -11
right_child=9 5 3 10 -6 -7 -8 -9 11 13 -12 -13 -14 -15
leaf_value=-0.003504133953224737 0.00028896941882149401 -0.0097363480750369269 0.0032210891204758878 -0.036816707678228693 0.031749991975206476 0.050745276327274796 0.047755302692757046 0.046689472221070137 0.0015435511436782832 0.027080046171329326 0.0059065896624569264 -0.028565046999100244 -0.016062252212728841 -0.031034404244220739
leaf_weight=892.34894026012626 31286.124080522219 55.450277432915755 310.00831728044432 32.705085931462236 40.499739075661637 14.008184709469786 11.119214438484049 12.841267662006429 28.303378040203825 40.507420349109452 14.854198920191264 74.688268989906646 127.15801817143802 4.2691867506364352
leaf_count=5158 171946 331 1776 206 211 62 59 55 143 4467 88 470 773 658
internal_value=0.000161019 -0.00290815 -0.00403111 0.00293719 0.00659843 0.0152191 0.00839911 0.00139443 -0.00650266 0.000319212 -0.0236261 -0.0203556 -0.00508465 0.0209823
internal_weight=32944.9 1613.98 1520.57 398.067 350.508 93.4189 79.4108 68.2915 1122.5 31330.9 47.5593 102.992 1019.51 44.7766
internal_count=186403 9332 8825 2281 1987 507 445 386 6544 177071 294 613 5931 5125
is_linear=0
shrinkage=0.05


Tree=188
num_leaves=15
num_cat=0
split_feature=63 0 13 0 0 0 28 22 0 4 0 0 0 49
split_gain=10.3265 7.77233 7.35372 7.29542 8.78582 11.5214 10.7602 7.84141 6.84474 43.2106 139.837 32.7587 10.2937 8.05538
threshold=1.0000000180025095e-35 12990.500000000002 1.0000000180025095e-35 54.500000000000007 67.500000000000014 73.500000000000014 1.0000000180025095e-35 1.0000000180025095e-35 2281.5000000000005 1.0000000180025095e-35 4515.5000000000009 2514.5000000000005 1827.5000000000002 1.0000000180025095e-35
decision_type=2 2 2 2 2 2 2 2 2 2 2 2 2 2
left_child=1 8 -3 -2 6 -6 7 -5 12 11 -11 -10 13 -1
right_child=3 2 -4 4 5 -7 -8 -9 9 10 -12 -13 -14 -15
leaf_value=-0.00071137822614129843 -0.01308119504685102 0.0059051628411821728 0.045916889179478872 -0.0090015565338371541 -0.033630265115596067 0.002239475100051039 0.051681494286757848 0.031893652219287867 -0.0069932902054303031 0.050739070072491545 -0.0020688387212599592 -0.031108728790157244 0.0039402545878265754 0.0023887866789767324
leaf_weight=19887.073286871426 77.098145054653287 306.12097048928263 10.966591145377604 28.772925909608603 21.490131817758083 5026.2772198777529 18.451656479388475 18.418007479980588 533.66522244177759 129.99490647134371 2913.8479484170675 190.74427791027119 1465.4887749264017 2341.1271791160107
leaf_count=102393 264 10374 2416 101 78 19639 45 52 2998 2998 14077 12208 7377 11583
internal_value=4.05702e-05 -0.000341953 0.00742899 0.00208747 0.00231869 0.00208013 0.0203563 0.00728993 -0.000431947 -0.00241103 0.000202378 -0.0133773 -0.000117105 -0.000384769
internal_weight=32969.5 27779 317.088 5190.51 5113.41 5047.77 65.6426 47.1909 27461.9 3768.25 3043.84 724.41 23693.7 22228.2
internal_count=186603 166424 12790 20179 19915 19717 198 153 153634 32281 17075 15206 121353 113976
is_linear=0
shrinkage=0.05


Tree=189
num_leaves=15
num_cat=0
split_feature=61 39 49 44 42 17 14 19 23 60 52 3 48 15
split_gain=8.21876 10.6628 12.4874 14.4462 13.9348 10.7585 10.2694 9.38186 9.1619 16.0437 16.042 15.8697 11.7239 9.43307
threshold=1.0000000180025095e-35 1.0000000180025095e-35 1.0000000180025095e-35 1.0000000180025095e-35 1.0000000180025095e-35 1.0000000180025095e-35 1.0000000180025095e-35 1.0000000180025095e-35 1.0000000180025095e-35 1.0000000180025095e-35 1.0000000180025095e-35 1.0000000180025095e-35 1.0000000180025095e-35 1.0000000180025095e-35
decision_type=2 2 2 2 2 2 2 2 2 2 2 2 2 2
left_child=8 7 4 -4 5 -3 -6 -2 -1 10 12 13 -10 -11
right_child=1 2 3 -5 6 -7 -8 -9 9 11 -12 -13 -14 -15
leaf_value=0.0018396401788085236 -0.00061654230895192381 -0.0015323906022310287 0.017961854510402244 -0.02533400183409501 0.0092805473675254165 0.012499133413365424 0.04985604957560727 -0.0063992041193993892 -0.00023494758466260205 -0.023587875616294114 0.0098332741458055425 0.0065191126360096543 -0.010537266401044644 0.01575508297921047
leaf_weight=11719.990668536455 14616.682349462586 1483.6593381734565 205.45868786238134 20.375457792426459 274.90910315874498 149.45452832151204 15.620031610364093 735.79114933422534 2854.8867391201202 177.88763182773255 364.45028217369691 76.515702251635958 304.7250178795075 15.970423833467065
leaf_count=57323 92003 9391 1177 136 1713 878 92 4753 13603 1707 1707 373 1497 152
internal_value=0.000310468 -0.000432257 0.00286519 0.0139611 0.00155596 -0.000241432 0.0116256 -0.000894084 0.00114832 -0.00098692 -8.47976e-05 -0.0127016 -0.00123156 -0.0202825
internal_weight=33016.4 17502 2149.48 225.834 1923.64 1633.11 290.529 15352.5 15514.4 3794.44 3524.06 270.374 3159.61 193.858
internal_count=186505 110143 13387 1313 12074 10269 1805 96756 76362 19039 16807 2232 15100 1859
is_linear=0
shrinkage=0.05


Tree=190
num_leaves=15
num_cat=0
split_feature=0 12 13 17 10 0 14 17 10 0 17 29 13 0
split_gain=5.44119 24.5984 21.5195 14.136 13.093 8.92317 41.8278 32.1432 27.7874 5.34681 7.64017 5.87559 4.21022 15.3191
threshold=8299.0000000000018 1.0000000180025095e-35 1.0000000180025095e-35 1.0000000180025095e-35 1.0000000180025095e-35 2281.5000000000005 1.0000000180025095e-35 1.0000000180025095e-35 1.0000000180025095e-35 1794.5000000000002 1.0000000180025095e-35 1.0000000180025095e-35 1.0000000180025095e-35 79.500000000000014
decision_type=2 2 2 2 2 2 2 2 2 2 2 2 2 2
left_child=5 2 3 4 -2 9 7 8 -7 12 11 -11 -1 -14
right_child=1 -3 -4 -5 -6 6 -8 -9 -10 10 -12 -13 13 -15
leaf_value=0.00017802260073307208 -0.00039355971797961839 0.047470305622294977 0.042528265079723578 0.047372410473870863 0.047005122352876641 -0.004167191711075516 0.044182609279300379 0.046238640478398527 0.043656358269592375 0.0013524071236715796 0.037940289743594792 0.01033273615055182 0.034369965652296428 -0.0016221483343127599
leaf_weight=21168.519274362829 1112.4801050390815 29.557435422204435 30.903457346488722 15.127401662815826 13.762774247559717 3381.9227892494528 46.080112612340599 31.482761705759913 29.655627668602392 1677.2512941802852 14.188183713704346 203.39965214487165 28.736655705608428 5128.7086644945666
leaf_count=101972 11901 1832 3621 1426 1463 28849 359 403 407 7988 55 932 131 24862
internal_value=-0.000119174 0.00318172 0.00202553 0.000892617 0.000226841 -0.000244377 -0.00262938 -0.00326853 -0.00373881 5.05809e-05 0.00261516 0.00232864 -0.0001341 -0.00141498
internal_weight=32911.8 1201.83 1172.27 1141.37 1126.24 31709.9 3489.14 3443.06 3411.58 28220.8 1894.84 1880.65 26326 5157.45
internal_count=186201 20243 18411 14790 13364 165958 30018 29659 29256 135940 8975 8920 126965 24993
is_linear=0
shrinkage=0.05


Tree=191
num_leaves=15
num_cat=0
split_feature=57 23 60 0 38 47 0 0 22 0 13 0 0 34
split_gain=12.7708 13.1377 9.87388 10.0301 9.78119 9.39658 9.2752 8.00935 9.24779 8.55474 7.76441 22.6891 7.74792 7.59184
threshold=1.0000000180025095e-35 1.0000000180025095e-35 1.0000000180025095e-35 1227.5000000000002 1.0000000180025095e-35 1.0000000180025095e-35 1427.5000000000002 84.500000000000014 1.0000000180025095e-35 114.50000000000001 1.0000000180025095e-35 1427.5000000000002 169.50000000000003 1.0000000180025095e-35
decision_type=2 2 2 2 2 2 2 2 2 2 2 2 2 2
left_child=1 5 -2 4 -4 10 -5 8 -7 -9 13 -12 -6 -1
right_child=2 -3 3 6 12 7 -8 9 -10 -11 11 -13 -14 -15
leaf_value=0.0029324995859136217 -0.00048366125864152077 -0.0015918891117976692 -0.013788051236914574 0.026182609260640699 0.047632626878132453 0.030818091963211326 -0.0023955690180486439 -0.015473660561658276 -0.0023785771177339847 0.005001009656072964 -0.006051348383135393 0.0094746759274452891 -0.0012001766886300994 -0.002875280243335351
leaf_weight=4591.0182569837198 20765.372752157971 2806.3863977181027 383.74257010268047 31.253405584488064 10.089895414188502 60.396847843192518 236.23436136299279 51.337345469743013 31.662919384427369 2099.8309192832094 938.07752535771579 313.01789467502385 30.183915465604514 640.45495704875793
leaf_count=19530 130599 12196 3505 237 65 184 2568 202 116 8805 3432 2112 254 2733
internal_value=4.16587e-05 0.00138349 -0.000679553 -0.00655284 -0.0113267 0.00234051 0.0010286 0.0051291 0.0194976 0.00450542 0.0013749 -0.00216235 0.0118917 0.00222108
internal_weight=32989.1 11532.2 21456.9 691.504 424.016 8725.8 267.488 2243.23 92.0598 2151.17 6482.57 1251.1 40.2738 5231.47
internal_count=186538 49310 137228 6629 3824 37114 2805 9307 300 9007 27807 5544 319 22263
is_linear=0
shrinkage=0.05


Tree=192
num_leaves=15
num_cat=0
split_feature=58 18 0 25 24 0 0 9 16 0 43 61 0 62
split_gain=9.7958 7.56098 27.6312 21.3476 15.2381 14.0677 10.678 43.0573 142.721 21.9901 9.01448 11.5424 9.93688 7.3075
threshold=1.0000000180025095e-35 1.0000000180025095e-35 2238.5000000000005 1.0000000180025095e-35 1.0000000180025095e-35 7220.5000000000009 5846.5000000000009 1.0000000180025095e-35 1.0000000180025095e-35 8299.0000000000018 1.0000000180025095e-35 1.0000000180025095e-35 974.50000000000011 1.0000000180025095e-35
decision_type=2 2 2 2 2 2 2 2 2 2 2 2 2 2
left_child=1 6 10 4 -4 -5 -1 8 -8 -9 12 -12 -3 -2
right_child=13 2 3 5 -6 -7 7 9 -10 -11 11 -13 -14 -15
leaf_value=-0.0003524352278577624 0.0037878334387596011 0.0036875154213469375 -0.0049076364821414847 -0.020963525691882354 -0.023926227291191662 -0.070916500816385827 0.033472048601238272 -0.022662668189069597 -0.0021505714587371589 -0.0013994310366704701 0.023754107399800408 -0.00062330094108448229 -0.0049778682621660544 -0.0014993021145069414
leaf_weight=25071.110990800022 2636.9186025641393 708.27180972788483 711.46149079955649 46.108757189940661 122.81793317582924 20.231590509181842 397.94501941843191 176.23243966326118 952.11264819023199 387.7824723366648 93.08153922110796 100.25041717477143 619.06946682929993 868.15519334166311
leaf_count=137620 8512 3618 6129 350 953 133 15382 681 4577 1381 379 580 3289 2822
internal_value=-1.99311e-05 -0.000317771 -0.00299373 -0.00992906 -0.00773274 -0.0370244 -7.75641e-05 0.00352109 0.00836661 -0.00807171 0.00111755 0.0111753 -0.000354708 0.00247823
internal_weight=32911.6 29406.5 2421.29 900.62 834.279 66.3403 26985.2 1914.07 1350.06 564.015 1520.67 193.332 1327.34 3505.07
internal_count=186406 175072 15431 7565 7082 483 159641 22021 19959 2062 7866 959 6907 11334
is_linear=0
shrinkage=0.05


Tree=193
num_leaves=15
num_cat=0
split_feature=9 0 13 15 14 0 4 0 10 14 23 32 20 28
split_gain=9.48935 16.5779 26.5125 27.0932 24.8145 17.3331 129.471 80.3923 16.5456 13.8545 13.3688 9.37589 8.43528 9.06164
threshold=1.0000000180025095e-35 5846.5000000000009 1.0000000180025095e-35 1.0000000180025095e-35 1.0000000180025095e-35 4363.5000000000009 1.0000000180025095e-35 2514.5000000000005 1.0000000180025095e-35 1.0000000180025095e-35 1.0000000180025095e-35 1.0000000180025095e-35 1.0000000180025095e-35 1.0000000180025095e-35
decision_type=2 2 2 2 2 2 2 2 2 2 2 2 2 2
left_child=1 5 3 4 -3 6 7 -1 9 -7 -4 -12 13 -2
right_child=12 2 10 -5 -6 8 -8 -9 -10 -11 11 -13 -14 -15
leaf_value=0.00016831371189031369 -0.035395400242137276 0.0011833456761804009 0.039294486220468855 0.032610760596694592 0.047384604021431506 -0.0078755118485812122 0.05058533517457519 -0.032515664224085299 0.046161725240550427 0.038583293220148099 0.010749482808168249 -0.070275215276971725 -0.0034633948196117351 0.011429713404822503
leaf_weight=28539.070396021008 39.871625286992639 1683.5990199088119 79.028080038493499 74.387908416101709 28.574925376276951 1010.2685012702132 125.81422342383303 188.3899918946554 13.781139182858167 15.330114114796741 30.191551766125485 3.0323664887109762 1068.618943627167 13.281912574544547
leaf_count=137591 220 16215 3075 2232 1062 4609 3163 11589 117 70 969 114 5333 68
internal_value=7.50609e-05 0.0002346 0.00476357 0.00327447 0.00198162 -5.32347e-05 0.000175381 -4.71468e-05 -0.00639369 -0.00714416 0.0282254 0.001517 -0.00444252 -0.0236998
internal_weight=32913.2 31791.5 1898.81 1786.56 1712.17 29892.7 28853.3 28727.5 1039.38 1025.6 112.252 33.2239 1121.77 53.1535
internal_count=186427 180806 23667 19509 17277 157139 152343 149180 4796 4679 4158 1083 5621 288
is_linear=0
shrinkage=0.05


Tree=194
num_leaves=15
num_cat=0
split_feature=57 28 17 69 14 32 1 40 19 25 11 37 1 1
split_gain=7.13199 8.75635 17.8078 17.2925 14.1008 12.5298 15.9537 11.9264 11.1713 20.4139 10.1094 8.92016 8.23066 15.4991
threshold=1.0000000180025095e-35 1.0000000180025095e-35 1.0000000180025095e-35 1.0000000180025095e-35 1.0000000180025095e-35 1.0000000180025095e-35 16.500000000000004 1.0000000180025095e-35 1.0000000180025095e-35 1.0000000180025095e-35 1.0000000180025095e-35 1.0000000180025095e-35 4.5000000000000009 1.5000000000000002
decision_type=2 2 2 2 2 2 2 2 2 2 2 2 2 2
left_child=-1 8 3 11 -5 7 -7 -4 12 10 -10 -3 13 -2
right_child=1 2 5 4 -6 6 -8 -9 9 -11 -12 -13 -14 -15
leaf_value=0.00092693637097895519 -0.0021513175908895016 -0.0017667866375903397 0.015836635169851062 0.0091625735903710769 -0.022754562845087332 -0.03469097956748695 0.02607712741747157 -0.015345250691582622 -0.011700030877411524 0.027205325974189665 0.004328546043883651 0.0057005880498565481 -0.0013748225839146728 0.0063725203147362618
leaf_weight=11489.382237403654 1101.7116736342432 3733.7076899262029 378.46863798756385 665.43626561696874 35.561719669145532 30.385549965430982 15.588251789682543 32.576920061488636 599.68615463888273 40.019616635399871 117.09605542034842 446.90488805487985 13151.522280804929 1032.0003204861423
leaf_count=49388 4569 24042 2165 4220 248 184 106 198 4064 248 722 2746 88232 5257
internal_value=-7.77175e-05 -0.000617609 0.00113627 0.000251754 0.00751331 0.010563 -0.0139699 0.0133341 -0.00120132 -0.00712707 -0.00907916 -0.000967357 -0.000907473 0.00197241
internal_weight=32870 21380.7 5338.63 4881.61 700.998 457.019 45.9738 411.046 16042 756.802 716.782 4180.61 15285.2 2133.71
internal_count=186389 137001 33909 31256 4468 2653 290 2363 103092 5034 4786 26788 98058 9826
is_linear=0
shrinkage=0.05


Tree=195
num_leaves=15
num_cat=0
split_feature=25 18 4 51 41 1 4 1 39 66 19 8 9 49
split_gain=7.11115 17.3644 24.2047 12.5948 12.225 10.6261 8.7067 9.63394 7.94768 15.2242 6.55662 8.93844 7.68799 7.26803
threshold=1.0000000180025095e-35 1.0000000180025095e-35 1.0000000180025095e-35 1.0000000180025095e-35 1.0000000180025095e-35 18.500000000000004 1.0000000180025095e-35 18.500000000000004 1.0000000180025095e-35 1.0000000180025095e-35 1.0000000180025095e-35 1.0000000180025095e-35 1.0000000180025095e-35 1.0000000180025095e-35
decision_type=2 2 2 2 2 2 2 2 2 2 2 2 2 2
left_child=10 2 3 5 -5 -2 8 -8 9 -3 13 12 -12 -1
right_child=1 6 -4 4 -6 -7 7 -9 -10 -11 11 -13 -14 -15
leaf_value=-0.00015944633654615655 0.0019873746610220904 -0.020673937947649625 0.027709625979268487 -0.014525260790272582 0.024328612736302574 0.012331958036058547 -0.038851179494877985 0.0020906872461541326 0.037733236786146596 0.043929467123786786 -0.001761408451752131 -0.021336417814112399 -0.021822238545583825 0.0024033914833682998
leaf_weight=26602.85188408813 891.14969197940081 46.815855858265422 106.50967424560804 152.36078202456702 22.401970647275448 343.3828193974332 46.478035196661949 20.462773286737502 10.081531672738491 10.294313572347162 1386.6173363835551 64.565331626567058 48.477355765644461 3086.4467356113018
leaf_count=151216 4451 396 1302 808 104 1857 218 93 68 60 8064 416 258 16889
internal_value=0.000113351 0.00331132 0.0048396 0.00309274 -0.00943469 0.00487235 -0.0138675 -0.0264893 -0.0010888 -0.00847337 -5.59263e-05 -0.00328042 -0.00245378 0.000107054
internal_weight=32838.9 1649.94 1515.8 1409.3 174.763 1234.53 134.133 66.9408 67.1917 57.1102 31189 1499.66 1435.09 29689.3
internal_count=186200 9357 8522 7220 912 6308 835 311 524 456 176843 8738 8322 168105
is_linear=0
shrinkage=0.05


Tree=196
num_leaves=15
num_cat=0
split_feature=0 15 0 10 14 1 14 1 64 15 0 0 22 3
split_gain=9.47503 30.7167 28.4911 25.5858 23.996 22.9579 10.9464 10.8491 9.07317 10.3023 13.2996 9.02798 10.6705 9.00832
threshold=5608.5000000000009 1.0000000180025095e-35 4515.5000000000009 1.0000000180025095e-35 1.0000000180025095e-35 9.5000000000000018 1.0000000180025095e-35 22.500000000000004 1.0000000180025095e-35 1.0000000180025095e-35 813.50000000000011 376.50000000000006 1.0000000180025095e-35 1.0000000180025095e-35
decision_type=2 2 2 2 2 2 2 2 2 2 2 2 2 2
left_child=2 3 8 4 5 -2 7 13 9 -1 -11 -10 -13 -4
right_child=1 -3 6 -5 -6 -7 -8 -9 11 10 -12 12 -14 -15
leaf_value=0.00029933699670048303 0.010292919534299269 0.033015974560905284 -0.0096721705655693178 0.049402553114245185 0.046082056910848074 -0.0013205301202925731 0.037396359146761753 -0.038721317603049421 -0.00048188313207079533 -0.0054929675530422245 0.0018587990730977479 0.0066520536421453757 -0.00012747949139206674 0.0065779252966410426
leaf_weight=22315.693410276843 537.95937227236573 82.250173048232682 840.0103306529345 27.35434951831121 29.028715431981254 2021.5565855912282 11.924574011936782 28.796256717294455 1599.3612148752436 1783.2446773033589 938.2558058956638 1675.2800858315313 887.73003192886245 94.211402773391455
leaf_count=119866 7801 2232 3338 1674 1052 13731 51 126 7666 8794 5060 9302 4984 558
internal_value=0.00027751 0.00311571 2.36286e-05 0.00216332 0.00164523 0.00112345 -0.00838012 -0.00898516 0.000304498 -5.49041e-05 -0.00295864 0.00246584 0.00430475 -0.00802815
internal_weight=32872.7 2698.15 30174.5 2615.9 2588.54 2559.52 974.943 963.018 29199.6 25037.2 2721.5 4162.37 2563.01 934.222
internal_count=186235 26490 159745 24258 22584 21532 4073 4022 155672 133720 13854 21952 14286 3896
is_linear=0
shrinkage=0.05


Tree=197
num_leaves=15
num_cat=0
split_feature=6 11 38 4 58 28 48 67 62 62 49 4 2 15
split_gain=6.3931 12.4838 19.5362 13.3043 10.239 9.75728 8.63294 14.1148 11.7327 8.82659 8.21048 7.66178 7.9327 16.3871
threshold=1.0000000180025095e-35 1.0000000180025095e-35 1.0000000180025095e-35 1.0000000180025095e-35 1.0000000180025095e-35 1.0000000180025095e-35 1.0000000180025095e-35 1.0000000180025095e-35 1.0000000180025095e-35 1.0000000180025095e-35 1.0000000180025095e-35 1.0000000180025095e-35 1.0000000180025095e-35 1.0000000180025095e-35
decision_type=2 2 2 2 2 2 2 2 2 2 2 2 2 2
left_child=4 6 3 10 -1 -4 -2 9 -9 -8 -3 12 -6 -14
right_child=1 2 5 -5 11 -7 7 8 -10 -11 -12 -13 13 -15
leaf_value=-0.0010191037255087045 0.00059038189721247582 0.003676960753368061 0.013192205001764455 0.048082876732182117 0.003631166546122824 0.039973443387937152 -0.0040220700138604605 -0.0010196610176095976 0.029400191384980845 -0.016337781496249031 -0.0081913080662082208 0.01351639783831185 -0.0004906273444365781 -0.029125274429978677
leaf_weight=18983.263824393973 8806.3391408305033 1449.2758593063336 126.73660333646694 15.162280471005941 1539.5221257995581 46.446714658290148 571.00817374634789 84.672444513998926 49.602360577089712 194.71604389720596 161.05737950000912 147.64569312799722 512.90393747843336 54.361219603568316
leaf_count=113416 50198 6947 639 1080 4413 234 3435 534 228 1093 775 1206 1517 173
internal_value=-0.000126516 0.000822686 0.0046475 0.00294023 -0.000640738 0.020563 0.000113505 -0.00454813 0.010352 -0.00717106 0.00248561 0.0025443 0.00176932 -0.00328112
internal_weight=32742.7 11505 1798.68 1625.5 21237.7 173.183 9706.34 899.999 134.275 765.724 1610.33 2254.43 2106.79 567.265
internal_count=185888 65163 9675 8802 120725 873 55488 5290 762 4528 7722 7309 6103 1690
is_linear=0
shrinkage=0.05


Tree=198
num_leaves=15
num_cat=0
split_feature=18 25 70 4 25 17 11 46 66 40 36 15 24 42
split_gain=5.93132 18.9037 12.8979 12.4097 40.2116 38.2715 38.6611 10.5256 12.0284 11.5268 11.2931 10.3489 10.307 16.2205
threshold=1.0000000180025095e-35 1.0000000180025095e-35 1.0000000180025095e-35 1.0000000180025095e-35 1.0000000180025095e-35 1.0000000180025095e-35 1.0000000180025095e-35 1.0000000180025095e-35 1.0000000180025095e-35 1.0000000180025095e-35 1.0000000180025095e-35 1.0000000180025095e-35 1.0000000180025095e-35 1.0000000180025095e-35
decision_type=2 2 2 2 2 2 2 2 2 2 2 2 2 2
left_child=3 2 12 7 5 6 -5 8 10 -9 -1 -10 -2 -14
right_child=1 -3 -4 4 -6 -7 -8 9 11 -11 -12 -13 13 -15
leaf_value=-0.00051059208097397886 0.0010710746632329423 -0.020486847232316249 -0.010602337843162578 0.00056746521896737154 0.033539117459510076 0.050498573198610321 0.046755727412962043 0.0035710776343094762 -0.0023422908011599785 -0.0091698465851469037 0.0037460834957431899 -0.010760102856178698 -0.0048938504281035231 -0.044290634917638488
leaf_weight=19345.76473401289 2015.4574406889733 136.03858192381449 332.38628414721461 2790.3832051929203 103.78381506039295 39.117924940539524 45.053809562581591 2515.4424980531912 2975.5433806540095 190.04439914395334 1693.6478747612564 415.37944375525694 194.52464574243641 29.245357315056026
leaf_count=99995 12104 847 2167 22896 1264 1721 3386 12982 15610 1050 8712 2128 1186 203
internal_value=-0.000150778 -0.00239191 -0.00142709 5.08011e-05 0.00311396 0.0020042 0.0013176 -0.000285504 -0.000613238 0.00267305 -0.000167773 -0.00337632 -6.10108e-05 -0.0102169
internal_weight=32821.8 2707.65 2571.61 30114.2 2978.34 2874.55 2835.44 27135.8 24430.3 2705.49 21039.4 3390.92 2239.23 223.77
internal_count=186251 16507 15660 169744 29267 28003 26282 140477 126445 14032 108707 17738 13493 1389
is_linear=0
shrinkage=0.05


Tree=199
num_leaves=15
num_cat=0
split_feature=0 17 10 14 0 11 0 22 12 38 32 0 69 0
split_gain=7.56725 40.6926 34.989 28.4356 29.5777 18.7273 11.4665 11.8322 18.565 10.1711 8.58335 8.42333 8.03683 11.8708
threshold=2154.5000000000005 1.0000000180025095e-35 1.0000000180025095e-35 1.0000000180025095e-35 2415.5000000000005 1.0000000180025095e-35 1827.5000000000002 1.0000000180025095e-35 1.0000000180025095e-35 1.0000000180025095e-35 1.0000000180025095e-35 2619.5000000000005 1.0000000180025095e-35 2040.5000000000002
decision_type=2 2 2 2 2 2 2 2 2 2 2 2 2 2
left_child=6 2 3 5 -5 -2 -1 8 10 -10 -8 -4 -9 -14
right_child=1 -3 11 4 -6 -7 7 12 9 -11 -12 -13 13 -15
leaf_value=0.00020487614313955397 -0.0033494437012279617 0.046216601989156988 -0.03106079829455255 -0.041722287669706093 0.049073198891695015 0.01859672320034849 0.012792568620305388 0.001266946162527008 -0.016895887513091817 0.02922209606971763 -0.0065527532577786532 0.048668682157859411 -0.0012384030902492184 -0.044419898094437894
leaf_weight=26419.416325590108 4782.8382991793333 42.966231619007885 2.9403984241653225 10.234578241594134 46.735273161437362 98.241746048734058 691.84945733938366 399.59879945823923 92.933194284792989 12.774493930861352 61.909496643580496 39.535663633199874 42.913635019212961 24.3541946914047
leaf_count=127436 43294 1844 26 59 1278 3955 3142 1903 481 55 293 1906 204 122
internal_value=0.000109396 -0.00167608 -0.00209844 -0.00249113 0.0323235 -0.00290401 0.000432712 0.00496744 0.00844487 -0.011101 0.0111971 0.0425619 -0.00143861 -0.0172938
internal_weight=32769.2 5023.49 4980.53 4938.05 56.9699 4881.08 27745.7 1326.33 859.467 105.708 753.759 42.4761 466.867 67.2678
internal_count=185998 52362 50518 48586 1337 47249 133636 6200 3971 536 3435 1932 2229 326
is_linear=0
shrinkage=0.05


Tree=200
num_leaves=15
num_cat=0
split_feature=0 13 12 37 19 0 0 17 10 14 0 31 0 13
split_gain=4.5715 7.67474 7.03718 6.81981 9.18971 6.14027 5.72839 37.8524 30.6136 28.5665 11.7346 11.0645 13.3704 9.76936
threshold=12990.500000000002 1.0000000180025095e-35 1.0000000180025095e-35 1.0000000180025095e-35 1.0000000180025095e-35 28234.500000000004 2281.5000000000005 1.0000000180025095e-35 1.0000000180025095e-35 1.0000000180025095e-35 1700.5000000000002 1.0000000180025095e-35 2154.5000000000005 1.0000000180025095e-35
decision_type=2 2 2 2 2 2 2 2 2 2 2 2 2 2
left_child=6 2 3 5 -5 -2 10 8 9 -8 -1 13 -13 -12
right_child=1 -3 -4 4 -6 -7 7 -9 -10 -11 11 12 -14 -15
leaf_value=0.00010218697733702426 0.0064659377441985653 0.045804978523524192 0.045294103745576492 -0.0096874692385505567 -0.10155889753981694 -0.054858300248193853 -0.0027932286906139081 0.048803871725561151 0.044485127883002656 0.036519791561251055 0.00028919615779884065 0.020504379443508192 -0.014378940940296476 0.0074008317072784399
leaf_weight=25873.23717395775 286.35132287355373 10.688618179818148 9.2696379629196581 28.517863371991556 2.0481303655542424 3.1493160987738511 4209.5219262855826 36.011914402712137 34.162370974663645 45.725182158406824 1403.0278747677803 170.31244984362274 31.974591639824212 735.42918256716803
leaf_count=124743 8583 2738 1357 962 64 410 34294 771 805 587 6699 768 170 3430
internal_value=0.000209551 0.00596849 0.00454085 0.00322317 -0.0188658 0.00561228 0.000149191 -0.00154493 -0.00197891 -0.00236231 0.000408958 0.00379834 0.0149469 0.00273725
internal_weight=32879.4 340.025 329.336 320.067 30.566 289.501 32539.4 4325.42 4289.41 4255.25 28214 2340.74 202.287 2138.46
internal_count=186381 14114 11376 10019 1026 8993 172267 36457 35686 34881 135810 11067 938 10129
is_linear=0
shrinkage=0.05


Tree=201
num_leaves=15
num_cat=0
split_feature=6 36 0 29 34 0 0 48 50 57 49 36 0 10
split_gain=8.1847 20.4991 11.5541 22.8311 18.0406 16.6801 14.2007 11.3326 11.1314 11.6441 12.3865 10.55 27.1429 34.3576
threshold=1.0000000180025095e-35 1.0000000180025095e-35 99.500000000000014 1.0000000180025095e-35 1.0000000180025095e-35 184.50000000000003 36.500000000000007 1.0000000180025095e-35 1.0000000180025095e-35 1.0000000180025095e-35 1.0000000180025095e-35 1.0000000180025095e-35 765.50000000000011 1.0000000180025095e-35
decision_type=2 2 2 2 2 2 2 2 2 2 2 2 2 2
left_child=11 2 3 4 -2 -4 -5 -7 9 10 -3 -1 -13 -14
right_child=1 8 5 6 -6 7 -8 -9 -10 -11 -12 12 13 -15
leaf_value=-0.00061946792536013862 0.0077855232309709532 -0.0081157381673527557 -0.0048632012066495839 0.029802010405426821 0.032535539971724863 0.0027742682523903789 -0.033780203062509083 -0.0032250202431918363 -0.020243268966669489 0.00059491557897853201 -0.040667680243613141 0.008725249656076536 -0.0063743048796001305 0.049008148965643011
leaf_weight=19589.969290925132 465.95969192543998 226.41848536481848 916.79787837900221 10.039049526676534 86.725731174461544 8312.9866091170115 44.863151993602514 868.6661908053793 116.67665695055621 518.63996763108298 32.722171365108807 1008.3364616348408 672.78932465030812 28.224136245378759
leaf_count=111224 2164 1032 4472 38 356 47805 233 5155 726 3337 164 4734 4732 217
internal_value=0.000291314 0.00135986 0.00196754 0.00865849 0.011721 0.00156415 -0.0218288 0.00220639 -0.0059077 -0.00373395 -0.0123667 -0.000290699 0.00347531 -0.00407787
internal_weight=32899.8 11600.5 10706 607.588 552.685 10098.5 54.9022 9181.65 894.457 777.781 259.141 21299.3 1709.35 701.013
internal_count=186389 65482 60223 2791 2520 57432 271 52960 5259 4533 1196 120907 9683 4949
is_linear=0
shrinkage=0.05


Tree=202
num_leaves=15
num_cat=0
split_feature=0 0 49 27 69 10 61 0 62 32 32 70 42 15
split_gain=7.31421 6.99282 6.57011 10.1536 8.07493 13.3343 8.39222 7.2495 9.8902 8.92332 6.78626 13.3222 12.2824 11.2463
threshold=22147.500000000004 26368.500000000004 1.0000000180025095e-35 1.0000000180025095e-35 1.0000000180025095e-35 1.0000000180025095e-35 1.0000000180025095e-35 1555.5000000000002 1.0000000180025095e-35 1.0000000180025095e-35 1.0000000180025095e-35 1.0000000180025095e-35 1.0000000180025095e-35 1.0000000180025095e-35
decision_type=2 2 2 2 2 2 2 2 2 2 2 2 2 2
left_child=2 -2 10 7 6 -6 -5 8 -4 -9 -1 12 -12 -13
right_child=1 -3 3 4 5 -7 -8 9 -10 -11 11 13 -14 -15
leaf_value=0.00017482580127621298 0.031662850825115212 -0.019516950566858923 -0.00063470985858465629 -0.00053026573320568836 0.010812785903505177 0.054351705956848788 0.0084768629008788402 -0.0075376228353028017 0.0078016232768578428 0.012939685886932041 -0.0025260775814047363 -0.0082338674978490716 0.0071721106595457581 -0.038062301356273059
leaf_weight=26471.082887639757 31.695120092830621 7.6588003601063965 1218.8476620921865 491.76388514996506 160.04619179351721 18.904033252736554 544.19294915569481 439.99737040873151 484.8295939732343 59.578993782168254 2091.0350517974584 366.00492772180587 385.85078175872331 33.735173954395577
leaf_count=146919 3447 1375 5965 2322 862 83 3147 3469 2006 422 11664 2154 2088 231
internal_value=0.000192018 0.0214658 0.000165812 0.00224009 0.00590786 0.0156887 0.00420483 0.000215861 0.00176926 -0.00507455 -7.58491e-05 -0.00238185 -0.001013 -0.0108399
internal_weight=32805.2 39.3539 32765.9 3418.16 1214.91 178.95 1035.96 2203.25 1703.68 499.576 29347.7 2876.63 2476.89 399.74
internal_count=186154 4822 181332 18276 6414 945 5469 11862 7971 3891 163056 16137 13752 2385
is_linear=0
shrinkage=0.05


Tree=203
num_leaves=15
num_cat=0
split_feature=1 9 21 0 24 1 5 1 1 0 18 1 38 0
split_gain=6.76124 9.63925 15.0559 11.3961 7.76858 13.6275 6.21082 15.9472 13.8273 20.2348 11.9597 9.00531 8.21041 8.10953
threshold=1.5000000000000002 1.0000000180025095e-35 1.0000000180025095e-35 11146.500000000002 1.0000000180025095e-35 1.0000000180025095e-35 1.0000000180025095e-35 21.500000000000004 9.5000000000000018 676.50000000000011 1.0000000180025095e-35 22.500000000000004 1.0000000180025095e-35 2154.5000000000005
decision_type=2 2 2 2 2 2 2 2 2 2 2 2 2 2
left_child=1 3 -3 4 -1 -6 13 8 9 -8 -10 -9 -13 -2
right_child=6 2 -4 -5 5 -7 7 11 10 -11 -12 12 -14 -15
leaf_value=-0.0018241519975588682 0.00060929992825792516 -0.042708765947645798 0.014979679773508829 0.040788453205189576 -0.00039308241311292332 -0.028255982980257766 -0.0040951447365746912 0.031200476814416751 -0.0031527248732527505 0.011197024691373732 -0.014210024327932287 0.0028667039356398438 0.031900227252982284 -0.0018113366519303701
leaf_weight=1781.9183318293653 22188.625832813326 34.351164466701448 16.014332676306367 14.100451492704449 98.695055392570794 78.059606178663671 462.31079674512148 39.741770070220809 3075.0575750415446 404.92583737487439 264.82495327712968 235.27688944374677 26.199141381308436 4098.1997932519298
leaf_count=5636 109973 188 62 1924 306 286 1967 1289 17836 2803 1657 835 79 41484
internal_value=-0.000246217 -0.00304545 -0.0244315 -0.00248736 -0.00281956 -0.0127878 -6.22234e-05 -0.00177661 -0.002573 0.00304967 -0.00403347 0.0093183 0.00588623 0.00023186
internal_weight=32818.3 2023.14 50.3655 1972.77 1958.67 176.755 30795.2 4508.34 4207.12 867.237 3339.88 301.218 261.476 26286.8
internal_count=186325 8402 250 8152 6228 592 177923 26466 24263 4770 19493 2203 914 151457
is_linear=0
shrinkage=0.05


Tree=204
num_leaves=15
num_cat=0
split_feature=3 1 0 0 1 1 1 0 55 0 47 34 45 0
split_gain=9.11685 31.8117 16.6644 12.8074 11.9802 17.0949 141.804 9.91038 8.54864 9.24272 8.22319 7.22342 7.06794 11.9228
threshold=1.0000000180025095e-35 21.500000000000004 9574.5000000000018 3032.5000000000005 2.5000000000000004 22.500000000000004 21.500000000000004 4679.5000000000009 1.0000000180025095e-35 867.50000000000011 1.0000000180025095e-35 1.0000000180025095e-35 1.0000000180025095e-35 4851.5000000000009
decision_type=2 2 2 2 2 2 2 2 2 2 2 2 2 2
left_child=1 12 4 10 8 6 -6 -7 -2 -10 11 -3 -1 -14
right_child=2 3 -4 -5 5 7 -8 -9 9 -11 -12 -13 13 -15
leaf_value=-0.00061093581816790393 0.00035398411742835665 -0.015500175243694772 0.01955458705645792 -0.062383539819022837 0.0023199208078314528 0.00032287962560052184 0.051426002165822916 -0.016874464475364007 -0.01066666190153237 0.0013933831593002212 -0.048001178124515466 0.038395065198913239 0.0037145972575447547 -0.008288762480595787
leaf_weight=24167.706977953436 2037.6164284306578 42.836504303675611 125.95688805379905 22.249333717627451 1838.6468202015385 1617.50775917992 158.8018307115417 87.347640721127391 421.37008363008499 254.32016946515068 16.652797216083854 6.2736889284569761 1887.1783818276599 231.38347382401116
leaf_count=137978 6502 3115 8758 581 6730 4560 2000 462 1179 1048 1173 380 10602 1418
internal_value=-5.47906e-05 -0.00046922 0.00161592 -0.0303096 0.00126074 0.00311008 0.00624775 -0.000567596 -0.00126289 -0.00613208 -0.0186863 -0.00798639 -0.000368158 0.00240033
internal_weight=32915.8 26374.3 6541.57 88.0123 6415.61 3702.3 1997.45 1704.86 2713.31 675.69 65.763 49.1102 26286.3 2118.56
internal_count=186486 155247 31239 5249 22481 13752 8730 5022 8729 2227 4668 3495 149998 12020
is_linear=0
shrinkage=0.05


Tree=205
num_leaves=15
num_cat=0
split_feature=0 0 0 48 0 7 70 41 25 23 25 18 0 0
split_gain=4.78777 7.75549 4.62249 13.0125 21.8756 6.90773 6.59801 10.907 10.1216 4.36184 4.07156 21.2654 32.6961 23.3392
threshold=22857.000000000004 26368.500000000004 67.500000000000014 1.0000000180025095e-35 46.500000000000007 1.0000000180025095e-35 1.0000000180025095e-35 1.0000000180025095e-35 1.0000000180025095e-35 1.0000000180025095e-35 1.0000000180025095e-35 1.0000000180025095e-35 5608.5000000000009 709.50000000000011
decision_type=2 2 2 2 2 2 2 2 2 2 2 2 2 2
left_child=2 -2 3 6 5 -5 8 -8 -1 -6 -4 12 -12 -13
right_child=1 -3 10 4 9 -7 7 -9 -10 -11 11 13 -14 -15
leaf_value=0.0014810909841396159 0.033548531418924971 -0.023031978077050593 -0.00014842757664398229 0.0074127070554228409 0.04579343893344668 -0.043534111709621466 0.0067458834154461968 0.053011066498932585 -0.021892032426079344 0.010697556243910646 0.0025009597192353185 0.016816946675393626 0.037126846388520596 -0.029305879736852863
leaf_weight=595.75636379094794 23.040790381492119 7.3057075005490324 30441.863175225444 14.023840712383389 46.459658811800182 11.253927493467927 103.73407688736916 13.597115173004566 49.21626210398972 11.777693952433763 1384.8672266459907 37.288811414502561 70.720208899816498 97.291457828483544
leaf_count=2804 2713 1343 169623 74 196 63 492 57 255 58 7165 172 878 658
internal_value=9.54622e-05 0.019627 7.68381e-05 0.00372309 0.0223384 -0.0160629 0.00165707 0.0125101 -0.000333583 0.0389962 -1.95559e-05 0.00244608 0.0042076 -0.0164966
internal_weight=32908.2 30.3465 32877.8 845.819 83.5151 25.2778 762.304 117.331 644.973 58.2374 32032 1590.17 1455.59 134.58
internal_count=186551 4056 182495 3999 391 137 3608 549 3059 254 178496 8873 8043 830
is_linear=0
shrinkage=0.05


end of trees

feature_importances:
amount_(INR)=686
hour_of_day=402
is_night_transaction=217
merchant_category_Education=158
is_high_amount=146
merchant_category_Shopping=89
sender_age_group_18-25=78
device_type_Android=78
merchant_category_Utilities=75
device_type_Web=75
merchant_category_Food=66
network_type_4G=62
network_type_3G=60
network_type_WiFi=52
merchant_category_Grocery=49
merchant_category_Entertainment=44
merchant_category_Transport=41
merchant_category_Other=30
merchant_category_Fuel=28
merchant_category_Healthcare=28
sender_age_group_56+=27
sender_age_group_36-45=26
receiver_bank_Axis=24
receiver_age_group_36-45=18
sender_age_group_26-35=16
receiver_bank_SBI=16
sender_bank_SBI=14
network_type_5G=14
sender_state_Delhi=12
transaction_type_Bill_Payment=11
day_of_week_Friday=11
sender_state_Karnataka=10
sender_state_Rajasthan=10
sender_age_group_46-55=9
sender_state_Andhra_Pradesh=9
sender_state_Maharashtra=9
sender_bank_HDFC=9
sender_bank_ICICI=9
receiver_bank_HDFC=9
transaction_status_FAILED=8
sender_state_Telangana=8
sender_state_Uttar_Pradesh=8
sender_bank_IndusInd=8
day_of_week_Tuesday=8
sender_bank_Yes_Bank=7
receiver_bank_IndusInd=7
day_of_week_Saturday=7
day_of_week_Wednesday=7
transaction_type_P2M=6
sender_state_Tamil_Nadu=6
sender_bank_PNB=6
receiver_bank_ICICI=6
day_of_week_Monday=6
sender_state_West_Bengal=5
sender_bank_Axis=5
receiver_bank_PNB=5
device_type_iOS=5
day_of_week_Thursday=5
receiver_age_group_18-25=4
receiver_bank_Yes_Bank=4
receiver_age_group_26-35=3
receiver_age_group_46-55=3
sender_state_Gujarat=3
receiver_bank_Kotak=3
day_of_week_Sunday=3
transaction_type_P2P=2
transaction_type_Recharge=2
transaction_status_SUCCESS=2
receiver_age_group_56+=2
sender_bank_Kotak=2
is_weekend=1

parameters:
[boosting: gbdt]
[objective: binary]
[metric: auc,average_precision]
[tree_learner: serial]
[device_type: cpu]
[data_sample_strategy: bagging]
[data: ]
[valid: ]
[num_iterations: 600]
[learning_rate: 0.05]
[num_leaves: 15]
[num_threads: 1]
[seed: 42]
[deterministic: 0]
[force_col_wise: 0]
[force_row_wise: 0]
[histogram_pool_size: -1]
[max_depth: 5]
[min_data_in_leaf: 50]
[min_sum_hessian_in_leaf: 0.001]
[bagging_fraction: 0.8]
[pos_bagging_fraction: 1]
[neg_bagging_fraction: 1]
[bagging_freq: 1]
[bagging_seed: 400]
[bagging_by_query: 0]
[feature_fraction: 0.8]
[feature_fraction_bynode: 1]
[feature_fraction_seed: 30056]
[extra_trees: 0]
[extra_seed: 12879]
[early_stopping_round: 0]
[early_stopping_min_delta: 0]
[first_metric_only: 0]
[max_delta_step: 0]
[lambda_l1: 0]
[lambda_l2: 1]
[linear_lambda: 0]
[min_gain_to_split: 0]
[drop_rate: 0.1]
[max_drop: 50]
[skip_drop: 0.5]
[xgboost_dart_mode: 0]
[uniform_drop: 0]
[drop_seed: 17869]
[top_rate: 0.2]
[other_rate: 0.1]
[min_data_per_group: 100]
[max_cat_threshold: 32]
[cat_l2: 10]
[cat_smooth: 10]
[max_cat_to_onehot: 4]
[top_k: 20]
[monotone_constraints: ]
[monotone_constraints_method: basic]
[monotone_penalty: 0]
[feature_contri: ]
[forcedsplits_filename: ]
[refit_decay_rate: 0.9]
[cegb_tradeoff: 1]
[cegb_penalty_split: 0]
[cegb_penalty_feature_lazy: ]
[cegb_penalty_feature_coupled: ]
[path_smooth: 0]
[interaction_constraints: ]
[verbosity: -1]
[saved_feature_importance_type: 0]
[use_quantized_grad: 0]
[num_grad_quant_bins: 4]
[quant_train_renew_leaf: 0]
[stochastic_rounding: 1]
[linear_tree: 0]
[max_bin: 255]
[max_bin_by_feature: ]
[min_data_in_bin: 3]
[bin_construct_sample_cnt: 200000]
[data_random_seed: 175]
[is_enable_sparse: 1]
[enable_bundle: 1]
[use_missing: 1]
[zero_as_missing: 0]
[feature_pre_filter: 1]
[pre_partition: 0]
[two_round: 0]
[header: 0]
[label_column: ]
[weight_column: ]
[group_column: ]
[ignore_column: ]
[categorical_feature: ]
[forcedbins_filename: ]
[precise_float_parser: 0]
[parser_config_file: ]
[objective_seed: 16083]
[num_class: 1]
[is_unbalance: 0]
[scale_pos_weight: 2.99542]
[sigmoid: 1]
[boost_from_average: 1]
[reg_sqrt: 0]
[alpha: 0.9]
[fair_c: 1]
[poisson_max_delta_step: 0.7]
[tweedie_variance_power: 1.5]
[lambdarank_truncation_level: 30]
[lambdarank_norm: 1]
[label_gain: ]
[lambdarank_position_bias_regularization: 0]
[eval_at: ]
[multi_error_top_k: 1]
[auc_mu_weights: ]
[num_machines: 1]
[local_listen_port: 12400]
[time_out: 120]
[machine_list_filename: ]
[machines: ]
[gpu_platform_id: -1]
[gpu_device_id: -1]
[gpu_use_dp: 0]
[num_gpu: 1]

end of parameters

pandas_categorical:[]
